timestamp,Frequency (Hz),SFU SNR (dB),FSW POWER(dBm),FSW SNR (dB),FSW OFFSET (Hz)
2016-12-16T09:42:28.292052,270000000,8,-45.3701858521,9.25981235504,-159936.6875
2016-12-16T09:42:35.721477,270000000,9,-45.488910675,9.93241214752,10408.6298828
2016-12-16T09:42:43.221906,270000000,10,-45.6155052185,10.6637372971,19.5044879913
2016-12-16T09:42:50.639330,270000000,11,-45.6525650024,11.4276218414,27.1207427979
2016-12-16T09:42:58.041753,270000000,12,-45.7207756042,12.257101059,43.662071228
2016-12-16T09:43:05.582185,270000000,13,-45.7320251465,13.1453371048,44.6132659912
2016-12-16T09:43:12.941606,270000000,14,-45.7426643372,14.0865020752,60.0751571655
2016-12-16T09:43:20.459036,270000000,15,-45.7695846558,15.0494976044,36.537361145
2016-12-16T09:43:27.890461,270000000,16,-45.8049201965,15.9819879532,48.9975471497
2016-12-16T09:43:35.242881,270000000,17,-45.8014183044,16.986661911,34.1441040039
2016-12-16T09:43:42.594302,270000000,18,-45.8725509644,17.9821624756,45.2590522766
2016-12-16T09:43:49.947722,270000000,19,-45.8319854736,18.978969574,47.8195838928
2016-12-16T09:43:57.514155,270000000,20,-45.8342590332,19.946855545,45.1883544922
2016-12-16T09:44:05.196594,290000000,8,-45.2723617554,9.22912693024,2695.7565918
2016-12-16T09:44:12.564016,290000000,9,-45.375377655,9.91850280762,2687.08374023
2016-12-16T09:44:20.062445,290000000,10,-45.4790649414,10.6254005432,2.1544919014
2016-12-16T09:44:27.788887,290000000,11,-45.4950332642,11.3580846786,31.9839458466
2016-12-16T09:44:35.149308,290000000,12,-45.5775604248,12.17964077,31.3128833771
2016-12-16T09:44:42.433724,290000000,13,-45.6487426758,13.0600824356,45.1976470947
2016-12-16T09:44:49.864149,290000000,14,-45.6391983032,13.9456691742,59.6012191772
2016-12-16T09:44:57.164567,290000000,15,-45.6808624268,14.9433317184,49.1840362549
2016-12-16T09:45:04.501986,290000000,16,-45.6859664917,15.871471405,58.5705680847
2016-12-16T09:45:11.965413,290000000,17,-45.7060089111,16.8164558411,50.2059860229
2016-12-16T09:45:19.348836,290000000,18,-45.7644882202,17.7475147247,46.474395752
2016-12-16T09:45:26.717257,290000000,19,-45.755065918,18.6595058441,60.6332054138
2016-12-16T09:45:34.117680,290000000,20,-45.7626991272,19.5255622864,53.4434204102
2016-12-16T09:45:41.669112,310000000,8,-45.2609214783,9.25572681427,40209.40625
2016-12-16T09:45:49.048534,310000000,9,-45.344871521,9.9514503479,4213.42773438
2016-12-16T09:45:56.420956,310000000,10,-45.4403762817,10.6424064636,37.7169418335
2016-12-16T09:46:03.895384,310000000,11,-45.4797363281,11.4306211472,48.2036857605
2016-12-16T09:46:11.296807,310000000,12,-45.5443458557,12.2689113617,74.6632461548
2016-12-16T09:46:18.696230,310000000,13,-45.5865364075,13.1359758377,47.2945480347
2016-12-16T09:46:26.023649,310000000,14,-45.6552696228,14.0409383774,47.9446029663
2016-12-16T09:46:33.307066,310000000,15,-45.6252670288,15.0154209137,53.1487312317
2016-12-16T09:46:40.738491,310000000,16,-45.6736526489,15.9977960587,53.9869384766
2016-12-16T09:46:48.197918,310000000,17,-45.6818809509,16.9635620117,43.9322090149
2016-12-16T09:46:55.526337,310000000,18,-45.7317199707,17.9743347168,61.310798645
2016-12-16T09:47:02.895758,310000000,19,-45.7274780273,18.9414577484,51.9774436951
2016-12-16T09:47:10.341184,310000000,20,-45.7939300537,19.8758525848,53.3610916138
2016-12-16T09:47:18.076627,330000000,8,-45.055480957,9.23807811737,-3383.74780273
2016-12-16T09:47:25.498051,330000000,9,-45.0625305176,9.93605232239,788.680175781
2016-12-16T09:47:32.859472,330000000,10,-45.1969108582,10.6676969528,97.1112823486
2016-12-16T09:47:40.358901,330000000,11,-45.2600860596,11.4411468506,52.1346702576
2016-12-16T09:47:48.013339,330000000,12,-45.3205108643,12.2255458832,56.0056266785
2016-12-16T09:47:55.501767,330000000,13,-45.2611160278,13.1171588898,62.548625946
2016-12-16T09:48:02.915191,330000000,14,-45.2820053101,14.0538358688,64.7379379272
2016-12-16T09:48:10.415620,330000000,15,-45.3507385254,14.9855947495,53.8519897461
2016-12-16T09:48:17.776041,330000000,16,-45.3479995728,16.0022525787,64.4867095947
2016-12-16T09:48:25.117461,330000000,17,-45.4175872803,16.9192905426,54.9365081787
2016-12-16T09:48:32.660893,330000000,18,-45.3851890564,17.9067459106,50.2742424011
2016-12-16T09:48:40.016313,330000000,19,-45.4180717468,18.8857593536,54.3642959595
2016-12-16T09:48:47.363733,330000000,20,-45.4519729614,19.857925415,53.0146026611
2016-12-16T09:48:54.903165,350000000,8,-45.5768852234,9.23503017426,84656.5546875
2016-12-16T09:49:02.308588,350000000,9,-45.7026481628,9.94198036194,-11115.5615234
2016-12-16T09:49:09.717012,350000000,10,-45.6819992065,10.719408989,-67.8512496948
2016-12-16T09:49:17.151437,350000000,11,-45.9091758728,11.4214782715,86.3006896973
2016-12-16T09:49:24.708869,350000000,12,-45.9292526245,12.2699794769,66.9425354004
2016-12-16T09:49:32.036289,350000000,13,-45.9928970337,13.1369113922,48.896194458
2016-12-16T09:49:39.419711,350000000,14,-45.9924545288,14.0692501068,56.3651161194
2016-12-16T09:49:46.766131,350000000,15,-46.0857162476,15.0516529083,60.3859863281
2016-12-16T09:49:54.154554,350000000,16,-46.0647201538,16.0224990845,62.2763061523
2016-12-16T09:50:01.507974,350000000,17,-46.1276550293,17.0116958618,62.5543556213
2016-12-16T09:50:08.783390,350000000,18,-46.1479034424,18.0015678406,64.8645019531
2016-12-16T09:50:16.139811,350000000,19,-46.1165084839,19.0186634064,62.8990936279
2016-12-16T09:50:23.618239,350000000,20,-46.1062011719,20.0157642365,58.6363449097
2016-12-16T09:50:31.210673,370000000,8,-45.5569419861,9.27231884003,-9878.890625
2016-12-16T09:50:38.653099,370000000,9,-45.5996131897,9.9041852951,-21978.9648438
2016-12-16T09:50:46.111525,370000000,10,-45.7205581665,10.6833734512,85.1631393433
2016-12-16T09:50:53.611954,370000000,11,-45.7495079041,11.4138793945,101.141082764
2016-12-16T09:51:00.941374,370000000,12,-45.8450546265,12.2551574707,61.7820396423
2016-12-16T09:51:08.388800,370000000,13,-45.8289375305,13.1549434662,69.0092697144
2016-12-16T09:51:15.825225,370000000,14,-45.9127578735,14.0761556625,59.6128234863
2016-12-16T09:51:23.226648,370000000,15,-45.915435791,15.0380115509,56.7035331726
2016-12-16T09:51:30.677074,370000000,16,-45.9507293701,16.0113315582,64.7476425171
2016-12-16T09:51:38.044496,370000000,17,-45.9805870056,16.9934177399,54.1722297668
2016-12-16T09:51:45.342913,370000000,18,-45.9587135315,17.9715766907,72.088470459
2016-12-16T09:51:52.790339,370000000,19,-45.9727973938,18.9673080444,74.8554458618
2016-12-16T09:52:00.306769,370000000,20,-46.0812301636,19.9301395416,63.5872077942
2016-12-16T09:52:07.978208,390000000,8,-45.5022087097,9.25989532471,179005.578125
2016-12-16T09:52:15.344629,390000000,9,-45.6192970276,9.94557857513,34.9113960266
2016-12-16T09:52:22.847058,390000000,10,-45.6433181763,10.6550836563,48.313873291
2016-12-16T09:52:30.229481,390000000,11,-45.7380638123,11.4096717834,65.6771774292
2016-12-16T09:52:37.494896,390000000,12,-45.8283233643,12.2396278381,44.3188400269
2016-12-16T09:52:44.918321,390000000,13,-45.8647155762,13.1313419342,62.622253418
2016-12-16T09:52:52.347746,390000000,14,-45.8680229187,14.0197868347,44.9465789795
2016-12-16T09:52:59.662164,390000000,15,-45.893409729,14.9603862762,65.1495819092
2016-12-16T09:53:07.131591,390000000,16,-45.934841156,15.9058990479,67.2798843384
2016-12-16T09:53:14.450010,390000000,17,-45.9364776611,16.8513126373,65.2267303467
2016-12-16T09:53:21.762428,390000000,18,-45.9565010071,17.8364982605,75.8554077148
2016-12-16T09:53:29.264857,390000000,19,-45.9732131958,18.7688579559,69.8582992554
2016-12-16T09:53:36.684282,390000000,20,-45.989112854,19.6993751526,64.4408035278
2016-12-16T09:53:44.281716,410000000,8,-45.5626602173,9.25866031647,-27311.4765625
2016-12-16T09:53:51.584134,410000000,9,-45.607006073,9.93388748169,8646.02636719
2016-12-16T09:53:59.037560,410000000,10,-45.7422142029,10.6482400894,54.0459213257
2016-12-16T09:54:06.384980,410000000,11,-45.7948188782,11.4124727249,41.4223632812
2016-12-16T09:54:13.923412,410000000,12,-45.8859863281,12.2148761749,41.3598327637
2016-12-16T09:54:21.299834,410000000,13,-45.8710098267,13.0863246918,42.7844352722
2016-12-16T09:54:28.652254,410000000,14,-45.9266166687,14.0003032684,72.8095016479
2016-12-16T09:54:36.103680,410000000,15,-45.9642333984,14.9761400223,66.612991333
2016-12-16T09:54:43.440100,410000000,16,-45.9888458252,15.9017925262,81.4682388306
2016-12-16T09:54:50.754518,410000000,17,-46.0095405579,16.8930778503,68.3819198608
2016-12-16T09:54:58.269948,410000000,18,-46.0397491455,17.8458557129,64.0551452637
2016-12-16T09:55:05.686372,410000000,19,-45.9899520874,18.7667617798,66.5684356689
2016-12-16T09:55:13.057794,410000000,20,-46.0426673889,19.6944084167,73.5027618408
2016-12-16T09:55:20.671229,430000000,8,-45.7684898376,9.27655506134,-11411.2392578
2016-12-16T09:55:28.043651,430000000,9,-45.8658447266,9.90381813049,-35262.5039062
2016-12-16T09:55:35.561081,430000000,10,-45.8807106018,10.6528015137,82.3113708496
2016-12-16T09:55:42.906501,430000000,11,-45.9736671448,11.420044899,103.056587219
2016-12-16T09:55:50.343927,430000000,12,-46.0230064392,12.2487812042,80.3394927979
2016-12-16T09:55:57.907359,430000000,13,-46.0603408813,13.1368780136,65.3947753906
2016-12-16T09:56:05.242779,430000000,14,-46.0918121338,14.038977623,88.9804000854
2016-12-16T09:56:12.594199,430000000,15,-46.1075515747,15.0157728195,72.6814575195
2016-12-16T09:56:20.109629,430000000,16,-46.1180419922,16.0007133484,71.164894104
2016-12-16T09:56:27.432048,430000000,17,-46.1539726257,16.9123649597,63.6041870117
2016-12-16T09:56:34.861473,430000000,18,-46.1450386047,17.8746242523,68.6330184937
2016-12-16T09:56:42.245895,430000000,19,-46.1645088196,18.7900161743,65.0527572632
2016-12-16T09:56:49.565314,430000000,20,-46.1890449524,19.8290729523,73.9081039429
2016-12-16T09:56:57.243753,450000000,8,-45.5230369568,9.23223114014,88437.9609375
2016-12-16T09:57:04.596174,450000000,9,-45.6271781921,9.92019081116,-28348.1679688
2016-12-16T09:57:11.911592,450000000,10,-45.7313575745,10.5999956131,95.552772522
2016-12-16T09:57:19.364018,450000000,11,-45.808757782,11.3742837906,134.07371521
2016-12-16T09:57:26.865447,450000000,12,-45.8309555054,12.1491794586,52.0053596497
2016-12-16T09:57:34.297872,450000000,13,-45.8714561462,13.0559558868,88.3237380981
2016-12-16T09:57:41.728297,450000000,14,-45.8931350708,13.9312915802,73.366607666
2016-12-16T09:57:49.168723,450000000,15,-45.9410171509,14.9139204025,78.9685592651
2016-12-16T09:57:56.553145,450000000,16,-45.9580802917,15.8712749481,71.4507064819
2016-12-16T09:58:04.086576,450000000,17,-45.990650177,16.791097641,69.2552490234
2016-12-16T09:58:11.501000,450000000,18,-45.9867210388,17.7051334381,71.0864562988
2016-12-16T09:58:18.815419,450000000,19,-45.9642715454,18.609544754,81.89503479
2016-12-16T09:58:26.241843,450000000,20,-46.0022926331,19.5610923767,70.6125106812
2016-12-16T09:58:34.070291,470000000,8,-45.7913017273,9.21326828003,-13044.3740234
2016-12-16T09:58:41.555719,470000000,9,-45.7735481262,9.91268634796,-1034.4440918
2016-12-16T09:58:48.941142,470000000,10,-45.8728752136,10.6013355255,98.6100616455
2016-12-16T09:58:56.354566,470000000,11,-45.9544487,11.3520927429,100.484657288
2016-12-16T09:59:03.972001,470000000,12,-45.9723892212,12.1727294922,88.2578048706
2016-12-16T09:59:11.374425,470000000,13,-46.0438232422,13.0161724091,59.2052116394
2016-12-16T09:59:18.771848,470000000,14,-46.0572814941,13.9161911011,71.4022216797
2016-12-16T09:59:26.318280,470000000,15,-46.1038742065,14.8381671906,71.2493133545
2016-12-16T09:59:33.657699,470000000,16,-46.1003379822,15.7670116425,81.2377319336
2016-12-16T09:59:41.060123,470000000,17,-46.1282157898,16.7190589905,92.5234451294
2016-12-16T09:59:48.523550,470000000,18,-46.1548576355,17.5829544067,86.4708480835
2016-12-16T09:59:55.849969,470000000,19,-46.1685905457,18.4906749725,92.9170303345
2016-12-16T10:00:03.206389,470000000,20,-46.2035980225,19.3046627045,80.6357574463
2016-12-16T10:00:10.923831,490000000,8,-45.710319519,9.23225688934,-263572.65625
2016-12-16T10:00:18.490264,490000000,9,-45.722442627,9.9273147583,7721.96240234
2016-12-16T10:00:25.846684,490000000,10,-45.8069534302,10.6590614319,90.8559036255
2016-12-16T10:00:33.393116,490000000,11,-45.8444671631,11.4242630005,99.566444397
2016-12-16T10:00:40.825541,490000000,12,-45.9096450806,12.2467727661,70.4677658081
2016-12-16T10:00:48.212964,490000000,13,-45.9834747314,13.1152524948,56.3378639221
2016-12-16T10:00:55.479379,490000000,14,-46.025642395,14.0406808853,56.6142616272
2016-12-16T10:01:02.851801,490000000,15,-46.016658783,15.0023670197,65.1273803711
2016-12-16T10:01:10.278226,490000000,16,-46.0761756897,15.9636316299,84.2167129517
2016-12-16T10:01:17.614645,490000000,17,-46.1007499695,16.9371433258,87.1600341797
2016-12-16T10:01:25.051071,490000000,18,-46.114982605,17.8607158661,86.8147659302
2016-12-16T10:01:32.451494,490000000,19,-46.0854492188,18.8741550446,90.2570953369
2016-12-16T10:01:40.001926,490000000,20,-46.1137619019,19.814239502,84.2987976074
2016-12-16T10:01:47.780371,510000000,8,-45.7452964783,9.26229572296,-80570.6640625
2016-12-16T10:01:55.195795,510000000,9,-45.8139610291,9.9218711853,-4882.21289062
2016-12-16T10:02:02.601218,510000000,10,-45.9822425842,10.6412229538,70.4260025024
2016-12-16T10:02:09.954639,510000000,11,-46.0768165588,11.3585672379,125.560913086
2016-12-16T10:02:17.517072,510000000,12,-45.9825248718,12.2625160217,82.6674041748
2016-12-16T10:02:24.884493,510000000,13,-46.027130127,13.1704883575,68.5717315674
2016-12-16T10:02:32.359921,510000000,14,-46.0957260132,14.0911273956,86.0487060547
2016-12-16T10:02:39.760344,510000000,15,-46.1477775574,15.0599050522,69.2138595581
2016-12-16T10:02:47.187769,510000000,16,-46.1209106445,16.0513954163,84.9565048218
2016-12-16T10:02:54.620194,510000000,17,-46.1550636292,17.0142631531,80.6145706177
2016-12-16T10:03:02.016617,510000000,18,-46.2364501953,18.0198059082,87.0709152222
2016-12-16T10:03:09.419040,510000000,19,-46.2051315308,19.0071258545,91.8954696655
2016-12-16T10:03:16.763460,510000000,20,-46.2248306274,20.0064582825,91.82081604
2016-12-16T10:03:24.504903,530000000,8,-45.7928543091,9.23056697845,-12670.7890625
2016-12-16T10:03:32.021333,530000000,9,-45.8904914856,9.93943786621,33944.8164062
2016-12-16T10:03:39.360753,530000000,10,-45.95885849,10.6304941177,86.3027877808
2016-12-16T10:03:46.864182,530000000,11,-45.9721565247,11.4546756744,86.7116851807
2016-12-16T10:03:54.336609,530000000,12,-46.058391571,12.2209033966,95.3444290161
2016-12-16T10:04:01.709031,530000000,13,-46.0962257385,13.1547470093,108.615989685
2016-12-16T10:04:09.138456,530000000,14,-46.1494293213,14.066576004,83.3305206299
2016-12-16T10:04:16.476876,530000000,15,-46.1292076111,15.1075220108,102.712104797
2016-12-16T10:04:23.838297,530000000,16,-46.1900520325,16.0124130249,85.6456451416
2016-12-16T10:04:31.238720,530000000,17,-46.2263031006,16.9806118011,101.122039795
2016-12-16T10:04:38.611142,530000000,18,-46.214553833,18.0090770721,87.2958831787
2016-12-16T10:04:46.064568,530000000,19,-46.2073478699,18.9950256348,90.119468689
2016-12-16T10:04:53.566997,530000000,20,-46.2380867004,19.9528331757,92.3445281982
2016-12-16T10:05:01.326441,550000000,8,-45.8735427856,9.26886940002,84257.4140625
2016-12-16T10:05:08.927876,550000000,9,-45.9158096313,9.93350887299,-21681.5390625
2016-12-16T10:05:16.411304,550000000,10,-46.0537414551,10.6478214264,126.893165588
2016-12-16T10:05:23.871730,550000000,11,-46.1579017639,11.4268503189,136.855331421
2016-12-16T10:05:31.184149,550000000,12,-46.1945800781,12.2292747498,111.209358215
2016-12-16T10:05:38.568571,550000000,13,-46.2248764038,13.1243972778,91.1187667847
2016-12-16T10:05:45.929992,550000000,14,-46.2864685059,14.0739402771,77.1273498535
2016-12-16T10:05:53.344416,550000000,15,-46.3023872375,15.0239048004,82.8081741333
2016-12-16T10:06:00.615832,550000000,16,-46.3484802246,16.0550575256,112.614562988
2016-12-16T10:06:07.914250,550000000,17,-46.34034729,17.0075817108,107.159568787
2016-12-16T10:06:15.272670,550000000,18,-46.3874778748,17.954875946,95.1452178955
2016-12-16T10:06:22.730097,550000000,19,-46.3625144958,18.9814376831,99.428276062
2016-12-16T10:06:30.071517,550000000,20,-46.3775978088,19.9582557678,90.0705566406
2016-12-16T10:06:37.682952,570000000,8,-45.7982139587,9.26296043396,127642.382812
2016-12-16T10:06:45.103377,570000000,9,-45.9054412842,9.93811798096,-8637.15722656
2016-12-16T10:06:52.603806,570000000,10,-45.9641494751,10.6176795959,98.0018692017
2016-12-16T10:06:59.934225,570000000,11,-46.0209541321,11.4141712189,113.100708008
2016-12-16T10:07:07.189640,570000000,12,-46.1254348755,12.2095432281,101.095451355
2016-12-16T10:07:14.637066,570000000,13,-46.1623878479,13.0845069885,115.915794373
2016-12-16T10:07:22.206499,570000000,14,-46.1863174438,13.9905261993,84.9241867065
2016-12-16T10:07:29.622923,570000000,15,-46.2359390259,14.9747257233,95.0843048096
2016-12-16T10:07:36.975344,570000000,16,-46.2719535828,15.9301185608,102.973213196
2016-12-16T10:07:44.436770,570000000,17,-46.2616920471,16.890089035,99.8215408325
2016-12-16T10:07:51.953200,570000000,18,-46.3164672852,17.8425254822,96.5769271851
2016-12-16T10:07:59.408627,570000000,19,-46.2672996521,18.8323802948,105.813079834
2016-12-16T10:08:06.838052,570000000,20,-46.2642669678,19.7260971069,105.82976532
2016-12-16T10:08:14.455487,590000000,8,-46.0069732666,9.25630378723,44250.015625
2016-12-16T10:08:21.993918,590000000,9,-46.0957374573,9.9601688385,-15131.6904297
2016-12-16T10:08:29.540350,590000000,10,-46.1483535767,10.6278400421,61.3057937622
2016-12-16T10:08:36.908772,590000000,11,-46.2406082153,11.4068403244,85.3572235107
2016-12-16T10:08:44.270193,590000000,12,-46.2710456848,12.2126684189,87.6514053345
2016-12-16T10:08:51.626613,590000000,13,-46.3600502014,13.0689153671,98.6619796753
2016-12-16T10:08:59.027037,590000000,14,-46.379776001,14.0090274811,98.8488922119
2016-12-16T10:09:06.386458,590000000,15,-46.4325294495,14.9661178589,87.1704177856
2016-12-16T10:09:13.792881,590000000,16,-46.4133033752,15.9359121323,117.327163696
2016-12-16T10:09:21.158302,590000000,17,-46.5091018677,16.8974952698,104.216751099
2016-12-16T10:09:28.544725,590000000,18,-46.4303741455,17.835231781,109.321372986
2016-12-16T10:09:35.987151,590000000,19,-46.4632263184,18.7860565186,95.7077636719
2016-12-16T10:09:43.343571,590000000,20,-46.45652771,19.7278213501,98.3850326538
2016-12-16T10:09:51.085014,610000000,8,-45.9248313904,9.23709487915,-69072.0703125
2016-12-16T10:09:58.664448,610000000,9,-46.0728721619,9.96031188965,2804.65112305
2016-12-16T10:10:06.245881,610000000,10,-46.0770225525,10.694981575,73.0495834351
2016-12-16T10:10:13.789313,610000000,11,-46.2035522461,11.4073286057,107.519989014
2016-12-16T10:10:21.087730,610000000,12,-46.2759399414,12.2519102097,111.403747559
2016-12-16T10:10:28.649163,610000000,13,-46.2571105957,13.1746196747,87.7636489868
2016-12-16T10:10:35.947580,610000000,14,-46.3471488953,14.0916976929,105.354782104
2016-12-16T10:10:43.487011,610000000,15,-46.3483581543,15.0314922333,99.7165145874
2016-12-16T10:10:50.790429,610000000,16,-46.3883094788,16.0320930481,104.701919556
2016-12-16T10:10:58.204853,610000000,17,-46.3862380981,16.9980449677,120.973075867
2016-12-16T10:11:05.589276,610000000,18,-46.4251670837,17.9966583252,110.06955719
2016-12-16T10:11:12.949697,610000000,19,-46.390007019,18.9610996246,108.851264954
2016-12-16T10:11:20.451126,610000000,20,-46.423412323,19.8792476654,115.972831726
2016-12-16T10:11:28.199569,630000000,8,-45.9215621948,9.24311637878,19857.7519531
2016-12-16T10:11:35.717999,630000000,9,-45.9833526611,9.97679805756,1357.39221191
2016-12-16T10:11:43.170425,630000000,10,-46.0830192566,10.638502121,136.683227539
2016-12-16T10:11:50.468843,630000000,11,-46.1695861816,11.4374656677,83.248878479
2016-12-16T10:11:57.753259,630000000,12,-46.2289924622,12.2472677231,129.070281982
2016-12-16T10:12:05.256688,630000000,13,-46.2946929932,13.1439638138,72.6296081543
2016-12-16T10:12:12.624110,630000000,14,-46.3122138977,14.0905361176,112.668693542
2016-12-16T10:12:19.970530,630000000,15,-46.3485069275,15.0339279175,110.171279907
2016-12-16T10:12:27.257947,630000000,16,-46.3836555481,15.9988441467,123.167129517
2016-12-16T10:12:34.706373,630000000,17,-46.4030570984,17.0393390656,110.543121338
2016-12-16T10:12:42.040792,630000000,18,-46.4299125671,18.0191287994,110.873184204
2016-12-16T10:12:49.500219,630000000,19,-46.4395217896,18.9962749481,103.118270874
2016-12-16T10:12:56.908643,630000000,20,-46.4293060303,20.00207901,102.733001709
2016-12-16T10:13:04.997105,650000000,8,-46.2066841125,9.22866439819,78576.046875
2016-12-16T10:13:12.497534,650000000,9,-46.2941017151,9.94565868378,20878.4960938
2016-12-16T10:13:20.260978,650000000,10,-46.3901481628,10.6163778305,90.0760955811
2016-12-16T10:13:27.613399,650000000,11,-46.4759902954,11.3762397766,55.8604736328
2016-12-16T10:13:35.126829,650000000,12,-46.4779891968,12.2082796097,130.660369873
2016-12-16T10:13:42.500250,650000000,13,-46.5425071716,13.0882797241,128.479507446
2016-12-16T10:13:49.811669,650000000,14,-46.5698890686,13.9811811447,123.215270996
2016-12-16T10:13:57.429104,650000000,15,-46.5874061584,14.9659347534,134.017532349
2016-12-16T10:14:04.902532,650000000,16,-46.6433677673,15.8964490891,137.106369019
2016-12-16T10:14:12.280954,650000000,17,-46.6379318237,16.8538646698,107.644287109
2016-12-16T10:14:19.629374,650000000,18,-46.6434936523,17.8092575073,115.806900024
2016-12-16T10:14:26.946793,650000000,19,-46.6631355286,18.7316360474,123.84928894
2016-12-16T10:14:34.313214,650000000,20,-46.7067451477,19.6604156494,112.920761108
2016-12-16T10:14:42.150662,670000000,8,-46.2284240723,9.26515960693,-66022.3125
2016-12-16T10:14:49.550085,670000000,9,-46.3183937073,9.89479255676,-11018.9980469
2016-12-16T10:14:57.034513,670000000,10,-46.3372802734,10.6488418579,106.776321411
2016-12-16T10:15:04.566944,670000000,11,-46.3706092834,11.4550485611,123.220924377
2016-12-16T10:15:11.848361,670000000,12,-46.4433746338,12.2310504913,89.9600906372
2016-12-16T10:15:19.269785,670000000,13,-46.5003395081,13.1485157013,108.542892456
2016-12-16T10:15:26.621206,670000000,14,-46.5308761597,14.0501966476,117.870620728
2016-12-16T10:15:34.107634,670000000,15,-46.5329666138,15.010892868,115.827781677
2016-12-16T10:15:41.608063,670000000,16,-46.5911483765,15.99061203,121.793121338
2016-12-16T10:15:49.037488,670000000,17,-46.5977249146,16.9872913361,116.73223877
2016-12-16T10:15:56.420910,670000000,18,-46.5975265503,18.0005664825,114.418441772
2016-12-16T10:16:03.740329,670000000,19,-46.6180381775,18.9512748718,112.194168091
2016-12-16T10:16:11.070748,670000000,20,-46.6256980896,19.926940918,118.684768677
2016-12-16T10:16:18.672183,690000000,8,-46.0918807983,9.24562263489,34702.5742188
2016-12-16T10:16:26.039604,690000000,9,-46.220085144,9.93400192261,25416.078125
2016-12-16T10:16:33.510032,690000000,10,-46.3085708618,10.6342840195,160.530822754
2016-12-16T10:16:40.886453,690000000,11,-46.4203872681,11.4118967056,107.122375488
2016-12-16T10:16:48.353881,690000000,12,-46.4109191895,12.2272949219,131.835784912
2016-12-16T10:16:55.639297,690000000,13,-46.4196128845,13.1103029251,115.877609253
2016-12-16T10:17:03.042721,690000000,14,-46.4804611206,14.0457649231,107.528915405
2016-12-16T10:17:10.418143,690000000,15,-46.4925918579,14.9811210632,129.571304321
2016-12-16T10:17:17.756562,690000000,16,-46.5277252197,15.9732322693,126.319595337
2016-12-16T10:17:25.114983,690000000,17,-46.5288352966,16.9596157074,119.494178772
2016-12-16T10:17:32.615412,690000000,18,-46.5834655762,17.9446258545,111.031677246
2016-12-16T10:17:39.991834,690000000,19,-46.5591278076,18.928478241,133.566360474
2016-12-16T10:17:47.279251,690000000,20,-46.5662460327,19.8854465485,112.803359985
2016-12-16T10:17:54.921688,710000000,8,-46.237651825,9.21118927002,113657.15625
2016-12-16T10:18:02.446118,710000000,9,-46.3112258911,9.88767433167,-1295.59924316
2016-12-16T10:18:09.822540,710000000,10,-46.4219741821,10.5604734421,85.8951568604
2016-12-16T10:18:17.218963,710000000,11,-46.481086731,11.2901992798,126.458251953
2016-12-16T10:18:24.753394,710000000,12,-46.5050430298,12.1036157608,88.263130188
2016-12-16T10:18:32.137817,710000000,13,-46.5254249573,12.9524459839,109.629699707
2016-12-16T10:18:40.324285,710000000,14,-46.6686859131,13.7176094055,125.63910675
2016-12-16T10:18:47.798712,710000000,15,-46.6121520996,14.728931427,125.203491211
2016-12-16T10:18:55.187135,710000000,16,-46.640914917,15.6676530838,116.382240295
2016-12-16T10:19:02.555556,710000000,17,-46.6701927185,16.5408573151,115.384620667
2016-12-16T10:19:10.101988,710000000,18,-46.6745529175,17.3479232788,133.101211548
2016-12-16T10:19:17.555414,710000000,19,-46.6866035461,18.2319946289,117.669075012
2016-12-16T10:19:24.935837,710000000,20,-46.6708030701,19.0455760956,116.99131012
2016-12-16T10:19:32.657278,730000000,8,-46.2747268677,9.19118022919,-84929.7109375
2016-12-16T10:19:40.073702,730000000,9,-46.3509712219,9.86333656311,22861.6855469
2016-12-16T10:19:47.488126,730000000,10,-46.3969459534,10.5989837646,107.859207153
2016-12-16T10:19:54.839547,730000000,11,-46.4684257507,11.3407249451,122.774169922
2016-12-16T10:20:02.275972,730000000,12,-46.5677909851,12.1476745605,164.600448608
2016-12-16T10:20:09.558389,730000000,13,-46.5796012878,13.0093727112,132.283752441
2016-12-16T10:20:16.974813,730000000,14,-46.6209526062,13.8994159698,122.084640503
2016-12-16T10:20:24.357235,730000000,15,-46.6643447876,14.8216171265,113.58014679
2016-12-16T10:20:31.692655,730000000,16,-46.6665802002,15.7444839478,132.689865112
2016-12-16T10:20:39.093078,730000000,17,-46.6943817139,16.6424293518,122.024864197
2016-12-16T10:20:46.439498,730000000,18,-46.7211380005,17.5584659576,127.209365845
2016-12-16T10:20:53.774918,730000000,19,-46.7572822571,18.3668479919,122.757301331
2016-12-16T10:21:01.192342,730000000,20,-46.7349052429,19.2695579529,124.480476379
2016-12-16T10:21:08.993788,970000000,8,-46.7028465271,9.24654769897,-87619.765625
2016-12-16T10:21:16.509218,970000000,9,-46.8030090332,9.88462638855,-4298.03076172
2016-12-16T10:21:24.062650,970000000,10,-46.8146400452,10.6649017334,150.707000732
2016-12-16T10:21:31.510076,970000000,11,-46.8723640442,11.414434433,141.601867676
2016-12-16T10:21:39.635541,970000000,12,-47.056022644,12.2143821716,196.738693237
2016-12-16T10:21:47.096968,970000000,13,-47.0022583008,13.1448802948,177.145492554
2016-12-16T10:21:54.512392,970000000,14,-47.0347709656,14.0563983917,148.60484314
2016-12-16T10:22:01.879813,970000000,15,-47.0631408691,14.9971017838,174.50163269
2016-12-16T10:22:09.279236,970000000,16,-47.0732498169,15.9869680405,179.40020752
2016-12-16T10:22:16.652658,970000000,17,-47.1222991943,17.0029220581,168.540603638
2016-12-16T10:22:24.014079,970000000,18,-47.1389045715,17.9482727051,161.656661987
2016-12-16T10:22:31.442504,970000000,19,-47.2017364502,18.913192749,163.242126465
2016-12-16T10:22:38.914932,970000000,20,-47.1382904053,19.8716945648,175.495925903
2016-12-16T10:22:46.484364,990000000,8,-46.6480674744,9.24741077423,115517.085938
2016-12-16T10:22:53.798783,990000000,9,-46.7110061646,9.97014808655,183.575119019
2016-12-16T10:23:01.271210,990000000,10,-46.7882499695,10.644993782,196.905715942
2016-12-16T10:23:08.767639,990000000,11,-46.8117027283,11.4261856079,146.351043701
2016-12-16T10:23:16.141061,990000000,12,-46.8696098328,12.2549686432,167.204910278
2016-12-16T10:23:23.486481,990000000,13,-46.9630355835,13.1890621185,136.270736694
2016-12-16T10:23:30.887904,990000000,14,-46.9696960449,14.0734157562,173.485473633
2016-12-16T10:23:38.269326,990000000,15,-46.9887657166,15.0393972397,164.913009644
2016-12-16T10:23:45.669750,990000000,16,-47.0362319946,16.0252037048,171.905395508
2016-12-16T10:23:53.000169,990000000,17,-47.0319328308,17.0467586517,185.792648315
2016-12-16T10:24:00.414593,990000000,18,-47.0359535217,18.0042762756,170.734069824
2016-12-16T10:24:07.883020,990000000,19,-47.0769882202,19.0085678101,177.530334473
2016-12-16T10:24:15.272443,990000000,20,-47.094543457,20.0035057068,159.189697266
2016-12-16T10:24:22.969883,1010000000,8,-46.7144927979,9.26272773743,30249.5097656
2016-12-16T10:24:30.986342,1010000000,9,-46.7720718384,9.92934131622,-3342.40942383
2016-12-16T10:24:38.402766,1010000000,10,-46.7903747559,10.676618576,215.23210144
2016-12-16T10:24:45.788188,1010000000,11,-46.8515586853,11.4197816849,163.175552368
2016-12-16T10:24:53.345621,1010000000,12,-46.9084091187,12.2418937683,206.046096802
2016-12-16T10:25:00.802047,1010000000,13,-46.9858703613,13.1566581726,179.304733276
2016-12-16T10:25:08.175469,1010000000,14,-46.9847831726,14.0939598083,171.899780273
2016-12-16T10:25:15.555891,1010000000,15,-47.0092430115,15.0217103958,177.550384521
2016-12-16T10:25:22.889310,1010000000,16,-47.0601959229,16.0304336548,179.742095947
2016-12-16T10:25:30.277733,1010000000,17,-47.0630989075,17.0031433105,173.7237854
2016-12-16T10:25:37.649155,1010000000,18,-47.1105918884,17.9959640503,167.668640137
2016-12-16T10:25:45.046578,1010000000,19,-47.1504402161,19.0095863342,167.607467651
2016-12-16T10:25:52.476003,1010000000,20,-47.0999679565,19.976896286,180.602890015
2016-12-16T10:26:00.092438,1030000000,8,-46.8246536255,9.22662353516,2476.31396484
2016-12-16T10:26:07.577866,1030000000,9,-46.9005393982,9.93035793304,-3971.95336914
2016-12-16T10:26:15.091296,1030000000,10,-46.912612915,10.6282157898,129.840621948
2016-12-16T10:26:22.461718,1030000000,11,-46.9706916809,11.3913822174,175.786407471
2016-12-16T10:26:29.765135,1030000000,12,-47.0378494263,12.2160072327,175.880569458
2016-12-16T10:26:37.180560,1030000000,13,-47.1044578552,13.1005268097,167.475814819
2016-12-16T10:26:44.526980,1030000000,14,-47.1853141785,14.010682106,197.525527954
2016-12-16T10:26:51.926403,1030000000,15,-47.1730918884,14.9150857925,177.287368774
2016-12-16T10:26:59.283824,1030000000,16,-47.1938209534,15.9149169922,189.181427002
2016-12-16T10:27:06.712249,1030000000,17,-47.1992530823,16.8348579407,183.616744995
2016-12-16T10:27:14.067669,1030000000,18,-47.2258758545,17.8105335236,176.554168701
2016-12-16T10:27:21.383088,1030000000,19,-47.2449150085,18.7238502502,181.297042847
2016-12-16T10:27:28.764510,1030000000,20,-47.2651824951,19.7047805786,175.792007446
2016-12-16T10:27:36.458950,1050000000,8,-46.8170661926,9.2101688385,14564.71875
2016-12-16T10:27:43.865374,1050000000,9,-46.9451828003,9.84434890747,-14833.0029297
2016-12-16T10:27:51.270797,1050000000,10,-46.9193267822,10.5994167328,153.795257568
2016-12-16T10:27:58.619218,1050000000,11,-47.0005912781,11.3448419571,186.853652954
2016-12-16T10:28:05.967638,1050000000,12,-47.0471572876,12.1383142471,218.05090332
2016-12-16T10:28:13.383062,1050000000,13,-47.0790786743,13.0053052902,199.126983643
2016-12-16T10:28:20.758484,1050000000,14,-47.1815795898,13.8771486282,176.265396118
2016-12-16T10:28:28.048901,1050000000,15,-47.134262085,14.8084869385,175.032669067
2016-12-16T10:28:35.533329,1050000000,16,-47.1947555542,15.7105493546,176.533538818
2016-12-16T10:28:42.861748,1050000000,17,-47.2481269836,16.6252288818,177.557693481
2016-12-16T10:28:50.120163,1050000000,18,-47.2337913513,17.5261993408,173.631378174
2016-12-16T10:28:57.371578,1050000000,19,-47.251789093,18.4022102356,180.167739868
2016-12-16T10:29:04.850006,1050000000,20,-47.2797889709,19.2382793427,177.414352417
2016-12-16T10:29:12.464441,1070000000,8,-46.73487854,9.19094753265,-212418.53125
2016-12-16T10:29:19.834863,1070000000,9,-46.8516960144,9.91313457489,23689.1132812
2016-12-16T10:29:27.277289,1070000000,10,-46.9331359863,10.5844736099,168.752029419
2016-12-16T10:29:34.638710,1070000000,11,-47.04088974,11.3181056976,189.009796143
2016-12-16T10:29:42.123138,1070000000,12,-47.0561676025,12.1346225739,169.552276611
2016-12-16T10:29:49.589565,1070000000,13,-47.0658531189,13.0132827759,202.369613647
2016-12-16T10:29:56.922984,1070000000,14,-47.1221351624,13.8935661316,174.236801147
2016-12-16T10:30:04.326408,1070000000,15,-47.1579856873,14.8308563232,200.24041748
2016-12-16T10:30:11.863839,1070000000,16,-47.1697616577,15.7493963242,187.126861572
2016-12-16T10:30:19.340266,1070000000,17,-47.1890449524,16.6703014374,180.646850586
2016-12-16T10:30:26.727689,1070000000,18,-47.2394294739,17.5833454132,181.927246094
2016-12-16T10:30:34.065109,1070000000,19,-47.2310791016,18.4680099487,174.741241455
2016-12-16T10:30:41.409529,1070000000,20,-47.2282943726,19.3052196503,185.689987183
2016-12-16T10:30:49.041965,1090000000,8,-46.7292976379,9.22243595123,53602.4765625
2016-12-16T10:30:56.479391,1090000000,9,-46.8579101562,9.8780040741,4903.14013672
2016-12-16T10:31:03.830811,1090000000,10,-46.9002952576,10.5827093124,188.53302002
2016-12-16T10:31:11.331240,1090000000,11,-46.9387512207,11.3736448288,177.431503296
2016-12-16T10:31:18.669660,1090000000,12,-46.9837989807,12.2006149292,185.061141968
2016-12-16T10:31:26.068083,1090000000,13,-47.0566940308,13.0617256165,163.868240356
2016-12-16T10:31:33.479507,1090000000,14,-47.0778312683,13.9457082748,209.645126343
2016-12-16T10:31:40.912932,1090000000,15,-47.1115264893,14.9117088318,190.871185303
2016-12-16T10:31:48.272353,1090000000,16,-47.1479530334,15.8647155762,181.688339233
2016-12-16T10:31:55.569770,1090000000,17,-47.1747360229,16.8142929077,186.316589355
2016-12-16T10:32:02.899190,1090000000,18,-47.1855049133,17.7688102722,183.554367065
2016-12-16T10:32:10.286612,1090000000,19,-47.1968727112,18.6940422058,177.5521698
2016-12-16T10:32:17.650033,1090000000,20,-47.21925354,19.5676784515,199.529006958
2016-12-16T10:32:25.284470,1110000000,8,-46.8325233459,9.24111270905,41112.4648438
2016-12-16T10:32:32.718895,1110000000,9,-46.9176559448,9.97542381287,-13805.0087891
2016-12-16T10:32:40.274327,1110000000,10,-46.9366989136,10.6484832764,172.87322998
2016-12-16T10:32:47.620748,1110000000,11,-46.9841384888,11.4305067062,166.533721924
2016-12-16T10:32:55.152178,1110000000,12,-47.0724754333,12.234331131,179.469680786
2016-12-16T10:33:02.589604,1110000000,13,-47.0861282349,13.1196308136,186.986068726
2016-12-16T10:33:09.988027,1110000000,14,-47.1396179199,14.0577812195,197.872238159
2016-12-16T10:33:17.504457,1110000000,15,-47.1928787231,15.0637378693,212.454238892
2016-12-16T10:33:24.936882,1110000000,16,-47.2305908203,16.0027427673,187.905212402
2016-12-16T10:33:32.239300,1110000000,17,-47.2704162598,16.9987983704,207.692245483
2016-12-16T10:33:39.623722,1110000000,18,-47.2507820129,17.9764060974,198.19833374
2016-12-16T10:33:46.989143,1110000000,19,-47.2612419128,18.9384098053,188.920410156
2016-12-16T10:33:54.389566,1110000000,20,-47.2685623169,19.9412155151,190.346740723
2016-12-16T10:34:02.007002,1130000000,8,-46.8199043274,9.24152755737,10146.8037109
2016-12-16T10:34:09.523432,1130000000,9,-46.9298591614,9.93384456635,13034.2070312
2016-12-16T10:34:16.882853,1130000000,10,-47.0476646423,10.6375274658,225.583740234
2016-12-16T10:34:24.383282,1130000000,11,-47.0635986328,11.4565677643,181.300888062
2016-12-16T10:34:31.793706,1130000000,12,-47.0524940491,12.2843742371,210.048614502
2016-12-16T10:34:39.283134,1130000000,13,-47.1248130798,13.137008667,195.389221191
2016-12-16T10:34:46.643555,1130000000,14,-47.1621551514,14.0838098526,194.243789673
2016-12-16T10:34:54.097982,1130000000,15,-47.2241744995,15.0079154968,191.298141479
2016-12-16T10:35:01.411400,1130000000,16,-47.2693443298,16.0010433197,202.013534546
2016-12-16T10:35:08.841825,1130000000,17,-47.2804832458,16.9940567017,196.063842773
2016-12-16T10:35:16.098240,1130000000,18,-47.2207069397,17.9958381653,193.273239136
2016-12-16T10:35:23.458661,1130000000,19,-47.2717704773,18.9744472504,191.136566162
2016-12-16T10:35:30.843083,1130000000,20,-47.2832450867,19.9685897827,204.108825684
2016-12-16T10:35:38.584526,1150000000,8,-46.9127540588,9.26995182037,-48520.9804688
2016-12-16T10:35:46.061954,1150000000,9,-47.0000190735,9.92314147949,-11645.5498047
2016-12-16T10:35:53.345370,1150000000,10,-47.1088256836,10.6363601685,149.983566284
2016-12-16T10:36:00.749794,1150000000,11,-47.1915359497,11.4292411804,166.107315063
2016-12-16T10:36:08.300226,1150000000,12,-47.251739502,12.2467536926,188.537597656
2016-12-16T10:36:15.689648,1150000000,13,-47.2910118103,13.1243286133,196.04989624
2016-12-16T10:36:23.032068,1150000000,14,-47.3469085693,14.0477275848,210.649993896
2016-12-16T10:36:30.447492,1150000000,15,-47.3868865967,14.9926137924,193.734085083
2016-12-16T10:36:37.835915,1150000000,16,-47.4095840454,15.961391449,213.394119263
2016-12-16T10:36:45.292342,1150000000,17,-47.4118041992,16.9513454437,198.853240967
2016-12-16T10:36:52.752768,1150000000,18,-47.4302330017,17.9244270325,191.034622192
2016-12-16T10:37:00.090188,1150000000,19,-47.4293479919,18.9069519043,196.369628906
2016-12-16T10:37:07.519613,1150000000,20,-47.4496269226,19.8489360809,213.373703003
2016-12-16T10:37:15.137049,1170000000,8,-46.9185256958,9.20564842224,-90151.2265625
2016-12-16T10:37:22.623477,1170000000,9,-46.9831733704,9.90225601196,41845.2695312
2016-12-16T10:37:29.966897,1170000000,10,-47.0939826965,10.5946292877,129.654266357
2016-12-16T10:37:37.352319,1170000000,11,-47.1423377991,11.3962059021,206.484176636
2016-12-16T10:37:44.655737,1170000000,12,-47.2463684082,12.2292156219,146.323059082
2016-12-16T10:37:52.094162,1170000000,13,-47.2894210815,13.0622711182,202.428573608
2016-12-16T10:37:59.453583,1170000000,14,-47.3157157898,13.9481449127,199.358581543
2016-12-16T10:38:06.898009,1170000000,15,-47.3250999451,14.8782844543,201.551940918
2016-12-16T10:38:14.397438,1170000000,16,-47.3648757935,15.840795517,201.862670898
2016-12-16T10:38:21.823863,1170000000,17,-47.4123268127,16.7760105133,200.108932495
2016-12-16T10:38:29.257288,1170000000,18,-47.4072799683,17.7126064301,219.705032349
2016-12-16T10:38:36.610709,1170000000,19,-47.4195976257,18.6412315369,199.900817871
2016-12-16T10:38:44.001131,1170000000,20,-47.4317817688,19.5423870087,206.753173828
2016-12-16T10:38:51.698572,1190000000,8,-46.9926300049,9.2459602356,-89101.9609375
2016-12-16T10:38:59.010990,1190000000,9,-47.1500282288,9.94594669342,-82503.140625
2016-12-16T10:39:06.510419,1190000000,10,-47.1807479858,10.6189613342,233.083297729
2016-12-16T10:39:14.097853,1190000000,11,-47.2239723206,11.407081604,183.58203125
2016-12-16T10:39:21.374269,1190000000,12,-47.2894897461,12.2023220062,196.02015686
2016-12-16T10:39:28.661686,1190000000,13,-47.3278465271,13.081864357,226.527832031
2016-12-16T10:39:36.147114,1190000000,14,-47.3711662292,13.9711952209,230.314239502
2016-12-16T10:39:43.461532,1190000000,15,-47.4246292114,14.9599466324,224.817520142
2016-12-16T10:39:50.845955,1190000000,16,-47.4486961365,15.8932037354,206.022277832
2016-12-16T10:39:58.187375,1190000000,17,-47.4624900818,16.8838672638,194.202865601
2016-12-16T10:40:05.531795,1190000000,18,-47.4705467224,17.8391094208,202.080581665
2016-12-16T10:40:12.916217,1190000000,19,-47.4772071838,18.7939739227,208.11907959
2016-12-16T10:40:20.399645,1190000000,20,-47.4931793213,19.7081069946,208.832885742
2016-12-16T10:40:28.119087,1210000000,8,-47.111000061,9.25128364563,-199410.90625
2016-12-16T10:40:35.636516,1210000000,9,-47.2238349915,9.93768024445,181.167602539
2016-12-16T10:40:43.134945,1210000000,10,-47.2543029785,10.6799240112,220.023590088
2016-12-16T10:40:50.465365,1210000000,11,-47.3587646484,11.4526185989,190.802246094
2016-12-16T10:40:57.791784,1210000000,12,-47.4155006409,12.2563076019,235.016769409
2016-12-16T10:41:05.270211,1210000000,13,-47.4845581055,13.1631069183,209.997940063
2016-12-16T10:41:12.654634,1210000000,14,-47.5262031555,14.053940773,203.877639771
2016-12-16T10:41:20.154063,1210000000,15,-47.5556945801,15.0172748566,201.641952515
2016-12-16T10:41:27.523484,1210000000,16,-47.5682754517,15.9827327728,213.78717041
2016-12-16T10:41:34.969910,1210000000,17,-47.5952224731,16.9701347351,216.013183594
2016-12-16T10:41:42.453338,1210000000,18,-47.6071510315,17.9298419952,232.256958008
2016-12-16T10:41:49.853761,1210000000,19,-47.6146850586,18.9473571777,205.71244812
2016-12-16T10:41:57.255185,1210000000,20,-47.6155319214,19.9220104218,213.046096802
2016-12-16T10:42:04.998628,1230000000,8,-46.9480628967,9.23398303986,91744.3984375
2016-12-16T10:42:12.423052,1230000000,9,-47.0496177673,9.91221618652,195.14642334
2016-12-16T10:42:19.823476,1230000000,10,-47.1229705811,10.6383123398,276.040344238
2016-12-16T10:42:27.243900,1230000000,11,-47.1936683655,11.4333686829,156.675292969
2016-12-16T10:42:34.627322,1230000000,12,-47.2526779175,12.235294342,237.935974121
2016-12-16T10:42:41.957742,1230000000,13,-47.3250656128,13.1343822479,214.566085815
2016-12-16T10:42:49.341164,1230000000,14,-47.3605308533,14.0924472809,240.861618042
2016-12-16T10:42:56.762588,1230000000,15,-47.3869895935,15.0161180496,225.065139771
2016-12-16T10:43:04.177013,1230000000,16,-47.4268608093,16.0120201111,206.487258911
2016-12-16T10:43:11.508432,1230000000,17,-47.4440498352,17.0057106018,208.850982666
2016-12-16T10:43:18.875853,1230000000,18,-47.4623794556,17.9775295258,213.787246704
2016-12-16T10:43:26.316279,1230000000,19,-47.4875602722,18.9769477844,196.182159424
2016-12-16T10:43:33.662699,1230000000,20,-47.5134239197,19.94257164,223.396453857
2016-12-16T10:43:41.264134,1250000000,8,-47.1278495789,9.2522726059,26502.5097656
2016-12-16T10:43:48.647556,1250000000,9,-47.2411766052,9.91167449951,-12094.2841797
2016-12-16T10:43:56.149985,1250000000,10,-47.3479614258,10.6438026428,254.860870361
2016-12-16T10:44:03.507406,1250000000,11,-47.4135246277,11.4225625992,252.024459839
2016-12-16T10:44:10.915830,1250000000,12,-47.4883918762,12.2680959702,252.586639404
2016-12-16T10:44:18.351255,1250000000,13,-47.534324646,13.1076898575,189.505599976
2016-12-16T10:44:25.719676,1250000000,14,-47.5875549316,14.0658683777,217.261047363
2016-12-16T10:44:33.049096,1250000000,15,-47.6014976501,15.0057239532,217.621963501
2016-12-16T10:44:40.582527,1250000000,16,-47.6436920166,15.9918727875,211.248687744
2016-12-16T10:44:47.917946,1250000000,17,-47.6715545654,16.980255127,205.936691284
2016-12-16T10:44:55.449377,1250000000,18,-47.6717453003,17.9677314758,232.846664429
2016-12-16T10:45:02.823799,1250000000,19,-47.7088241577,18.9716434479,215.048339844
2016-12-16T10:45:10.174219,1250000000,20,-47.7123374939,19.925863266,219.221969604
2016-12-16T10:45:17.829657,1270000000,8,-47.2463226318,9.15551567078,-74510.671875
2016-12-16T10:45:25.331086,1270000000,9,-47.297088623,9.9017868042,5555.88232422
2016-12-16T10:45:32.769512,1270000000,10,-47.3257904053,10.6249723434,247.016647339
2016-12-16T10:45:40.083930,1270000000,11,-47.3717536926,11.4038295746,165.324890137
2016-12-16T10:45:47.560358,1270000000,12,-47.4477043152,12.2120132446,248.691101074
2016-12-16T10:45:54.890777,1270000000,13,-47.5110816956,13.094534874,220.488632202
2016-12-16T10:46:02.256198,1270000000,14,-47.5346374512,14.0070171356,232.098190308
2016-12-16T10:46:09.640620,1270000000,15,-47.5657310486,14.9669208527,231.989578247
2016-12-16T10:46:16.986041,1270000000,16,-47.6055335999,15.9113826752,213.630889893
2016-12-16T10:46:24.327460,1270000000,17,-47.6378173828,16.8433933258,211.86126709
2016-12-16T10:46:31.639879,1270000000,18,-47.6619644165,17.8084411621,222.413757324
2016-12-16T10:46:38.979299,1270000000,19,-47.6499938965,18.7597446442,221.089447021
2016-12-16T10:46:46.243714,1270000000,20,-47.6659240723,19.6530857086,221.010437012
2016-12-16T10:46:53.887151,1290000000,8,-47.0917243958,9.26430416107,10628.9609375
2016-12-16T10:47:01.330577,1290000000,9,-47.1614227295,9.93059825897,-30754.0917969
2016-12-16T10:47:08.893009,1290000000,10,-47.1814537048,10.6570444107,211.514526367
2016-12-16T10:47:16.393438,1290000000,11,-47.2924575806,11.4213657379,261.598815918
2016-12-16T10:47:24.505902,1290000000,12,-47.4747772217,12.1756267548,170.026977539
2016-12-16T10:47:31.977330,1290000000,13,-47.392124176,13.1180438995,215.828872681
2016-12-16T10:47:39.363752,1290000000,14,-47.4226722717,14.0278234482,228.479721069
2016-12-16T10:47:46.794177,1290000000,15,-47.458732605,14.9965801239,218.634841919
2016-12-16T10:47:54.146598,1290000000,16,-47.4958877563,15.9499721527,208.105529785
2016-12-16T10:48:01.647027,1290000000,17,-47.4968795776,16.9284706116,227.759597778
2016-12-16T10:48:08.961445,1290000000,18,-47.5298461914,17.8812446594,215.524505615
2016-12-16T10:48:16.364869,1290000000,19,-47.5224647522,18.8018436432,229.243057251
2016-12-16T10:48:23.749291,1290000000,20,-47.5191268921,19.7823791504,231.607650757
2016-12-16T10:48:31.478733,1310000000,8,-47.2078819275,9.25964546204,-108516.804688
2016-12-16T10:48:38.910158,1310000000,9,-47.3444709778,9.89128875732,14820.1044922
2016-12-16T10:48:46.366585,1310000000,10,-47.3629837036,10.6600227356,247.134063721
2016-12-16T10:48:53.783009,1310000000,11,-47.4549980164,11.3890151978,235.880996704
2016-12-16T10:49:01.298439,1310000000,12,-47.4923782349,12.210483551,216.52973938
2016-12-16T10:49:08.738864,1310000000,13,-47.5577964783,13.1099462509,219.067138672
2016-12-16T10:49:16.050282,1310000000,14,-47.5656280518,14.0109939575,231.408599854
2016-12-16T10:49:23.497708,1310000000,15,-47.6259918213,14.9655637741,218.25692749
2016-12-16T10:49:30.827128,1310000000,16,-47.648639679,15.9413003922,217.449981689
2016-12-16T10:49:38.271553,1310000000,17,-47.6581687927,16.8793849945,239.360473633
2016-12-16T10:49:45.686978,1310000000,18,-47.7086601257,17.8439235687,220.780517578
2016-12-16T10:49:52.989395,1310000000,19,-47.6999435425,18.7936897278,218.850479126
2016-12-16T10:50:00.256811,1310000000,20,-47.7142562866,19.7282485962,231.126556396
2016-12-16T10:50:07.954251,1330000000,8,-47.3034667969,9.25412559509,-7816.31835938
2016-12-16T10:50:15.470681,1330000000,9,-47.3367652893,9.95143032074,-4463.72167969
2016-12-16T10:50:23.157121,1330000000,10,-47.4232254028,10.6223201752,213.392349243
2016-12-16T10:50:30.642549,1330000000,11,-47.5330505371,11.4164533615,211.72517395
2016-12-16T10:50:37.971968,1330000000,12,-47.5842628479,12.2260322571,245.9637146
2016-12-16T10:50:45.275386,1330000000,13,-47.6278266907,13.1383275986,202.417510986
2016-12-16T10:50:52.658808,1330000000,14,-47.6669311523,14.045211792,214.99887085
2016-12-16T10:50:59.941225,1330000000,15,-47.673828125,14.9761161804,231.187973022
2016-12-16T10:51:07.261643,1330000000,16,-47.7610359192,15.9469184875,231.91078186
2016-12-16T10:51:14.693068,1330000000,17,-47.7835845947,16.9583911896,238.132064819
2016-12-16T10:51:22.092492,1330000000,18,-47.7520713806,17.9101314545,211.211837769
2016-12-16T10:51:29.534917,1330000000,19,-47.7958869934,18.8734455109,231.315917969
2016-12-16T10:51:36.859336,1330000000,20,-47.8026046753,19.7966175079,235.643066406
2016-12-16T10:51:44.536775,1350000000,8,-47.3572921753,9.19832134247,108425.109375
2016-12-16T10:51:51.961200,1350000000,9,-47.4281082153,9.86446285248,22965.84375
2016-12-16T10:51:59.349623,1350000000,10,-47.3986816406,10.6030712128,219.845397949
2016-12-16T10:52:06.735045,1350000000,11,-47.4991798401,11.4108886719,213.79335022
2016-12-16T10:52:14.111467,1350000000,12,-47.558467865,12.2393274307,213.609359741
2016-12-16T10:52:21.439886,1350000000,13,-47.597568512,13.1302537918,237.548065186
2016-12-16T10:52:28.799307,1350000000,14,-47.6279182434,14.047451973,226.714630127
2016-12-16T10:52:36.064723,1350000000,15,-47.6461715698,15.0395822525,245.084274292
2016-12-16T10:52:43.449145,1350000000,16,-47.697265625,16.0119171143,244.092605591
2016-12-16T10:52:50.897571,1350000000,17,-47.7117652893,16.995475769,230.177322388
2016-12-16T10:52:58.179988,1350000000,18,-47.7538223267,18.0065898895,251.75680542
2016-12-16T10:53:05.553409,1350000000,19,-47.7560119629,18.9330062866,233.926361084
2016-12-16T10:53:12.946832,1350000000,20,-47.7560997009,19.9253978729,239.196853638
2016-12-16T10:53:20.572268,1370000000,8,-47.2655143738,9.25202941895,-61281.9414062
2016-12-16T10:53:27.904688,1370000000,9,-47.3665885925,9.87193202972,-1192.42260742
2016-12-16T10:53:35.372115,1370000000,10,-47.4782676697,10.6394176483,223.508010864
2016-12-16T10:53:42.845542,1370000000,11,-47.5025749207,11.4224891663,265.178344727
2016-12-16T10:53:50.275967,1370000000,12,-47.5722045898,12.2616500854,226.112747192
2016-12-16T10:53:57.559384,1370000000,13,-47.6067962646,13.1334533691,273.655426025
2016-12-16T10:54:05.052812,1370000000,14,-47.6759376526,14.0445146561,239.061218262
2016-12-16T10:54:12.322228,1370000000,15,-47.6267356873,15.012462616,235.997055054
2016-12-16T10:54:19.843658,1370000000,16,-47.7142677307,15.9907255173,244.605285645
2016-12-16T10:54:27.173078,1370000000,17,-47.7214508057,16.9518642426,244.786880493
2016-12-16T10:54:34.535499,1370000000,18,-47.7365074158,17.9266490936,227.557815552
2016-12-16T10:54:41.902920,1370000000,19,-47.7553405762,18.877910614,234.883789062
2016-12-16T10:54:49.205338,1370000000,20,-47.7705841064,19.8752441406,235.207763672
2016-12-16T10:54:56.973782,1390000000,8,-47.351978302,9.23321342468,20115.71875
2016-12-16T10:55:04.550216,1390000000,9,-47.3514976501,9.96294784546,19995.5800781
2016-12-16T10:55:12.005642,1390000000,10,-47.46251297,10.6719503403,252.857894897
2016-12-16T10:55:19.378064,1390000000,11,-47.536277771,11.4384975433,217.674957275
2016-12-16T10:55:26.647479,1390000000,12,-47.5927047729,12.2383956909,257.287536621
2016-12-16T10:55:33.956897,1390000000,13,-47.6507453918,13.1576118469,243.949035645
2016-12-16T10:55:41.294317,1390000000,14,-47.7118339539,14.077205658,233.986587524
2016-12-16T10:55:48.763744,1390000000,15,-47.6965713501,15.031293869,235.833007812
2016-12-16T10:55:56.249173,1390000000,16,-47.76171875,16.0452575684,227.972167969
2016-12-16T10:56:03.648596,1390000000,17,-47.759552002,17.0182228088,246.869827271
2016-12-16T10:56:10.954014,1390000000,18,-47.7771186829,18.035949707,236.60710144
2016-12-16T10:56:18.398439,1390000000,19,-47.7897148132,19.000951767,245.698318481
2016-12-16T10:56:25.680856,1390000000,20,-47.8135223389,19.9804992676,255.642578125
2016-12-16T10:56:33.298292,1410000000,8,-47.40467453,9.22012138367,80514.5703125
2016-12-16T10:56:40.679714,1410000000,9,-47.5023803711,9.925116539,-13816.2900391
2016-12-16T10:56:48.252147,1410000000,10,-47.5005264282,10.6409091949,250.694320679
2016-12-16T10:56:55.597567,1410000000,11,-47.5714569092,11.4303703308,219.652923584
2016-12-16T10:57:02.960988,1410000000,12,-47.6381797791,12.2499027252,216.089096069
2016-12-16T10:57:10.583424,1410000000,13,-47.6774215698,13.1255435944,245.173538208
2016-12-16T10:57:17.965846,1410000000,14,-47.7170066833,14.0387048721,222.704406738
2016-12-16T10:57:25.283265,1410000000,15,-47.7467079163,15.0049095154,250.131729126
2016-12-16T10:57:32.617684,1410000000,16,-47.7779312134,15.9632930756,233.416809082
2016-12-16T10:57:39.968105,1410000000,17,-47.8155136108,16.9719638824,260.481201172
2016-12-16T10:57:47.318525,1410000000,18,-47.8290672302,17.9034729004,252.257003784
2016-12-16T10:57:54.702948,1410000000,19,-47.8196144104,18.8865585327,245.301269531
2016-12-16T10:58:02.070369,1410000000,20,-47.8381690979,19.8553638458,244.214523315
2016-12-16T10:58:09.757809,1430000000,8,-47.4209136963,9.20413208008,-5266.92724609
2016-12-16T10:58:17.235236,1430000000,9,-47.298412323,9.91792106628,-21001.453125
2016-12-16T10:58:24.587657,1430000000,10,-47.3747138977,10.647102356,242.880813599
2016-12-16T10:58:31.871074,1430000000,11,-47.4591178894,11.4168453217,254.136688232
2016-12-16T10:58:39.289498,1430000000,12,-47.5073242188,12.2527866364,266.602142334
2016-12-16T10:58:46.656919,1430000000,13,-47.574306488,13.1357145309,236.346969604
2016-12-16T10:58:53.965337,1430000000,14,-47.6531295776,14.069018364,230.612228394
2016-12-16T10:59:01.424764,1430000000,15,-47.6379508972,15.0120153427,238.916809082
2016-12-16T10:59:08.921024,1430000000,16,-47.690032959,15.9928598404,245.608978271
2016-12-16T10:59:16.284633,1430000000,17,-47.7375984192,16.9635353088,243.688644409
2016-12-16T10:59:23.674643,1430000000,18,-47.7351570129,17.9740371704,242.973937988
2016-12-16T10:59:30.974654,1430000000,19,-47.7300415039,18.9298477173,251.858169556
2016-12-16T10:59:38.285665,1430000000,20,-47.7585678101,19.9090251923,247.745941162
2016-12-16T10:59:45.988676,1450000000,8,-47.3790397644,9.2982378006,28004.3515625
2016-12-16T10:59:53.275687,1450000000,9,-47.4872436523,9.90134429932,-12256.4804688
2016-12-16T11:00:00.788698,1450000000,10,-47.4898147583,10.6379299164,147.533981323
2016-12-16T11:00:08.271709,1450000000,11,-47.5456848145,11.440908432,245.023529053
2016-12-16T11:00:15.611719,1450000000,12,-47.5675544739,12.2703075409,290.447692871
2016-12-16T11:00:22.976730,1450000000,13,-47.627407074,13.1325616837,246.298797607
2016-12-16T11:00:30.473741,1450000000,14,-47.6774635315,14.0952014923,258.82598877
2016-12-16T11:00:37.823751,1450000000,15,-47.7045249939,15.0580005646,259.262756348
2016-12-16T11:00:45.243762,1450000000,16,-47.7461433411,16.0564727783,264.612457275
2016-12-16T11:00:52.577773,1450000000,17,-47.7744789124,17.0234889984,238.599319458
2016-12-16T11:01:00.007783,1450000000,18,-47.7824516296,18.0173892975,245.51171875
2016-12-16T11:01:07.294794,1450000000,19,-47.7778015137,19.0000896454,249.336364746
2016-12-16T11:01:14.594805,1450000000,20,-47.7940368652,19.99741745,248.2837677
2016-12-16T11:01:22.328816,1470000000,8,-47.3913192749,9.25662136078,42942.8398438
2016-12-16T11:01:30.276828,1470000000,9,-47.473197937,9.95910549164,3646.99853516
2016-12-16T11:01:37.796838,1470000000,10,-47.4097137451,10.6542882919,299.151367188
2016-12-16T11:01:45.046848,1470000000,11,-47.4706573486,11.4287776947,223.708511353
2016-12-16T11:01:52.469860,1470000000,12,-47.5544929504,12.2296419144,260.359161377
2016-12-16T11:01:59.869870,1470000000,13,-47.5701942444,13.1552362442,270.798339844
2016-12-16T11:02:07.184880,1470000000,14,-47.6346588135,14.0884313583,246.566802979
2016-12-16T11:02:14.514891,1470000000,15,-47.6589622498,15.0455303192,253.134384155
2016-12-16T11:02:21.940902,1470000000,16,-47.7214279175,16.0528316498,250.967987061
2016-12-16T11:02:29.435969,1470000000,17,-47.7360610962,17.0222148895,269.455230713
2016-12-16T11:02:36.713196,1470000000,18,-47.732006073,18.0375823975,252.388671875
2016-12-16T11:02:44.018444,1470000000,19,-47.7748794556,18.993019104,249.401245117
2016-12-16T11:02:51.416554,1470000000,20,-47.767364502,19.9994487762,268.660705566
2016-12-16T11:02:59.084630,1490000000,8,-47.3258934021,9.24517536163,38185.78125
2016-12-16T11:03:06.584734,1490000000,9,-47.413734436,9.93225860596,26474.8164062
2016-12-16T11:03:13.978746,1490000000,10,-47.5395240784,10.5806846619,236.533218384
2016-12-16T11:03:21.433869,1490000000,11,-47.5408554077,11.4107894897,298.480255127
2016-12-16T11:03:28.856058,1490000000,12,-47.6070899963,12.2120714188,298.679229736
2016-12-16T11:03:36.336197,1490000000,13,-47.6125335693,13.0911331177,221.566329956
2016-12-16T11:03:43.720313,1490000000,14,-47.6656112671,14.0258512497,261.626708984
2016-12-16T11:03:51.036325,1490000000,15,-47.720199585,15.0330715179,271.43170166
2016-12-16T11:03:58.378336,1490000000,16,-47.739566803,15.9724750519,264.833129883
2016-12-16T11:04:05.704349,1490000000,17,-47.7547149658,16.9135971069,239.279037476
2016-12-16T11:04:13.141360,1490000000,18,-47.7593231201,17.9277572632,255.596054077
2016-12-16T11:04:20.460371,1490000000,19,-47.7786216736,18.891998291,255.798477173
2016-12-16T11:04:27.840383,1490000000,20,-47.7878036499,19.8128509521,264.61819458
2016-12-16T11:04:35.489395,1510000000,8,-47.5074577332,9.20837879181,-30915.1777344
2016-12-16T11:04:42.852406,1510000000,9,-47.6393470764,9.87658214569,15061.8037109
2016-12-16T11:04:50.220417,1510000000,10,-47.720161438,10.5828905106,211.245651245
2016-12-16T11:04:57.681431,1510000000,11,-47.6708488464,11.3529119492,252.29888916
2016-12-16T11:05:05.082442,1510000000,12,-47.7256813049,12.2229423523,236.788131714
2016-12-16T11:05:12.445453,1510000000,13,-47.7795639038,13.0797567368,265.543518066
2016-12-16T11:05:19.806464,1510000000,14,-47.835811615,13.985203743,254.737609863
2016-12-16T11:05:27.286476,1510000000,15,-47.8507423401,14.9385471344,273.782196045
2016-12-16T11:05:34.615488,1510000000,16,-47.8934631348,15.9334220886,249.478866577
2016-12-16T11:05:41.997499,1510000000,17,-47.9445037842,16.8631095886,258.171691895
2016-12-16T11:05:49.379510,1510000000,18,-47.9294776917,17.7924098969,258.68258667
2016-12-16T11:05:56.847522,1510000000,19,-47.9269752502,18.7317886353,263.041564941
2016-12-16T11:06:04.228533,1510000000,20,-47.9478187561,19.61627388,268.199127197
2016-12-16T11:06:11.826545,1530000000,8,-47.6354789734,9.22466659546,49491.4960938
2016-12-16T11:06:19.399556,1530000000,9,-47.6810035706,9.95255374908,-9420.76269531
2016-12-16T11:06:26.926568,1530000000,10,-47.7718048096,10.65376091,232.175476074
2016-12-16T11:06:34.227579,1530000000,11,-47.8387413025,11.4496269226,285.358581543
2016-12-16T11:06:41.588591,1530000000,12,-47.8731575012,12.2886505127,248.126205444
2016-12-16T11:06:48.897602,1530000000,13,-47.9338722229,13.1675319672,269.3465271
2016-12-16T11:06:56.285614,1530000000,14,-47.9899597168,14.0713539124,256.991729736
2016-12-16T11:07:03.703625,1530000000,15,-48.0295562744,15.0274171829,275.865142822
2016-12-16T11:07:11.202638,1530000000,16,-48.0499458313,16.016040802,263.866577148
2016-12-16T11:07:18.533649,1530000000,17,-48.054069519,17.0165710449,253.600723267
2016-12-16T11:07:25.953660,1530000000,18,-48.0851249695,18.0021190643,273.815063477
2016-12-16T11:07:33.285671,1530000000,19,-48.1337661743,18.9754085541,259.603942871
2016-12-16T11:07:40.562683,1530000000,20,-48.1010513306,19.9682388306,269.419403076
2016-12-16T11:07:48.389694,1550000000,8,-47.5297317505,9.24588775635,-89885.5078125
2016-12-16T11:07:55.857706,1550000000,9,-47.5812492371,9.90739440918,-11214.4033203
2016-12-16T11:08:03.333717,1550000000,10,-47.5427818298,10.6557731628,242.5287323
2016-12-16T11:08:10.689728,1550000000,11,-47.6288414001,11.4129600525,289.467529297
2016-12-16T11:08:18.099739,1550000000,12,-47.6757125854,12.2565793991,262.755584717
2016-12-16T11:08:25.470750,1550000000,13,-47.748966217,13.126996994,274.247039795
2016-12-16T11:08:32.980762,1550000000,14,-47.8058319092,14.0934886932,271.091949463
2016-12-16T11:08:40.241772,1550000000,15,-47.8095970154,15.0454473495,255.522354126
2016-12-16T11:08:47.710783,1550000000,16,-47.8556365967,15.9961147308,263.274780273
2016-12-16T11:08:55.109794,1550000000,17,-47.8633079529,17.0143527985,273.479431152
2016-12-16T11:09:02.460806,1550000000,18,-47.9027023315,17.9766731262,264.107543945
2016-12-16T11:09:09.760817,1550000000,19,-47.8870391846,18.9593544006,258.934387207
2016-12-16T11:09:17.171828,1550000000,20,-47.9004974365,19.9495811462,256.471740723
2016-12-16T11:09:24.760839,1570000000,8,-47.6123695374,9.21108627319,61820.5039062
2016-12-16T11:09:32.221851,1570000000,9,-47.7115821838,9.91535949707,-21197.8398438
2016-12-16T11:09:39.802863,1570000000,10,-47.6850585938,10.6358060837,293.958068848
2016-12-16T11:09:47.112873,1570000000,11,-47.8036880493,11.4280118942,308.617431641
2016-12-16T11:09:54.513884,1570000000,12,-47.8515129089,12.269487381,232.869003296
2016-12-16T11:10:01.858896,1570000000,13,-47.8988723755,13.1593980789,270.733459473
2016-12-16T11:10:09.242907,1570000000,14,-47.9357795715,14.0916481018,284.946929932
2016-12-16T11:10:16.653918,1570000000,15,-47.9702987671,15.0441493988,265.577514648
2016-12-16T11:10:23.960929,1570000000,16,-47.9887809753,16.0357952118,268.907104492
2016-12-16T11:10:31.319940,1570000000,17,-48.009475708,17.0435256958,279.435943604
2016-12-16T11:10:38.730952,1570000000,18,-48.0365104675,18.0136089325,269.552337646
2016-12-16T11:10:46.150963,1570000000,19,-48.0291824341,18.9650764465,272.503143311
2016-12-16T11:10:53.530974,1570000000,20,-48.0310516357,19.9994926453,268.252807617
2016-12-16T11:11:01.212985,1590000000,8,-47.6803817749,9.26541233063,-41004.1015625
2016-12-16T11:11:08.616998,1590000000,9,-47.6841621399,9.93222236633,355.451843262
2016-12-16T11:11:16.016009,1590000000,10,-47.8014450073,10.6429615021,304.956542969
2016-12-16T11:11:23.405019,1590000000,11,-47.8828163147,11.4177856445,257.952148438
2016-12-16T11:11:30.811030,1590000000,12,-47.9511947632,12.2328548431,273.048126221
2016-12-16T11:11:38.202042,1590000000,13,-48.0093955994,13.1303014755,269.006103516
2016-12-16T11:11:45.482054,1590000000,14,-48.0520362854,14.0686693192,290.239318848
2016-12-16T11:11:53.053065,1590000000,15,-48.0893745422,15.0282430649,284.575775146
2016-12-16T11:12:00.322075,1590000000,16,-48.1073493958,15.9900560379,268.588378906
2016-12-16T11:12:07.672088,1590000000,17,-48.1269760132,16.9892864227,286.283294678
2016-12-16T11:12:15.112099,1590000000,18,-48.1431045532,17.9485435486,272.369750977
2016-12-16T11:12:22.459110,1590000000,19,-48.1421508789,18.9579410553,292.321380615
2016-12-16T11:12:29.827121,1590000000,20,-48.1930923462,19.909406662,279.322814941
2016-12-16T11:12:37.455133,1610000000,8,-47.6717300415,9.24823856354,92415.5234375
2016-12-16T11:12:44.969144,1610000000,9,-47.6895217896,9.98357868195,-844.717102051
2016-12-16T11:12:52.306155,1610000000,10,-47.7901306152,10.6484327316,284.207458496
2016-12-16T11:12:59.689165,1610000000,11,-47.8620605469,11.3974227905,309.811981201
2016-12-16T11:13:07.015266,1610000000,12,-47.9442672729,12.2504415512,297.9609375
2016-12-16T11:13:14.412420,1610000000,13,-47.9665718079,13.1070346832,260.437194824
2016-12-16T11:13:21.817681,1610000000,14,-48.043888092,14.0317897797,267.279296875
2016-12-16T11:13:29.178102,1610000000,15,-48.0321350098,15.0057296753,277.173583984
2016-12-16T11:13:36.526522,1610000000,16,-48.0700263977,15.9458942413,273.298736572
2016-12-16T11:13:43.949947,1610000000,17,-48.1258735657,16.9150390625,280.006530762
2016-12-16T11:13:51.381372,1610000000,18,-48.1075057983,17.8882484436,270.301544189
2016-12-16T11:13:58.628786,1610000000,19,-48.1278991699,18.8389759064,281.545440674
2016-12-16T11:14:06.066212,1610000000,20,-48.1679267883,19.7773990631,274.702636719
2016-12-16T11:14:13.819655,1630000000,8,-47.5689849854,9.2353811264,-57381.2890625
2016-12-16T11:14:21.320084,1630000000,9,-47.6884307861,9.93019676208,-2589.20458984
2016-12-16T11:14:28.666504,1630000000,10,-47.8105621338,10.5788040161,236.795150757
2016-12-16T11:14:36.232937,1630000000,11,-47.7938690186,11.4242401123,287.837158203
2016-12-16T11:14:43.597358,1630000000,12,-47.8556213379,12.2292947769,294.016998291
2016-12-16T11:14:51.050785,1630000000,13,-47.8907165527,13.1406259537,283.757232666
2016-12-16T11:14:58.470209,1630000000,14,-47.9367713928,14.0517482758,281.038482666
2016-12-16T11:15:05.870632,1630000000,15,-47.9608459473,15.0196266174,274.144622803
2016-12-16T11:15:13.223053,1630000000,16,-48.0078353882,15.9916744232,282.965576172
2016-12-16T11:15:20.534471,1630000000,17,-48.0019340515,16.9683532715,272.752838135
2016-12-16T11:15:27.786886,1630000000,18,-48.0338249207,17.9396839142,276.969421387
2016-12-16T11:15:35.139306,1630000000,19,-48.0418624878,18.8937606812,283.339416504
2016-12-16T11:15:42.600733,1630000000,20,-48.0589065552,19.856262207,282.881744385
2016-12-16T11:15:50.501185,1650000000,8,-47.7559432983,9.25415229797,123825.929688
2016-12-16T11:15:57.857606,1650000000,9,-47.8359489441,9.94752502441,235.09828186
2016-12-16T11:16:05.358035,1650000000,10,-47.7747764587,10.6411218643,302.50567627
2016-12-16T11:16:12.708455,1650000000,11,-47.8475761414,11.4226970673,296.886047363
2016-12-16T11:16:20.087877,1650000000,12,-47.91248703,12.2273521423,267.243927002
2016-12-16T11:16:27.540304,1650000000,13,-47.985710144,13.093091011,290.489379883
2016-12-16T11:16:34.875723,1650000000,14,-48.0479927063,14.0540237427,301.66619873
2016-12-16T11:16:42.256145,1650000000,15,-48.052734375,14.9919090271,285.230010986
2016-12-16T11:16:49.634567,1650000000,16,-48.1079139709,15.9633674622,313.556488037
2016-12-16T11:16:56.962986,1650000000,17,-48.087310791,16.9423313141,272.805114746
2016-12-16T11:17:04.347409,1650000000,18,-48.1027946472,17.9089202881,279.993103027
2016-12-16T11:17:11.777834,1650000000,19,-48.1506156921,18.8442001343,278.380340576
2016-12-16T11:17:19.231260,1650000000,20,-48.1386032104,19.8630027771,287.964111328
2016-12-16T11:17:26.943701,1670000000,8,-47.5071105957,9.24246692657,-44987.8085938
2016-12-16T11:17:34.247119,1670000000,9,-47.6094055176,9.91003227234,431.350067139
2016-12-16T11:17:41.780550,1670000000,10,-47.664150238,10.6452226639,281.553497314
2016-12-16T11:17:49.109969,1670000000,11,-47.6962585449,11.4503173828,327.556884766
2016-12-16T11:17:56.435388,1670000000,12,-47.7774047852,12.1996860504,309.94329834
2016-12-16T11:18:03.881814,1670000000,13,-47.8203048706,13.1360063553,288.862060547
2016-12-16T11:18:11.346241,1670000000,14,-47.886089325,14.0452041626,298.545806885
2016-12-16T11:18:18.713662,1670000000,15,-47.8759422302,15.0247182846,286.01272583
2016-12-16T11:18:26.012080,1670000000,16,-47.9092254639,16.0284004211,292.770751953
2016-12-16T11:18:33.413503,1670000000,17,-47.938419342,16.9769058228,293.036621094
2016-12-16T11:18:40.851929,1670000000,18,-47.9529151917,17.9677658081,284.090057373
2016-12-16T11:18:48.137345,1670000000,19,-47.9517936707,18.9669075012,285.973175049
2016-12-16T11:18:55.413761,1670000000,20,-47.9491348267,19.9311599731,286.242645264
2016-12-16T11:19:03.152204,1690000000,8,-47.6658821106,9.24477005005,-43287.2265625
2016-12-16T11:19:10.569628,1690000000,9,-47.6519737244,9.94463348389,-2483.42553711
2016-12-16T11:19:17.951051,1690000000,10,-47.791809082,10.6335439682,349.686706543
2016-12-16T11:19:25.302471,1690000000,11,-47.818069458,11.4397516251,311.451171875
2016-12-16T11:19:32.740896,1690000000,12,-47.9200363159,12.2451314926,327.245391846
2016-12-16T11:19:40.117318,1690000000,13,-47.975894928,13.1102275848,314.395874023
2016-12-16T11:19:47.553601,1690000000,14,-47.9954719543,14.0258255005,279.601837158
2016-12-16T11:19:54.921022,1690000000,15,-48.026638031,14.9885635376,300.825592041
2016-12-16T11:20:02.421451,1690000000,16,-48.0643005371,15.9414386749,290.24786377
2016-12-16T11:20:09.772872,1690000000,17,-48.1029129028,16.9666366577,305.496917725
2016-12-16T11:20:17.054288,1690000000,18,-48.0832977295,17.8399524689,293.124572754
2016-12-16T11:20:24.487713,1690000000,19,-48.1123046875,18.8366184235,296.598083496
2016-12-16T11:20:31.972141,1690000000,20,-48.112285614,19.7581043243,288.256530762
2016-12-16T11:20:40.024548,1710000000,8,-47.6873931885,9.24013328552,-136840.71875
2016-12-16T11:20:47.455610,1710000000,9,-47.8430557251,9.9124917984,33371.1679688
2016-12-16T11:20:54.876672,1710000000,10,-47.927520752,10.6310195923,272.999359131
2016-12-16T11:21:02.342793,1710000000,11,-47.9312591553,11.4446344376,330.049255371
2016-12-16T11:21:09.677825,1710000000,12,-47.9849815369,12.2497425079,287.647338867
2016-12-16T11:21:17.067901,1710000000,13,-48.0521659851,13.1323003769,321.884338379
2016-12-16T11:21:24.511912,1710000000,14,-48.0522651672,14.0640850067,305.339935303
2016-12-16T11:21:31.805923,1710000000,15,-48.0930290222,15.0351257324,293.002044678
2016-12-16T11:21:39.102954,1710000000,16,-48.1496582031,16.0480155945,298.246154785
2016-12-16T11:21:46.576988,1710000000,17,-48.1508750916,17.0223789215,296.065643311
2016-12-16T11:21:53.961019,1710000000,18,-48.1739616394,17.9981060028,295.024475098
2016-12-16T11:22:01.362164,1710000000,19,-48.1953430176,18.9762630463,295.751647949
2016-12-16T11:22:08.707857,1710000000,20,-48.171081543,19.9823303223,298.333465576
2016-12-16T11:22:16.406931,1730000000,8,-47.6438522339,9.23583221436,-82656.6953125
2016-12-16T11:22:23.976973,1730000000,9,-47.6430892944,9.89315414429,-8524.30078125
2016-12-16T11:22:31.291006,1730000000,10,-47.735004425,10.5979118347,300.150543213
2016-12-16T11:22:38.675117,1730000000,11,-47.8038864136,11.3279523849,303.729705811
2016-12-16T11:22:45.960127,1730000000,12,-47.8650970459,12.1577882767,313.040740967
2016-12-16T11:22:53.280137,1730000000,13,-47.9162330627,12.9794502258,265.282684326
2016-12-16T11:23:00.775149,1730000000,14,-47.9590034485,13.8728256226,278.350860596
2016-12-16T11:23:08.097160,1730000000,15,-47.9746704102,14.7950639725,299.934020996
2016-12-16T11:23:15.411170,1730000000,16,-48.0219535828,15.7374105453,295.30279541
2016-12-16T11:23:22.761180,1730000000,17,-48.0496940613,16.6482620239,297.832733154
2016-12-16T11:23:30.166192,1730000000,18,-48.0587501526,17.5458831787,297.5362854
2016-12-16T11:23:37.485204,1730000000,19,-48.0779075623,18.4142665863,308.236602783
2016-12-16T11:23:44.852215,1730000000,20,-48.0530052185,19.2264518738,303.955810547
2016-12-16T11:23:52.662226,1750000000,8,-47.778968811,9.26138210297,-77526.953125
2016-12-16T11:24:00.157237,1750000000,9,-47.7647247314,9.92820930481,9950.07324219
2016-12-16T11:24:07.562248,1750000000,10,-47.8785705566,10.644443512,304.962768555
2016-12-16T11:24:15.053259,1750000000,11,-47.9546432495,11.3960323334,285.230712891
2016-12-16T11:24:22.603270,1750000000,12,-48.0263290405,12.1915073395,297.397918701
2016-12-16T11:24:29.955281,1750000000,13,-48.0853462219,13.1116313934,303.26184082
2016-12-16T11:24:37.368291,1750000000,14,-48.1335868835,14.0299377441,322.028625488
2016-12-16T11:24:44.884303,1750000000,15,-48.1573066711,14.9842948914,278.765899658
2016-12-16T11:24:52.384313,1750000000,16,-48.1896591187,15.916852951,305.531005859
2016-12-16T11:24:59.775324,1750000000,17,-48.2113609314,16.87449646,308.393951416
2016-12-16T11:25:07.069335,1750000000,18,-48.1975288391,17.8508834839,311.563201904
2016-12-16T11:25:14.523346,1750000000,19,-48.219379425,18.7756137848,313.994842529
2016-12-16T11:25:21.885357,1750000000,20,-48.2414550781,19.7048168182,299.611236572
2016-12-16T11:25:29.716368,1770000000,8,-47.6466598511,9.31601715088,115670.625
2016-12-16T11:25:37.700380,1770000000,9,-47.8213615417,9.92669487,-11805.1923828
2016-12-16T11:25:45.217391,1770000000,10,-47.8347587585,10.6347990036,286.36730957
2016-12-16T11:25:52.526402,1770000000,11,-47.8960838318,11.397939682,301.148986816
2016-12-16T11:25:59.857413,1770000000,12,-47.9667167664,12.1976184845,293.870697021
2016-12-16T11:26:07.261424,1770000000,13,-48.0027542114,13.1061220169,303.912628174
2016-12-16T11:26:14.593434,1770000000,14,-48.0279808044,14.0249824524,310.446166992
2016-12-16T11:26:22.107445,1770000000,15,-48.0521736145,14.9663648605,288.697265625
2016-12-16T11:26:29.508456,1770000000,16,-48.1142616272,15.8787641525,293.258728027
2016-12-16T11:26:36.861467,1770000000,17,-48.1205825806,16.8677349091,302.776000977
2016-12-16T11:26:44.121477,1770000000,18,-48.1547050476,17.7920703888,310.619934082
2016-12-16T11:26:51.428488,1770000000,19,-48.1548614502,18.7614002228,310.411621094
2016-12-16T11:26:58.709499,1770000000,20,-48.1863059998,19.6218528748,307.13369751
2016-12-16T11:27:06.339510,1790000000,8,-47.7733650208,9.26448249817,-37702.4648438
2016-12-16T11:27:13.840521,1790000000,9,-47.8714866638,9.95473480225,33441.9179688
2016-12-16T11:27:21.324534,1790000000,10,-47.9732933044,10.6468658447,323.380981445
2016-12-16T11:27:28.680544,1790000000,11,-48.0493621826,11.4287137985,292.431365967
2016-12-16T11:27:36.030554,1790000000,12,-48.1398963928,12.3020267487,324.711700439
2016-12-16T11:27:43.428565,1790000000,13,-48.1802368164,13.145980835,317.615692139
2016-12-16T11:27:50.864577,1790000000,14,-48.2023468018,14.0800561905,300.542541504
2016-12-16T11:27:58.224587,1790000000,15,-48.2472839355,15.0382528305,315.817657471
2016-12-16T11:28:05.601598,1790000000,16,-48.2709960938,15.9851455688,311.673919678
2016-12-16T11:28:12.925609,1790000000,17,-48.3078422546,17.0075149536,312.573486328
2016-12-16T11:28:20.471620,1790000000,18,-48.3146972656,17.9979705811,315.217071533
2016-12-16T11:28:27.883630,1790000000,19,-48.3420600891,18.9620761871,309.125061035
2016-12-16T11:28:35.172641,1790000000,20,-48.3647193909,19.9491767883,303.37411499
2016-12-16T11:28:42.821652,1810000000,8,-47.7138328552,9.25639533997,-14436.2568359
2016-12-16T11:28:50.081662,1810000000,9,-47.814414978,9.91337585449,287.935394287
2016-12-16T11:28:57.371674,1810000000,10,-47.8622665405,10.6477499008,361.1378479
2016-12-16T11:29:04.923685,1810000000,11,-47.9002952576,11.4048490524,320.503265381
2016-12-16T11:29:12.373696,1810000000,12,-47.9876785278,12.2614097595,292.756408691
2016-12-16T11:29:19.716706,1810000000,13,-48.0306358337,13.1167163849,323.852996826
2016-12-16T11:29:27.338719,1810000000,14,-48.0667686462,14.041557312,320.653930664
2016-12-16T11:29:34.604729,1810000000,15,-48.0748825073,14.9985809326,321.835998535
2016-12-16T11:29:41.939741,1810000000,16,-48.1432647705,15.9545860291,319.515930176
2016-12-16T11:29:49.300752,1810000000,17,-48.1588821411,16.9181900024,312.195678711
2016-12-16T11:29:56.874762,1810000000,18,-48.1619682312,17.9294948578,310.177398682
2016-12-16T11:30:04.175774,1810000000,19,-48.1887702942,18.8620052338,312.661956787
2016-12-16T11:30:11.586785,1810000000,20,-48.1837387085,19.8178768158,320.885650635
2016-12-16T11:30:19.513797,1830000000,8,-47.7489204407,9.2844877243,10763.1230469
2016-12-16T11:30:27.035808,1830000000,9,-47.8514556885,9.92949962616,-7827.73779297
2016-12-16T11:30:34.376820,1830000000,10,-47.9497489929,10.660577774,252.668670654
2016-12-16T11:30:41.876830,1830000000,11,-48.0435256958,11.4562883377,334.750305176
2016-12-16T11:30:49.205841,1830000000,12,-48.0929527283,12.2680864334,316.275268555
2016-12-16T11:30:56.546852,1830000000,13,-48.1389198303,13.1520462036,303.626922607
2016-12-16T11:31:03.913863,1830000000,14,-48.1889877319,14.0724411011,306.068328857
2016-12-16T11:31:11.543874,1830000000,15,-48.2210159302,15.0425281525,298.00177002
2016-12-16T11:31:18.863884,1830000000,16,-48.2526321411,16.0296936035,320.022460938
2016-12-16T11:31:26.257895,1830000000,17,-48.2611122131,17.0269699097,315.768920898
2016-12-16T11:31:33.538906,1830000000,18,-48.277015686,17.9598503113,317.076660156
2016-12-16T11:31:41.046917,1830000000,19,-48.2925186157,18.9903335571,325.137786865
2016-12-16T11:31:48.426928,1830000000,20,-48.3111381531,19.9783287048,324.748443604
2016-12-16T11:31:56.066939,1850000000,8,-47.9124832153,9.24772548676,-38382.84375
2016-12-16T11:32:03.498950,1850000000,9,-48.024520874,9.91290283203,-5380.40039062
2016-12-16T11:32:10.928962,1850000000,10,-47.9741134644,10.6762924194,259.822753906
2016-12-16T11:32:18.298972,1850000000,11,-48.0428237915,11.4053297043,329.335083008
2016-12-16T11:32:25.645983,1850000000,12,-48.1207580566,12.2420063019,340.040679932
2016-12-16T11:32:33.099994,1850000000,13,-48.1975364685,13.1400442123,326.949768066
2016-12-16T11:32:40.450006,1850000000,14,-48.2072944641,14.0736808777,307.240264893
2016-12-16T11:32:47.770016,1850000000,15,-48.2293510437,15.07695961,316.576416016
2016-12-16T11:32:55.100026,1850000000,16,-48.2526245117,16.0470809937,330.290283203
2016-12-16T11:33:02.501038,1850000000,17,-48.292224884,16.9869766235,313.217529297
2016-12-16T11:33:09.972049,1850000000,18,-48.3102493286,17.9771537781,310.443023682
2016-12-16T11:33:17.370060,1850000000,19,-48.3160705566,18.9928512573,323.041320801
2016-12-16T11:33:24.790071,1850000000,20,-48.3293457031,19.961894989,321.791290283
2016-12-16T11:33:32.426131,1870000000,8,-47.8335609436,9.22796535492,-34022.65625
2016-12-16T11:33:39.873557,1870000000,9,-47.8556976318,9.96046257019,237.844970703
2016-12-16T11:33:47.272980,1870000000,10,-47.9722366333,10.6668930054,360.605957031
2016-12-16T11:33:54.609400,1870000000,11,-48.0504455566,11.4365272522,318.11807251
2016-12-16T11:34:02.008823,1870000000,12,-48.0984649658,12.2998161316,298.535888672
2016-12-16T11:34:09.373244,1870000000,13,-48.1352043152,13.1710777283,314.989990234
2016-12-16T11:34:16.702663,1870000000,14,-48.1956520081,14.0897932053,319.828704834
2016-12-16T11:34:24.143089,1870000000,15,-48.2191200256,15.044216156,332.571838379
2016-12-16T11:34:31.562513,1870000000,16,-48.2356147766,16.0478801727,312.799194336
2016-12-16T11:34:39.000939,1870000000,17,-48.3012008667,17.01445961,323.558990479
2016-12-16T11:34:46.362360,1870000000,18,-48.2677307129,18.0438728333,330.87210083
2016-12-16T11:34:53.801785,1870000000,19,-48.291934967,19.0286655426,316.268585205
2016-12-16T11:35:01.133204,1870000000,20,-48.3263969421,20.0050544739,325.531768799
2016-12-16T11:35:09.106661,1890000000,8,-47.9440193176,9.27089500427,-111992.695312
2016-12-16T11:35:16.464081,1890000000,9,-48.0577850342,9.90820026398,-10157.6181641
2016-12-16T11:35:23.802501,1890000000,10,-48.1614227295,10.6359500885,317.145385742
2016-12-16T11:35:31.263928,1890000000,11,-48.082233429,11.4513912201,348.205505371
2016-12-16T11:35:38.615348,1890000000,12,-48.1278266907,12.2438678741,306.102294922
2016-12-16T11:35:45.919766,1890000000,13,-48.1799964905,13.128657341,305.152008057
2016-12-16T11:35:53.382193,1890000000,14,-48.2204246521,14.0886640549,318.599334717
2016-12-16T11:36:00.782616,1890000000,15,-48.2534637451,15.0395145416,321.212158203
2016-12-16T11:36:08.204040,1890000000,16,-48.2998733521,16.0312519073,325.746429443
2016-12-16T11:36:15.537460,1890000000,17,-48.2929115295,16.9723739624,336.72088623
2016-12-16T11:36:22.806875,1890000000,18,-48.3241348267,18.0107460022,286.854858398
2016-12-16T11:36:30.220299,1890000000,19,-48.3626098633,18.9823284149,330.277862549
2016-12-16T11:36:37.485715,1890000000,20,-48.3346672058,19.9743480682,326.944793701
2016-12-16T11:36:45.111151,1910000000,8,-47.9334869385,9.20453929901,-117800.054688
2016-12-16T11:36:52.451571,1910000000,9,-48.04271698,9.89931201935,-20759.4785156
2016-12-16T11:36:59.854994,1910000000,10,-48.0251121521,10.6762933731,334.859863281
2016-12-16T11:37:07.324422,1910000000,11,-48.1071128845,11.4162492752,350.67565918
2016-12-16T11:37:14.786848,1910000000,12,-48.1727714539,12.2662734985,336.116760254
2016-12-16T11:37:22.239275,1910000000,13,-48.2164840698,13.1274662018,326.040588379
2016-12-16T11:37:29.615697,1910000000,14,-48.27085495,14.0882968903,335.839447021
2016-12-16T11:37:36.912114,1910000000,15,-48.2828826904,15.0527858734,328.486877441
2016-12-16T11:37:44.287536,1910000000,16,-48.3237876892,16.0419120789,333.253753662
2016-12-16T11:37:51.619955,1910000000,17,-48.3342704773,16.998336792,328.535095215
2016-12-16T11:37:58.960375,1910000000,18,-48.3607292175,18.0087547302,333.45300293
2016-12-16T11:38:06.311796,1910000000,19,-48.3638839722,19.0321903229,317.488098145
2016-12-16T11:38:13.775222,1910000000,20,-48.3737106323,19.9792900085,327.224700928
2016-12-16T11:38:21.375657,1930000000,8,-48.0847129822,9.24037647247,144525.75
2016-12-16T11:38:28.914088,1930000000,9,-47.8949356079,9.95966053009,22386.7558594
2016-12-16T11:38:36.223506,1930000000,10,-48.0576324463,10.6169319153,220.746032715
2016-12-16T11:38:43.660932,1930000000,11,-48.1213188171,11.4445161819,354.099822998
2016-12-16T11:38:51.047354,1930000000,12,-48.1681747437,12.2605056763,353.443847656
2016-12-16T11:38:58.428776,1930000000,13,-48.2399864197,13.1414403915,316.116638184
2016-12-16T11:39:05.896204,1930000000,14,-48.2509269714,14.0662574768,341.499206543
2016-12-16T11:39:13.332629,1930000000,15,-48.255153656,15.0288715363,331.659545898
2016-12-16T11:39:20.629046,1930000000,16,-48.3034820557,16.0251789093,330.924835205
2016-12-16T11:39:27.896462,1930000000,17,-48.3227729797,16.9983406067,328.54888916
2016-12-16T11:39:35.248882,1930000000,18,-48.3342247009,17.9593238831,322.747192383
2016-12-16T11:39:42.696308,1930000000,19,-48.3335914612,18.9669723511,324.746368408
2016-12-16T11:39:49.998726,1930000000,20,-48.354347229,19.9761810303,340.005737305
2016-12-16T11:39:57.632163,1950000000,8,-48.0226593018,9.25988960266,-65713.4375
2016-12-16T11:40:05.029586,1950000000,9,-48.1384315491,9.92451667786,-4663.09863281
2016-12-16T11:40:12.596019,1950000000,10,-48.032989502,10.6350078583,344.018768311
2016-12-16T11:40:19.899436,1950000000,11,-48.1236381531,11.4117441177,361.846405029
2016-12-16T11:40:27.299860,1950000000,12,-48.195941925,12.2355709076,333.526000977
2016-12-16T11:40:34.650280,1950000000,13,-48.2550163269,13.1300935745,311.466705322
2016-12-16T11:40:42.024702,1950000000,14,-48.2849807739,14.0107011795,338.54095459
2016-12-16T11:40:49.385123,1950000000,15,-48.2899284363,14.956237793,341.151733398
2016-12-16T11:40:56.789546,1950000000,16,-48.3558158875,15.9066810608,339.383392334
2016-12-16T11:41:04.153968,1950000000,17,-48.3403205872,16.8662261963,332.625915527
2016-12-16T11:41:11.437384,1950000000,18,-48.3591995239,17.8501243591,346.377380371
2016-12-16T11:41:18.751802,1950000000,19,-48.3891220093,18.7723197937,342.04788208
2016-12-16T11:41:26.170227,1950000000,20,-48.4029426575,19.714931488,348.112365723
2016-12-16T11:41:33.803663,1970000000,8,-48.0427818298,9.2073469162,169969.296875
2016-12-16T11:41:41.240089,1970000000,9,-47.9485664368,9.94844245911,21908.7734375
2016-12-16T11:41:48.630511,1970000000,10,-48.0377655029,10.656542778,328.636962891
2016-12-16T11:41:55.958931,1970000000,11,-48.1775856018,11.4065265656,354.167175293
2016-12-16T11:42:03.342353,1970000000,12,-48.2204246521,12.2139825821,316.222747803
2016-12-16T11:42:10.672772,1970000000,13,-48.2462158203,13.106669426,352.010803223
2016-12-16T11:42:18.073195,1970000000,14,-48.2929878235,14.016916275,353.600036621
2016-12-16T11:42:25.477619,1970000000,15,-48.3279533386,14.9804124832,355.83493042
2016-12-16T11:42:32.893043,1970000000,16,-48.3604927063,15.9141120911,350.300994873
2016-12-16T11:42:40.276465,1970000000,17,-48.3844337463,16.8886890411,339.66897583
2016-12-16T11:42:47.674889,1970000000,18,-48.3947944641,17.8768482208,354.041290283
2016-12-16T11:42:55.192319,1970000000,19,-48.4484863281,18.8201160431,339.513366699
2016-12-16T11:43:02.749751,1970000000,20,-48.4293708801,19.7325286865,333.800048828
2016-12-16T11:43:10.444191,1990000000,8,-47.9879989624,9.21446418762,15231.09375
2016-12-16T11:43:18.012624,1990000000,9,-48.0061531067,9.90312862396,-2579.07788086
2016-12-16T11:43:25.434048,1990000000,10,-48.1003265381,10.6263360977,304.418640137
2016-12-16T11:43:32.934477,1990000000,11,-48.2088050842,11.3583335876,397.938842773
2016-12-16T11:43:40.310899,1990000000,12,-48.2741088867,12.1770420074,342.542388916
2016-12-16T11:43:47.696322,1990000000,13,-48.3103790283,13.0486679077,327.391693115
2016-12-16T11:43:55.248754,1990000000,14,-48.3590736389,13.9517459869,341.527770996
2016-12-16T11:44:02.695179,1990000000,15,-48.398147583,14.8617086411,349.349212646
2016-12-16T11:44:10.037599,1990000000,16,-48.4164276123,15.8055362701,338.593780518
2016-12-16T11:44:17.468024,1990000000,17,-48.4558181763,16.7493228912,341.689727783
2016-12-16T11:44:24.799444,1990000000,18,-48.4677047729,17.64478302,354.423828125
2016-12-16T11:44:32.213868,1990000000,19,-48.474193573,18.5901508331,348.201446533
2016-12-16T11:44:39.586290,1990000000,20,-48.4790077209,19.45952034,347.067016602
2016-12-16T11:44:47.182724,2010000000,8,-48.0544624329,9.1847038269,100048.992188
2016-12-16T11:44:54.732156,2010000000,9,-48.1582298279,9.91043758392,-3095.90722656
2016-12-16T11:45:02.115578,2010000000,10,-48.2069854736,10.6327266693,306.903320312
2016-12-16T11:45:09.616007,2010000000,11,-48.3244781494,11.3598432541,332.630737305
2016-12-16T11:45:16.941426,2010000000,12,-48.359462738,12.1855630875,365.814941406
2016-12-16T11:45:24.402853,2010000000,13,-48.3896942139,13.0699396133,341.014953613
2016-12-16T11:45:31.772274,2010000000,14,-48.4602737427,13.9856538773,336.196838379
2016-12-16T11:45:39.202699,2010000000,15,-48.4654006958,14.9272651672,349.246276855
2016-12-16T11:45:46.543119,2010000000,16,-48.4904098511,15.8511886597,354.860198975
2016-12-16T11:45:54.104552,2010000000,17,-48.5205345154,16.8041267395,342.788085938
2016-12-16T11:46:01.522976,2010000000,18,-48.5124168396,17.7274036407,358.317230225
2016-12-16T11:46:08.890397,2010000000,19,-48.5483207703,18.6203308105,346.727325439
2016-12-16T11:46:16.249818,2010000000,20,-48.5533370972,19.5370388031,344.695251465
2016-12-16T11:46:23.925257,2030000000,8,-48.1914215088,9.24757289886,-52756.4101562
2016-12-16T11:46:31.351682,2030000000,9,-48.1996154785,9.95493984222,12717.7753906
2016-12-16T11:46:38.723104,2030000000,10,-48.3077697754,10.6653385162,383.540161133
2016-12-16T11:46:46.111526,2030000000,11,-48.3626022339,11.4308357239,378.365539551
2016-12-16T11:46:53.493949,2030000000,12,-48.4360694885,12.2378902435,350.161010742
2016-12-16T11:47:00.962376,2030000000,13,-48.4719047546,13.0911960602,334.198486328
2016-12-16T11:47:08.308796,2030000000,14,-48.5308036804,14.0435237885,356.479003906
2016-12-16T11:47:15.677217,2030000000,15,-48.5408592224,14.9870223999,337.585693359
2016-12-16T11:47:23.108642,2030000000,16,-48.6099472046,15.9385442734,330.224517822
2016-12-16T11:47:30.464063,2030000000,17,-48.6380577087,16.9460754395,353.21673584
2016-12-16T11:47:37.829484,2030000000,18,-48.6099700928,17.8784828186,341.085632324
2016-12-16T11:47:45.210907,2030000000,19,-48.6469116211,18.8549118042,356.492523193
2016-12-16T11:47:52.513324,2030000000,20,-48.6584815979,19.8230838776,348.608306885
2016-12-16T11:48:00.111759,2050000000,8,-48.0888900757,9.27287006378,-51642.5195312
2016-12-16T11:48:07.397176,2050000000,9,-48.2380332947,9.9298915863,6242.54101562
2016-12-16T11:48:14.867603,2050000000,10,-48.1714515686,10.6595811844,325.917205811
2016-12-16T11:48:22.229024,2050000000,11,-48.1924476624,11.4255695343,343.016845703
2016-12-16T11:48:29.500440,2050000000,12,-48.2913703918,12.2274827957,357.565795898
2016-12-16T11:48:36.814858,2050000000,13,-48.328666687,13.1297292709,359.812683105
2016-12-16T11:48:44.182280,2050000000,14,-48.368106842,14.0240716934,350.612609863
2016-12-16T11:48:51.555701,2050000000,15,-48.3797798157,14.9950485229,355.611816406
2016-12-16T11:48:58.961125,2050000000,16,-48.4158058167,15.9435367584,351.249664307
2016-12-16T11:49:06.402551,2050000000,17,-48.4384422302,16.8973274231,353.915588379
2016-12-16T11:49:13.730970,2050000000,18,-48.4708023071,17.8701763153,351.650878906
2016-12-16T11:49:21.058389,2050000000,19,-48.5004920959,18.8492622375,353.042663574
2016-12-16T11:49:28.519816,2050000000,20,-48.4956245422,19.8045310974,346.502685547
2016-12-16T11:49:36.333262,2070000000,8,-48.1600799561,9.25870609283,99158.2890625
2016-12-16T11:49:43.771688,2070000000,9,-48.1427879333,9.91697502136,17298.0566406
2016-12-16T11:49:51.066105,2070000000,10,-48.2260322571,10.6253232956,338.696929932
2016-12-16T11:49:58.459528,2070000000,11,-48.3018035889,11.4297151566,363.373291016
2016-12-16T11:50:05.889953,2070000000,12,-48.3228416443,12.2289133072,418.13684082
2016-12-16T11:50:13.336379,2070000000,13,-48.3728103638,13.1354532242,354.945251465
2016-12-16T11:50:20.764804,2070000000,14,-48.4496536255,14.0818738937,355.659179688
2016-12-16T11:50:28.190229,2070000000,15,-48.4583320618,15.0568761826,360.922088623
2016-12-16T11:50:35.524648,2070000000,16,-48.5033187866,16.0130462646,368.923339844
2016-12-16T11:50:42.792064,2070000000,17,-48.530796051,17.0248374939,363.27947998
2016-12-16T11:50:50.175486,2070000000,18,-48.5342636108,18.044500351,374.096862793
2016-12-16T11:50:57.574909,2070000000,19,-48.5581283569,18.982011795,366.372589111
2016-12-16T11:51:05.010335,2070000000,20,-48.562538147,19.9786014557,360.930084229
2016-12-16T11:51:12.627770,2090000000,8,-48.3848495483,9.24502754211,-106283.570312
2016-12-16T11:51:19.942189,2090000000,9,-48.5145263672,9.91246128082,1912.90710449
2016-12-16T11:51:27.378614,2090000000,10,-48.5544662476,10.622631073,318.887329102
2016-12-16T11:51:34.776037,2090000000,11,-48.6474456787,11.3661499023,335.939147949
2016-12-16T11:51:42.269466,2090000000,12,-48.5015106201,12.2565279007,351.844360352
2016-12-16T11:51:49.613886,2090000000,13,-48.5412902832,13.1068592072,345.988739014
2016-12-16T11:51:56.970306,2090000000,14,-48.6145782471,14.0757789612,346.272583008
2016-12-16T11:52:04.366730,2090000000,15,-48.638458252,15.0259513855,360.539093018
2016-12-16T11:52:11.781154,2090000000,16,-48.6418113708,16.032125473,374.512023926
2016-12-16T11:52:19.113573,2090000000,17,-48.6595916748,16.9930038452,367.452484131
2016-12-16T11:52:26.430992,2090000000,18,-48.6972351074,17.9876384735,357.440063477
2016-12-16T11:52:33.699407,2090000000,19,-48.7094841003,18.9946289062,363.3125
2016-12-16T11:52:41.245839,2090000000,20,-48.7129592896,19.9763755798,356.164703369
2016-12-16T11:52:48.847274,2110000000,8,-48.1744613647,9.21699714661,-97628.640625
2016-12-16T11:52:56.245697,2110000000,9,-48.2652015686,9.95644187927,-26179.2851562
2016-12-16T11:53:03.502112,2110000000,10,-48.3458023071,10.6458234787,390.562164307
2016-12-16T11:53:10.779528,2110000000,11,-48.4232444763,11.4677619934,348.696258545
2016-12-16T11:53:18.215953,2110000000,12,-48.4846229553,12.262090683,356.889953613
2016-12-16T11:53:25.620377,2110000000,13,-48.5819892883,13.1441297531,346.821166992
2016-12-16T11:53:33.074803,2110000000,14,-48.5953140259,14.1015090942,354.993438721
2016-12-16T11:53:40.403223,2110000000,15,-48.6179771423,15.063252449,364.188323975
2016-12-16T11:53:47.888651,2110000000,16,-48.6448554993,16.054851532,352.693786621
2016-12-16T11:53:55.288074,2110000000,17,-48.6745872498,17.0107135773,362.774536133
2016-12-16T11:54:02.654495,2110000000,18,-48.7016677856,18.0265541077,372.40435791
2016-12-16T11:54:10.076920,2110000000,19,-48.7061157227,19.0204982758,374.386657715
2016-12-16T11:54:17.538347,2110000000,20,-48.7209129333,19.9957141876,362.237457275
2016-12-16T11:54:25.187784,2130000000,8,-48.26304245,9.24604988098,-57137.5039062
2016-12-16T11:54:32.491202,2130000000,9,-48.3431053162,9.89199829102,29616.3144531
2016-12-16T11:54:40.024633,2130000000,10,-48.3356399536,10.6405067444,319.472503662
2016-12-16T11:54:47.355052,2130000000,11,-48.3782043457,11.4173049927,377.371246338
2016-12-16T11:54:54.840480,2130000000,12,-48.474521637,12.2813177109,372.380187988
2016-12-16T11:55:02.281906,2130000000,13,-48.5101280212,13.1197366714,373.778778076
2016-12-16T11:55:09.691329,2130000000,14,-48.5357246399,14.0660533905,379.752075195
2016-12-16T11:55:17.043750,2130000000,15,-48.6064758301,15.0344419479,367.494934082
2016-12-16T11:55:24.428172,2130000000,16,-48.6165351868,16.0010261536,361.506591797
2016-12-16T11:55:31.793594,2130000000,17,-48.6399688721,16.9676570892,373.406188965
2016-12-16T11:55:39.183016,2130000000,18,-48.6257019043,17.999420166,367.683074951
2016-12-16T11:55:46.613441,2130000000,19,-48.6848640442,18.9699802399,381.860931396
2016-12-16T11:55:53.944861,2130000000,20,-48.666633606,19.9603538513,371.58416748
