timestamp,Frequency (Hz),SFU Power (dBm),SFU SNR (dB),FSW_SNR(dB)
2016-12-22T13:56:08.620695,270000000,-20,8,8.122615814200003
2016-12-22T13:56:17.798220,270000000,-20,9,9.106632232599999
2016-12-22T13:56:26.967744,270000000,-20,10,10.038757324199999
2016-12-22T13:56:36.138269,270000000,-20,11,11.0604782104
2016-12-22T13:56:45.268791,270000000,-20,12,12.068817138699998
2016-12-22T13:56:54.600325,270000000,-20,13,13.116500854500003
2016-12-22T13:57:03.885856,270000000,-20,14,14.167396545399995
2016-12-22T13:57:13.188388,270000000,-20,15,15.115829467799998
2016-12-22T13:57:22.540923,270000000,-20,16,16.156333923300004
2016-12-22T13:57:31.844455,270000000,-20,17,17.2043190002
2016-12-22T13:57:41.228992,270000000,-20,18,18.1613693237
2016-12-22T13:57:50.559525,270000000,-20,19,19.148468017599996
2016-12-22T13:57:59.888059,270000000,-20,20,20.1699867249
2016-12-22T13:58:09.343600,290000000,-20,8,8.1286506653
2016-12-22T13:58:18.542126,290000000,-20,9,9.087890625
2016-12-22T13:58:27.668648,290000000,-20,10,10.0828475952
2016-12-22T13:58:36.832172,290000000,-20,11,11.0894927979
2016-12-22T13:58:46.004697,290000000,-20,12,12.087638855000002
2016-12-22T13:58:55.161220,290000000,-20,13,13.126892089899997
2016-12-22T13:59:04.476753,290000000,-20,14,14.1501579285
2016-12-22T13:59:13.763284,290000000,-20,15,15.187053680399998
2016-12-22T13:59:23.137821,290000000,-20,16,16.151958465600003
2016-12-22T13:59:32.462354,290000000,-20,17,17.187866211
2016-12-22T13:59:41.817889,290000000,-20,18,18.1663131714
2016-12-22T13:59:51.140422,290000000,-20,19,19.164611816400004
2016-12-22T14:00:00.411953,290000000,-20,20,20.160118103100004
2016-12-22T14:00:09.844492,310000000,-20,8,8.113315582299997
2016-12-22T14:00:18.996015,310000000,-20,9,9.085578918400003
2016-12-22T14:00:28.270546,310000000,-20,10,10.104717254699999
2016-12-22T14:00:37.439070,310000000,-20,11,11.149955749500002
2016-12-22T14:00:46.955615,310000000,-20,12,12.126903534
2016-12-22T14:00:56.117139,310000000,-20,13,13.139720916800002
2016-12-22T14:01:05.347667,310000000,-20,14,14.161216735799997
2016-12-22T14:01:14.557193,310000000,-20,15,15.107936859099993
2016-12-22T14:01:23.674715,310000000,-20,16,16.1994056702
2016-12-22T14:01:32.806237,310000000,-20,17,17.214557647700005
2016-12-22T14:01:42.018764,310000000,-20,18,18.188533782899995
2016-12-22T14:01:51.208290,310000000,-20,19,19.160194396999998
2016-12-22T14:02:00.375814,310000000,-20,20,20.2035865784
2016-12-22T14:02:09.749350,330000000,-20,8,8.1514587403
2016-12-22T14:02:18.856871,330000000,-20,9,9.137126922599997
2016-12-22T14:02:27.991394,330000000,-20,10,10.140655517600003
2016-12-22T14:02:37.147917,330000000,-20,11,11.147098541299997
2016-12-22T14:02:46.293440,330000000,-20,12,12.130737304699998
2016-12-22T14:02:55.676977,330000000,-20,13,13.158199310299999
2016-12-22T14:03:05.020512,330000000,-20,14,14.1303672791
2016-12-22T14:03:14.351045,330000000,-20,15,15.128639221100002
2016-12-22T14:03:23.697580,330000000,-20,16,16.2499961854
2016-12-22T14:03:33.010112,330000000,-20,17,17.2240486145
2016-12-22T14:03:42.277643,330000000,-20,18,18.207477569599995
2016-12-22T14:03:51.600176,330000000,-20,19,19.235500335700003
2016-12-22T14:04:00.900708,330000000,-20,20,20.197364807099994
2016-12-22T14:04:10.328247,350000000,-20,8,8.130203247100006
2016-12-22T14:04:19.433768,350000000,-20,9,9.082942962599994
2016-12-22T14:04:28.611293,350000000,-20,10,10.056800842300007
2016-12-22T14:04:37.714813,350000000,-20,11,11.1694793701
2016-12-22T14:04:46.883338,350000000,-20,12,12.188785553000002
2016-12-22T14:04:56.200871,350000000,-20,13,13.203319549500002
2016-12-22T14:05:05.532404,350000000,-20,14,14.150539398100001
2016-12-22T14:05:14.829936,350000000,-20,15,15.168498992899998
2016-12-22T14:05:24.134468,350000000,-20,16,16.235591888400002
2016-12-22T14:05:33.438001,350000000,-20,17,17.2247505188
2016-12-22T14:05:42.772534,350000000,-20,18,18.2599220276
2016-12-22T14:05:52.070066,350000000,-20,19,19.218814849800005
2016-12-22T14:06:01.387599,350000000,-20,20,20.2358322144
2016-12-22T14:06:10.775136,370000000,-20,8,8.145915985100004
2016-12-22T14:06:19.861656,370000000,-20,9,9.0824966431
2016-12-22T14:06:28.963176,370000000,-20,10,10.088317871100003
2016-12-22T14:06:38.190704,370000000,-20,11,11.125263214100002
2016-12-22T14:06:47.335227,370000000,-20,12,12.108123779300001
2016-12-22T14:06:56.642760,370000000,-20,13,13.1398620605
2016-12-22T14:07:05.791283,370000000,-20,14,14.133068084700007
2016-12-22T14:07:15.025811,370000000,-20,15,15.1085586548
2016-12-22T14:07:24.394347,370000000,-20,16,16.218910217199998
2016-12-22T14:07:33.664877,370000000,-20,17,17.179622650200002
2016-12-22T14:07:42.995411,370000000,-20,18,18.2075920105
2016-12-22T14:07:52.328945,370000000,-20,19,19.184959411600005
2016-12-22T14:08:01.649478,370000000,-20,20,20.1747550964
2016-12-22T14:08:10.899007,390000000,-20,8,8.1153526306
2016-12-22T14:08:20.418551,390000000,-20,9,9.048572540199999
2016-12-22T14:08:29.559074,390000000,-20,10,10.1878051757
2016-12-22T14:08:38.678596,390000000,-20,11,11.140296935999999
2016-12-22T14:08:47.797117,390000000,-20,12,12.146972656199999
2016-12-22T14:08:56.896638,390000000,-20,13,13.141941070500003
2016-12-22T14:09:06.018159,390000000,-20,14,14.185619354300002
2016-12-22T14:09:15.177683,390000000,-20,15,15.1377410889
2016-12-22T14:09:24.377210,390000000,-20,16,16.254013061499997
2016-12-22T14:09:33.636739,390000000,-20,17,17.2393531799
2016-12-22T14:09:42.785262,390000000,-20,18,18.267749786399996
2016-12-22T14:09:51.980788,390000000,-20,19,19.2658767701
2016-12-22T14:10:01.153313,390000000,-20,20,20.265083312999998
2016-12-22T14:10:10.503848,410000000,-20,8,8.078281402500004
2016-12-22T14:10:19.697374,410000000,-20,9,9.078796386699999
2016-12-22T14:10:28.822896,410000000,-20,10,10.034378051799997
2016-12-22T14:10:37.957418,410000000,-20,11,11.0205574035
2016-12-22T14:10:47.075940,410000000,-20,12,12.115077972400002
2016-12-22T14:10:56.237464,410000000,-20,13,13.100296020499997
2016-12-22T14:11:05.423989,410000000,-20,14,14.116104126000003
2016-12-22T14:11:14.596514,410000000,-20,15,15.056953430200004
2016-12-22T14:11:23.725036,410000000,-20,16,16.2119827271
2016-12-22T14:11:32.884560,410000000,-20,17,17.227874755899997
2016-12-22T14:11:42.017082,410000000,-20,18,18.2619476319
2016-12-22T14:11:51.286612,410000000,-20,19,19.211071014399998
2016-12-22T14:12:00.429135,410000000,-20,20,20.1982650757
2016-12-22T14:12:09.645662,430000000,-20,8,8.132980346700002
2016-12-22T14:12:19.187208,430000000,-20,9,9.084075927699999
2016-12-22T14:12:28.326731,430000000,-20,10,10.1136283875
2016-12-22T14:12:37.488255,430000000,-20,11,11.085201263400002
2016-12-22T14:12:46.616777,430000000,-20,12,12.152324676599996
2016-12-22T14:12:55.758300,430000000,-20,13,13.094970703199998
2016-12-22T14:13:04.914824,430000000,-20,14,14.171447753899997
2016-12-22T14:13:14.089348,430000000,-20,15,15.265586853000002
2016-12-22T14:13:23.231871,430000000,-20,16,16.2416496277
2016-12-22T14:13:32.404396,430000000,-20,17,17.243270874000004
2016-12-22T14:13:41.590921,430000000,-20,18,18.273700714100002
2016-12-22T14:13:50.821449,430000000,-20,19,19.273284912100003
2016-12-22T14:14:00.052977,430000000,-20,20,20.2249526978
2016-12-22T14:14:09.302506,450000000,-20,8,8.1381072999
2016-12-22T14:14:18.437029,450000000,-20,9,9.0927085876
2016-12-22T14:14:27.597553,450000000,-20,10,10.069622039800002
2016-12-22T14:14:36.774078,450000000,-20,11,11.129310607900003
2016-12-22T14:14:46.019606,450000000,-20,12,12.1346244812
2016-12-22T14:14:55.398143,450000000,-20,13,13.128582000800002
2016-12-22T14:15:04.622670,450000000,-20,14,14.147666931099998
2016-12-22T14:15:13.758193,450000000,-20,15,15.124240875199995
2016-12-22T14:15:23.379743,450000000,-20,16,16.215045929
2016-12-22T14:15:32.576269,450000000,-20,17,17.2438201904
2016-12-22T14:15:41.707792,450000000,-20,18,18.223178863500003
2016-12-22T14:15:50.859315,450000000,-20,19,19.2372550964
2016-12-22T14:16:00.046841,450000000,-20,20,20.179012298499998
2016-12-22T14:16:09.299370,470000000,-20,8,8.112316131600004
2016-12-22T14:16:18.410891,470000000,-20,9,9.075931548999996
2016-12-22T14:16:27.558414,470000000,-20,10,10.099868774500003
2016-12-22T14:16:36.682936,470000000,-20,11,11.0962638855
2016-12-22T14:16:45.880462,470000000,-20,12,12.094299316400004
2016-12-22T14:16:55.026985,470000000,-20,13,13.086158752499998
2016-12-22T14:17:04.166508,470000000,-20,14,14.073997497599997
2016-12-22T14:17:13.351033,470000000,-20,15,15.138130187999998
2016-12-22T14:17:22.518558,470000000,-20,16,16.193359375
2016-12-22T14:17:31.699083,470000000,-20,17,17.208095550499998
2016-12-22T14:17:40.935611,470000000,-20,18,18.2096595764
2016-12-22T14:17:50.138137,470000000,-20,19,19.2257003784
2016-12-22T14:17:59.266660,470000000,-20,20,20.176029205300004
2016-12-22T14:18:08.567191,490000000,-20,8,8.105758666999996
2016-12-22T14:18:17.648711,490000000,-20,9,9.031585693399997
2016-12-22T14:18:26.752232,490000000,-20,10,10.029277801500001
2016-12-22T14:18:35.938757,490000000,-20,11,11.166366577200002
2016-12-22T14:18:45.111282,490000000,-20,12,12.147651672400002
2016-12-22T14:18:54.309808,490000000,-20,13,13.156524658200006
2016-12-22T14:19:03.454331,490000000,-20,14,14.081375122099999
2016-12-22T14:19:13.020878,490000000,-20,15,15.106990814200003
2016-12-22T14:19:22.187402,490000000,-20,16,16.198001861599998
2016-12-22T14:19:31.371928,490000000,-20,17,17.204040527400004
2016-12-22T14:19:40.571454,490000000,-20,18,18.172908782899995
2016-12-22T14:19:49.759979,490000000,-20,19,19.1935386658
2016-12-22T14:19:58.939504,490000000,-20,20,20.1506004333
2016-12-22T14:20:08.231036,510000000,-20,8,8.113853454600005
2016-12-22T14:20:17.371559,510000000,-20,9,9.112522125300003
2016-12-22T14:20:26.478080,510000000,-20,10,10.056144714399998
2016-12-22T14:20:35.619602,510000000,-20,11,11.0815200806
2016-12-22T14:20:44.791127,510000000,-20,12,12.119037628199997
2016-12-22T14:20:54.020655,510000000,-20,13,13.0548286438
2016-12-22T14:21:03.395191,510000000,-20,14,14.088958740199999
2016-12-22T14:21:12.749726,510000000,-20,15,15.053920745900001
2016-12-22T14:21:22.049258,510000000,-20,16,16.180915832500006
2016-12-22T14:21:31.330789,510000000,-20,17,17.1771774292
2016-12-22T14:21:40.625321,510000000,-20,18,18.1750564575
2016-12-22T14:21:49.931853,510000000,-20,19,19.122688293499998
2016-12-22T14:21:59.245386,510000000,-20,20,20.151615142799997
2016-12-22T14:22:08.668925,530000000,-20,8,8.0974960327
2016-12-22T14:22:17.795447,530000000,-20,9,9.065608978200004
2016-12-22T14:22:26.938969,530000000,-20,10,10.0633583069
2016-12-22T14:22:36.122495,530000000,-20,11,11.117633819600002
2016-12-22T14:22:45.285019,530000000,-20,12,12.111042022699998
2016-12-22T14:22:54.656555,530000000,-20,13,13.1323699951
2016-12-22T14:23:03.974088,530000000,-20,14,14.121757507300003
2016-12-22T14:23:13.254619,530000000,-20,15,15.108528137199997
2016-12-22T14:23:22.541150,530000000,-20,16,16.1771087646
2016-12-22T14:23:31.874684,530000000,-20,17,17.2166824341
2016-12-22T14:23:41.262221,530000000,-20,18,18.176696777400004
2016-12-22T14:23:50.589754,530000000,-20,19,19.2162628174
2016-12-22T14:23:59.944289,530000000,-20,20,20.172256469700002
2016-12-22T14:24:09.373828,550000000,-20,8,8.089492797799998
2016-12-22T14:24:18.475349,550000000,-20,9,9.084590911900001
2016-12-22T14:24:27.555868,550000000,-20,10,10.092071533199999
2016-12-22T14:24:36.708392,550000000,-20,11,11.0692214966
2016-12-22T14:24:45.842914,550000000,-20,12,12.077640533500002
2016-12-22T14:24:55.208450,550000000,-20,13,13.107715606600003
2016-12-22T14:25:04.507982,550000000,-20,14,14.099060058599996
2016-12-22T14:25:13.765511,550000000,-20,15,15.0880775452
2016-12-22T14:25:23.084044,550000000,-20,16,16.129013061500004
2016-12-22T14:25:32.448580,550000000,-20,17,17.161884307899996
2016-12-22T14:25:41.782114,550000000,-20,18,18.1737136841
2016-12-22T14:25:51.098647,550000000,-20,19,19.218288421700002
2016-12-22T14:26:00.400179,550000000,-20,20,20.193927764900003
2016-12-22T14:26:09.763714,570000000,-20,8,8.0631256104
2016-12-22T14:26:18.885236,570000000,-20,9,9.073097228999998
2016-12-22T14:26:28.051760,570000000,-20,10,10.088924407900002
2016-12-22T14:26:37.240286,570000000,-20,11,11.106601714999996
2016-12-22T14:26:46.484815,570000000,-20,12,12.112648010300006
2016-12-22T14:26:55.754345,570000000,-20,13,13.1262817382
2016-12-22T14:27:05.020875,570000000,-20,14,14.1214675903
2016-12-22T14:27:14.587422,570000000,-20,15,15.118202209400003
2016-12-22T14:27:23.857952,570000000,-20,16,16.168399810800004
2016-12-22T14:27:33.356496,570000000,-20,17,17.209442138599996
2016-12-22T14:27:42.674029,570000000,-20,18,18.1825027466
2016-12-22T14:27:51.958560,570000000,-20,19,19.167446136400002
2016-12-22T14:28:01.273092,570000000,-20,20,20.1750602723
2016-12-22T14:28:10.624627,590000000,-20,8,8.082328796399999
2016-12-22T14:28:19.750149,590000000,-20,9,9.075550079400003
2016-12-22T14:28:28.955676,590000000,-20,10,10.076148986800007
2016-12-22T14:28:38.123200,590000000,-20,11,11.136478424099998
2016-12-22T14:28:47.425732,590000000,-20,12,12.151153564500007
2016-12-22T14:28:56.623258,590000000,-20,13,13.149475097699998
2016-12-22T14:29:06.008795,590000000,-20,14,14.0988235473
2016-12-22T14:29:15.329328,590000000,-20,15,15.1241836548
2016-12-22T14:29:24.626860,590000000,-20,16,16.2249641418
2016-12-22T14:29:33.969394,590000000,-20,17,17.2266502381
2016-12-22T14:29:43.282927,590000000,-20,18,18.2028656006
2016-12-22T14:29:52.581459,590000000,-20,19,19.1673202515
2016-12-22T14:30:01.865990,590000000,-20,20,20.159099578799996
2016-12-22T14:30:11.297529,610000000,-20,8,8.081817626899998
2016-12-22T14:30:20.454053,610000000,-20,9,9.072559356700005
2016-12-22T14:30:29.629578,610000000,-20,10,10.1081848145
2016-12-22T14:30:38.785101,610000000,-20,11,11.108360290599997
2016-12-22T14:30:48.100634,610000000,-20,12,12.096626281699997
2016-12-22T14:30:57.231157,610000000,-20,13,13.120746612599994
2016-12-22T14:31:06.557690,610000000,-20,14,14.125385284400004
2016-12-22T14:31:15.917225,610000000,-20,15,15.076400756799998
2016-12-22T14:31:25.259760,610000000,-20,16,16.1932716369
2016-12-22T14:31:34.576293,610000000,-20,17,17.181045532300004
2016-12-22T14:31:43.917827,610000000,-20,18,18.217178344799997
2016-12-22T14:31:53.235360,610000000,-20,19,19.176490783700004
2016-12-22T14:32:02.612896,610000000,-20,20,20.197509765600003
2016-12-22T14:32:12.007433,630000000,-20,8,8.076484680099995
2016-12-22T14:32:21.124955,630000000,-20,9,9.1040725708
2016-12-22T14:32:30.406486,630000000,-20,10,10.0369682312
2016-12-22T14:32:39.573010,630000000,-20,11,11.1053733826
2016-12-22T14:32:48.725534,630000000,-20,12,12.075134277399997
2016-12-22T14:32:58.206076,630000000,-20,13,13.087501525900002
2016-12-22T14:33:07.524609,630000000,-20,14,14.1055335999
2016-12-22T14:33:16.842142,630000000,-20,15,15.1182327271
2016-12-22T14:33:26.164675,630000000,-20,16,16.186374664300004
2016-12-22T14:33:35.542211,630000000,-20,17,17.228988647500003
2016-12-22T14:33:44.842743,630000000,-20,18,18.234691619899998
2016-12-22T14:33:54.144275,630000000,-20,19,19.1844787598
2016-12-22T14:34:03.497810,630000000,-20,20,20.197254180900003
2016-12-22T14:34:12.928350,650000000,-20,8,8.036041259800001
2016-12-22T14:34:22.074873,650000000,-20,9,9.032909393300002
2016-12-22T14:34:31.216396,650000000,-20,10,10.079559326199998
2016-12-22T14:34:40.518928,650000000,-20,11,11.083950042700003
2016-12-22T14:34:49.716454,650000000,-20,12,12.1012840271
2016-12-22T14:34:58.985984,650000000,-20,13,13.060550689699994
2016-12-22T14:35:08.546531,650000000,-20,14,14.063549041800002
2016-12-22T14:35:17.876065,650000000,-20,15,15.055763244599994
2016-12-22T14:35:27.234600,650000000,-20,16,16.2130279541
2016-12-22T14:35:36.518131,650000000,-20,17,17.213386535699996
2016-12-22T14:35:45.822663,650000000,-20,18,18.1942291259
2016-12-22T14:35:55.093193,650000000,-20,19,19.1944770813
2016-12-22T14:36:04.406726,650000000,-20,20,20.1822929382
2016-12-22T14:36:13.853266,670000000,-20,8,8.047748565699997
2016-12-22T14:36:23.012790,670000000,-20,9,9.0578308105
2016-12-22T14:36:32.158313,670000000,-20,10,10.021461486900002
2016-12-22T14:36:41.338838,670000000,-20,11,11.084274291999996
2016-12-22T14:36:50.523364,670000000,-20,12,12.092369079599997
2016-12-22T14:36:59.890899,670000000,-20,13,13.096755981500003
2016-12-22T14:37:09.223433,670000000,-20,14,14.075626373300004
2016-12-22T14:37:18.577968,670000000,-20,15,15.087303161599998
2016-12-22T14:37:27.899501,670000000,-20,16,16.160682678199997
2016-12-22T14:37:37.228035,670000000,-20,17,17.1830444335
2016-12-22T14:37:46.626573,670000000,-20,18,18.1831932068
2016-12-22T14:37:55.930105,670000000,-20,19,19.170677185000002
2016-12-22T14:38:05.264639,670000000,-20,20,20.1522026062
2016-12-22T14:38:14.644175,690000000,-20,8,8.080513000499998
2016-12-22T14:38:23.730695,690000000,-20,9,9.072605133099998
2016-12-22T14:38:32.845216,690000000,-20,10,10.082458496099996
2016-12-22T14:38:41.989739,690000000,-20,11,11.084377288799999
2016-12-22T14:38:51.203266,690000000,-20,12,12.109306335500001
2016-12-22T14:39:00.501798,690000000,-20,13,13.127082824699997
2016-12-22T14:39:09.787329,690000000,-20,14,14.118377685600002
2016-12-22T14:39:19.047859,690000000,-20,15,15.087200164799995
2016-12-22T14:39:28.348391,690000000,-20,16,16.227485656699997
2016-12-22T14:39:37.645923,690000000,-20,17,17.1832466125
2016-12-22T14:39:46.902452,690000000,-20,18,18.208644866900002
2016-12-22T14:39:56.320991,690000000,-20,19,19.225017547599997
2016-12-22T14:40:05.652524,690000000,-20,20,20.1588516235
2016-12-22T14:40:15.050062,710000000,-20,8,8.105133056699998
2016-12-22T14:40:24.353594,710000000,-20,9,9.075576782300004
2016-12-22T14:40:33.425113,710000000,-20,10,10.080661773700001
2016-12-22T14:40:42.597638,710000000,-20,11,11.1755218506
2016-12-22T14:40:51.722159,710000000,-20,12,12.163238525400004
2016-12-22T14:41:00.898684,710000000,-20,13,13.148830413799999
2016-12-22T14:41:10.203217,710000000,-20,14,14.162036895699998
2016-12-22T14:41:19.509749,710000000,-20,15,15.137470245399996
2016-12-22T14:41:28.809281,710000000,-20,16,16.300045013499997
2016-12-22T14:41:38.107813,710000000,-20,17,17.248619079599997
2016-12-22T14:41:47.409345,710000000,-20,18,18.254413604699998
2016-12-22T14:41:56.742878,710000000,-20,19,19.271453857399997
2016-12-22T14:42:06.111414,710000000,-20,20,20.254314422600004
2016-12-22T14:42:15.501951,730000000,-20,8,8.0576820374
2016-12-22T14:42:24.617473,730000000,-20,9,9.0311775208
2016-12-22T14:42:33.760996,730000000,-20,10,10.037868499799998
2016-12-22T14:42:42.964522,730000000,-20,11,11.102367401099997
2016-12-22T14:42:52.218051,730000000,-20,12,12.097587585500001
2016-12-22T14:43:01.436579,730000000,-20,13,13.084323883099998
2016-12-22T14:43:10.695108,730000000,-20,14,14.1068611145
2016-12-22T14:43:20.014641,730000000,-20,15,15.092090606699998
2016-12-22T14:43:29.349175,730000000,-20,16,16.2367744446
2016-12-22T14:43:38.632706,730000000,-20,17,17.269542694000002
2016-12-22T14:43:47.971240,730000000,-20,18,18.199512481700005
2016-12-22T14:43:57.309774,730000000,-20,19,19.2101020813
2016-12-22T14:44:06.609306,730000000,-20,20,20.2123146057
2016-12-22T14:44:16.088849,970000000,-20,8,8.061374664299997
2016-12-22T14:44:25.254373,970000000,-20,9,9.014141082699993
2016-12-22T14:44:34.435898,970000000,-20,10,10.066421508799998
2016-12-22T14:44:43.657425,970000000,-20,11,11.056495666499998
2016-12-22T14:44:52.871952,970000000,-20,12,12.081928253200005
2016-12-22T14:45:02.173484,970000000,-20,13,13.077354431100005
2016-12-22T14:45:11.543020,970000000,-20,14,14.0741462708
2016-12-22T14:45:20.941558,970000000,-20,15,15.0821037292
2016-12-22T14:45:30.322094,970000000,-20,16,16.1694984436
2016-12-22T14:45:39.715632,970000000,-20,17,17.2080535889
2016-12-22T14:45:49.124170,970000000,-20,18,18.214302062999998
2016-12-22T14:45:58.733720,970000000,-20,19,19.185527801499994
2016-12-22T14:46:08.272265,970000000,-20,20,20.20154953
2016-12-22T14:46:17.719805,990000000,-20,8,8.084346771200003
2016-12-22T14:46:26.978335,990000000,-20,9,9.061710357599999
2016-12-22T14:46:36.178861,990000000,-20,10,10.0686378479
2016-12-22T14:46:45.398389,990000000,-20,11,11.089160919199998
2016-12-22T14:46:54.632917,990000000,-20,12,12.097206115700004
2016-12-22T14:47:04.050455,990000000,-20,13,13.1024017334
2016-12-22T14:47:13.467994,990000000,-20,14,14.081432342600003
2016-12-22T14:47:22.881533,990000000,-20,15,15.100765228300006
2016-12-22T14:47:32.268069,990000000,-20,16,16.226173400899995
2016-12-22T14:47:41.669607,990000000,-20,17,17.215389251700003
2016-12-22T14:47:51.036143,990000000,-20,18,18.201786041300004
2016-12-22T14:48:00.412679,990000000,-20,19,19.192935943600006
2016-12-22T14:48:09.782215,990000000,-20,20,20.236576080300004
2016-12-22T14:48:19.249757,1010000000,-20,8,8.070301055899996
2016-12-22T14:48:28.483285,1010000000,-20,9,9.067111969000003
2016-12-22T14:48:37.685811,1010000000,-20,10,10.063812255899997
2016-12-22T14:48:46.984343,1010000000,-20,11,11.0412712097
2016-12-22T14:48:56.339878,1010000000,-20,12,12.077625274700004
2016-12-22T14:49:05.732415,1010000000,-20,13,13.057739257899996
2016-12-22T14:49:15.129953,1010000000,-20,14,14.077571868900002
2016-12-22T14:49:24.488488,1010000000,-20,15,15.054237365699997
2016-12-22T14:49:33.890026,1010000000,-20,16,16.152473449699997
2016-12-22T14:49:43.260562,1010000000,-20,17,17.1924552917
2016-12-22T14:49:52.694101,1010000000,-20,18,18.1764068604
2016-12-22T14:50:02.089639,1010000000,-20,19,19.160861968999995
2016-12-22T14:50:11.478176,1010000000,-20,20,20.1752967834
2016-12-22T14:50:20.848712,1030000000,-20,8,8.091728210500001
2016-12-22T14:50:29.993235,1030000000,-20,9,9.068935394300006
2016-12-22T14:50:39.176760,1030000000,-20,10,10.073852539
2016-12-22T14:50:48.310282,1030000000,-20,11,11.129959106399994
2016-12-22T14:50:57.446805,1030000000,-20,12,12.127590179500004
2016-12-22T14:51:06.733336,1030000000,-20,13,13.139053344700002
2016-12-22T14:51:16.037868,1030000000,-20,14,14.109870910599994
2016-12-22T14:51:25.348401,1030000000,-20,15,15.145103454599997
2016-12-22T14:51:34.668934,1030000000,-20,16,16.211700439400005
2016-12-22T14:51:43.997467,1030000000,-20,17,17.2124519348
2016-12-22T14:51:53.265998,1030000000,-20,18,18.182472229000005
2016-12-22T14:52:02.566530,1030000000,-20,19,19.2292861938
2016-12-22T14:52:11.844060,1030000000,-20,20,20.158725738500003
2016-12-22T14:52:21.198595,1050000000,-20,8,8.104526519800004
2016-12-22T14:52:30.255113,1050000000,-20,9,9.076068878199997
2016-12-22T14:52:39.315632,1050000000,-20,10,10.0830993653
2016-12-22T14:52:48.486156,1050000000,-20,11,11.103057861399996
2016-12-22T14:52:57.656681,1050000000,-20,12,12.1186752319
2016-12-22T14:53:06.958213,1050000000,-20,13,13.1181221008
2016-12-22T14:53:16.288746,1050000000,-20,14,14.106201171900004
2016-12-22T14:53:25.601279,1050000000,-20,15,15.141704559400004
2016-12-22T14:53:34.873809,1050000000,-20,16,16.1703109742
2016-12-22T14:53:44.171341,1050000000,-20,17,17.2020263672
2016-12-22T14:53:53.521876,1050000000,-20,18,18.225402832
2016-12-22T14:54:02.790406,1050000000,-20,19,19.1806221008
2016-12-22T14:54:12.076937,1050000000,-20,20,20.1572685242
2016-12-22T14:54:21.490476,1070000000,-20,8,8.084815978999998
2016-12-22T14:54:30.660000,1070000000,-20,9,9.077857971199997
2016-12-22T14:54:39.825524,1070000000,-20,10,10.054702758800005
2016-12-22T14:54:48.976048,1070000000,-20,11,11.0946350097
2016-12-22T14:54:58.151572,1070000000,-20,12,12.102092742899998
2016-12-22T14:55:07.429103,1070000000,-20,13,13.100780487000002
2016-12-22T14:55:16.757637,1070000000,-20,14,14.0982666015
2016-12-22T14:55:26.068169,1070000000,-20,15,15.0957984924
2016-12-22T14:55:35.312698,1070000000,-20,16,16.182392120400003
2016-12-22T14:55:44.612230,1070000000,-20,17,17.1773872376
2016-12-22T14:55:53.917762,1070000000,-20,18,18.175956726000003
2016-12-22T14:56:03.266297,1070000000,-20,19,19.1613006591
2016-12-22T14:56:12.634833,1070000000,-20,20,20.154003143399997
2016-12-22T14:56:22.015369,1090000000,-20,8,8.0810546875
2016-12-22T14:56:31.134891,1090000000,-20,9,9.072910308799997
2016-12-22T14:56:40.301415,1090000000,-20,10,10.065330505399999
2016-12-22T14:56:49.417937,1090000000,-20,11,11.087322235100004
2016-12-22T14:56:58.572460,1090000000,-20,12,12.072025298999996
2016-12-22T14:57:07.861991,1090000000,-20,13,13.090751647999994
2016-12-22T14:57:17.116521,1090000000,-20,14,14.063747406000005
2016-12-22T14:57:26.407052,1090000000,-20,15,15.0909881591
2016-12-22T14:57:35.721585,1090000000,-20,16,16.214160919199998
2016-12-22T14:57:45.024117,1090000000,-20,17,17.2249145508
2016-12-22T14:57:54.337650,1090000000,-20,18,18.202747345
2016-12-22T14:58:03.620181,1090000000,-20,19,19.2222862243
2016-12-22T14:58:12.892711,1090000000,-20,20,20.2133102417
2016-12-22T14:58:22.322250,1110000000,-20,8,8.065189361599998
2016-12-22T14:58:31.472774,1110000000,-20,9,9.037845611600005
2016-12-22T14:58:40.543293,1110000000,-20,10,10.046657562299998
2016-12-22T14:58:50.091839,1110000000,-20,11,11.084079742500002
2016-12-22T14:58:59.411372,1110000000,-20,12,12.0964012146
2016-12-22T14:59:09.108926,1110000000,-20,13,13.1207046508
2016-12-22T14:59:18.394458,1110000000,-20,14,14.075622558600003
2016-12-22T14:59:27.726991,1110000000,-20,15,15.095920562699995
2016-12-22T14:59:36.969520,1110000000,-20,16,16.200584411600005
2016-12-22T14:59:46.298054,1110000000,-20,17,17.2358398438
2016-12-22T14:59:55.570584,1110000000,-20,18,18.2620658875
2016-12-22T15:00:04.845114,1110000000,-20,19,19.2265090943
2016-12-22T15:00:14.115645,1110000000,-20,20,20.2329483033
2016-12-22T15:00:23.448178,1130000000,-20,8,8.081802368200002
2016-12-22T15:00:32.582701,1130000000,-20,9,9.082221984900002
2016-12-22T15:00:41.681221,1130000000,-20,10,10.077594757099995
2016-12-22T15:00:51.047757,1130000000,-20,11,11.075778961200001
2016-12-22T15:01:00.417293,1130000000,-20,12,12.090988159200002
2016-12-22T15:01:09.683823,1130000000,-20,13,13.1219749451
2016-12-22T15:01:18.988355,1130000000,-20,14,14.123065948499999
2016-12-22T15:01:28.485898,1130000000,-20,15,15.150840759299996
2016-12-22T15:01:37.733427,1130000000,-20,16,16.076538085899998
2016-12-22T15:01:47.034959,1130000000,-20,17,17.231685638399995
2016-12-22T15:01:56.375494,1130000000,-20,18,18.2446594238
2016-12-22T15:02:05.681026,1130000000,-20,19,19.259223937999998
2016-12-22T15:02:15.024560,1130000000,-20,20,20.233829498299997
2016-12-22T15:02:24.470100,1150000000,-20,8,8.037475586
2016-12-22T15:02:33.552620,1150000000,-20,9,9.012573242099997
2016-12-22T15:02:42.696143,1150000000,-20,10,10.0710296631
2016-12-22T15:02:51.824665,1150000000,-20,11,11.063457489000001
2016-12-22T15:03:01.028191,1150000000,-20,12,12.081947326600002
2016-12-22T15:03:10.323723,1150000000,-20,13,13.0929832458
2016-12-22T15:03:19.583253,1150000000,-20,14,14.090160369899998
2016-12-22T15:03:28.894785,1150000000,-20,15,15.073261260999999
2016-12-22T15:03:38.236320,1150000000,-20,16,16.0569229126
2016-12-22T15:03:47.563853,1150000000,-20,17,17.2121315002
2016-12-22T15:03:56.900387,1150000000,-20,18,18.2109642029
2016-12-22T15:04:06.163917,1150000000,-20,19,19.2127265931
2016-12-22T15:04:15.465449,1150000000,-20,20,20.2069129944
2016-12-22T15:04:24.998994,1170000000,-20,8,8.062553405800003
2016-12-22T15:04:34.132517,1170000000,-20,9,9.055068969700002
2016-12-22T15:04:43.252038,1170000000,-20,10,10.066711425800001
2016-12-22T15:04:52.389561,1170000000,-20,11,11.047218322699997
2016-12-22T15:05:01.491082,1170000000,-20,12,12.059234619199998
2016-12-22T15:05:10.847617,1170000000,-20,13,13.112388610799997
2016-12-22T15:05:20.098146,1170000000,-20,14,14.062160491900002
2016-12-22T15:05:29.395678,1170000000,-20,15,15.095531463599997
2016-12-22T15:05:38.692209,1170000000,-20,16,16.095088958700003
2016-12-22T15:05:47.953739,1170000000,-20,17,17.223316192600002
2016-12-22T15:05:57.220269,1170000000,-20,18,18.215740203899998
2016-12-22T15:06:06.536802,1170000000,-20,19,19.217735290500002
2016-12-22T15:06:16.296360,1170000000,-20,20,20.175830841
2016-12-22T15:06:25.704898,1190000000,-20,8,8.030048370400003
2016-12-22T15:06:34.755416,1190000000,-20,9,9.053833007900003
2016-12-22T15:06:44.296962,1190000000,-20,10,10.0616188049
2016-12-22T15:06:53.398482,1190000000,-20,11,11.076919555700002
2016-12-22T15:07:02.510003,1190000000,-20,12,12.069721221999998
2016-12-22T15:07:11.824536,1190000000,-20,13,13.077514648399998
2016-12-22T15:07:21.178071,1190000000,-20,14,14.0967445374
2016-12-22T15:07:30.514605,1190000000,-20,15,15.120437622099999
2016-12-22T15:07:39.808137,1190000000,-20,16,16.184810638400002
2016-12-22T15:07:49.077667,1190000000,-20,17,17.1797065735
2016-12-22T15:07:58.363198,1190000000,-20,18,18.1730537415
2016-12-22T15:08:07.729734,1190000000,-20,19,19.1947135925
2016-12-22T15:08:17.000264,1190000000,-20,20,20.1937522888
2016-12-22T15:08:26.406802,1210000000,-20,8,8.069534301800005
2016-12-22T15:08:35.568326,1210000000,-20,9,9.078479766800001
2016-12-22T15:08:44.667846,1210000000,-20,10,10.052982330299997
2016-12-22T15:08:54.206392,1210000000,-20,11,11.044982910100003
2016-12-22T15:09:03.319913,1210000000,-20,12,12.077301025399997
2016-12-22T15:09:12.618445,1210000000,-20,13,13.1155624389
2016-12-22T15:09:22.321000,1210000000,-20,14,14.089954376199998
2016-12-22T15:09:31.664535,1210000000,-20,15,15.0834999084
2016-12-22T15:09:41.184079,1210000000,-20,16,16.165454864500006
2016-12-22T15:09:50.451609,1210000000,-20,17,17.212162017799997
2016-12-22T15:09:59.752141,1210000000,-20,18,18.227024078299998
2016-12-22T15:10:09.052673,1210000000,-20,19,19.225360870299994
2016-12-22T15:10:18.354205,1210000000,-20,20,20.219764709400003
2016-12-22T15:10:27.754743,1230000000,-20,8,8.0242996216
2016-12-22T15:10:36.912267,1230000000,-20,9,9.0509185791
2016-12-22T15:10:46.040789,1230000000,-20,10,10.068134307800001
2016-12-22T15:10:55.330320,1230000000,-20,11,11.0684242249
2016-12-22T15:11:04.624852,1230000000,-20,12,12.071140289299997
2016-12-22T15:11:13.914383,1230000000,-20,13,13.085300445499996
2016-12-22T15:11:23.215915,1230000000,-20,14,14.062610626200005
2016-12-22T15:11:32.528448,1230000000,-20,15,15.079605102600006
2016-12-22T15:11:41.826979,1230000000,-20,16,16.2124710083
2016-12-22T15:11:51.122511,1230000000,-20,17,17.229690551800005
2016-12-22T15:12:00.427043,1230000000,-20,18,18.221717834499998
2016-12-22T15:12:09.807580,1230000000,-20,19,19.216812133799998
2016-12-22T15:12:19.143114,1230000000,-20,20,20.214279174799998
2016-12-22T15:12:28.573653,1250000000,-20,8,8.052932739200003
2016-12-22T15:12:37.748178,1250000000,-20,9,9.068855285600002
2016-12-22T15:12:46.879700,1250000000,-20,10,10.026653289800002
2016-12-22T15:12:55.977221,1250000000,-20,11,11.0924072265
2016-12-22T15:13:05.084741,1250000000,-20,12,12.051704406699997
2016-12-22T15:13:14.425276,1250000000,-20,13,13.077877044700003
2016-12-22T15:13:23.754809,1250000000,-20,14,14.066886901800004
2016-12-22T15:13:33.026340,1250000000,-20,15,15.087200164799995
2016-12-22T15:13:42.354873,1250000000,-20,16,16.1877326965
2016-12-22T15:13:51.702408,1250000000,-20,17,17.1912193298
2016-12-22T15:14:01.034942,1250000000,-20,18,18.2249526978
2016-12-22T15:14:10.335474,1250000000,-20,19,19.2488059998
2016-12-22T15:14:19.651006,1250000000,-20,20,20.216327667199998
2016-12-22T15:14:29.036543,1270000000,-20,8,8.019569396900003
2016-12-22T15:14:38.171066,1270000000,-20,9,9.014518737799996
2016-12-22T15:14:47.272586,1270000000,-20,10,10.028049469000003
2016-12-22T15:14:56.340105,1270000000,-20,11,11.005451202400003
2016-12-22T15:15:05.487628,1270000000,-20,12,12.0609893799
2016-12-22T15:15:14.789160,1270000000,-20,13,13.038616180399998
2016-12-22T15:15:24.087692,1270000000,-20,14,14.057796478299998
2016-12-22T15:15:33.332221,1270000000,-20,15,15.065349578899998
2016-12-22T15:15:42.629753,1270000000,-20,16,16.178642273
2016-12-22T15:15:51.942285,1270000000,-20,17,17.1891098022
2016-12-22T15:16:01.276819,1270000000,-20,18,18.2242851257
2016-12-22T15:16:10.638355,1270000000,-20,19,19.184608459500005
2016-12-22T15:16:19.943887,1270000000,-20,20,20.208435058599996
2016-12-22T15:16:29.309422,1290000000,-20,8,8.077404022200007
2016-12-22T15:16:38.379941,1290000000,-20,9,9.039398193300002
2016-12-22T15:16:47.469461,1290000000,-20,10,10.033943176199998
2016-12-22T15:16:56.579982,1290000000,-20,11,11.081298828099996
2016-12-22T15:17:05.896515,1290000000,-20,12,12.088500976600002
2016-12-22T15:17:15.167045,1290000000,-20,13,13.099121093699999
2016-12-22T15:17:24.414574,1290000000,-20,14,14.081081390400001
2016-12-22T15:17:33.738108,1290000000,-20,15,15.114742278999998
2016-12-22T15:17:43.069641,1290000000,-20,16,16.208572387700002
2016-12-22T15:17:52.367173,1290000000,-20,17,17.252006530800003
2016-12-22T15:18:01.697707,1290000000,-20,18,18.203136444099997
2016-12-22T15:18:11.050242,1290000000,-20,19,19.244972229
2016-12-22T15:18:20.399776,1290000000,-20,20,20.2099876404
2016-12-22T15:18:29.788313,1310000000,-20,8,8.081310272300001
2016-12-22T15:18:38.900835,1310000000,-20,9,9.0630607605
2016-12-22T15:18:48.073359,1310000000,-20,10,10.051456451500002
2016-12-22T15:18:57.216882,1310000000,-20,11,11.067447662300005
2016-12-22T15:19:06.334404,1310000000,-20,12,12.087375640799998
2016-12-22T15:19:15.603934,1310000000,-20,13,13.105743408199999
2016-12-22T15:19:24.893465,1310000000,-20,14,14.105155944799996
2016-12-22T15:19:34.205998,1310000000,-20,15,15.093875885000003
2016-12-22T15:19:43.491529,1310000000,-20,16,16.2257728577
2016-12-22T15:19:52.793061,1310000000,-20,17,17.252006530800003
2016-12-22T15:20:02.092593,1310000000,-20,18,18.225383758599996
2016-12-22T15:20:11.395125,1310000000,-20,19,19.207775116
2016-12-22T15:20:20.706658,1310000000,-20,20,20.230968475300003
2016-12-22T15:20:30.058193,1330000000,-20,8,8.072807312099997
2016-12-22T15:20:39.448730,1330000000,-20,9,9.0613594055
2016-12-22T15:20:48.593253,1330000000,-20,10,10.082839965799998
2016-12-22T15:20:57.758777,1330000000,-20,11,11.062835693300002
2016-12-22T15:21:06.883299,1330000000,-20,12,12.1033096313
2016-12-22T15:21:16.067824,1330000000,-20,13,13.112964630199997
2016-12-22T15:21:25.366356,1330000000,-20,14,14.089916229300002
2016-12-22T15:21:34.652887,1330000000,-20,15,15.121879577600005
2016-12-22T15:21:43.912417,1330000000,-20,16,16.245231628400006
2016-12-22T15:21:53.215949,1330000000,-20,17,17.2230033875
2016-12-22T15:22:02.555483,1330000000,-20,18,18.250358581499995
2016-12-22T15:22:11.816013,1330000000,-20,19,19.232967376699996
2016-12-22T15:22:21.085543,1330000000,-20,20,20.231224060099997
2016-12-22T15:22:30.769097,1350000000,-20,8,8.063877105700001
2016-12-22T15:22:39.933621,1350000000,-20,9,9.101642608600002
2016-12-22T15:22:49.059143,1350000000,-20,10,10.083957672099999
2016-12-22T15:22:58.488682,1350000000,-20,11,11.0957450867
2016-12-22T15:23:07.758212,1350000000,-20,12,12.112899780199996
2016-12-22T15:23:17.330760,1350000000,-20,13,13.082946777299995
2016-12-22T15:23:26.664294,1350000000,-20,14,14.1180763244
2016-12-22T15:23:35.906822,1350000000,-20,15,15.151550293
2016-12-22T15:23:45.221355,1350000000,-20,16,16.228107452400003
2016-12-22T15:23:54.541888,1350000000,-20,17,17.2102813721
2016-12-22T15:24:03.822419,1350000000,-20,18,18.2325134277
2016-12-22T15:24:13.124951,1350000000,-20,19,19.228050232
2016-12-22T15:24:22.394481,1350000000,-20,20,20.2196998596
2016-12-22T15:24:31.722015,1370000000,-20,8,8.028602600100001
2016-12-22T15:24:40.796534,1370000000,-20,9,9.050903320300002
2016-12-22T15:24:49.941057,1370000000,-20,10,10.067966461200001
2016-12-22T15:24:59.045578,1370000000,-20,11,11.080177307100001
2016-12-22T15:25:08.671128,1370000000,-20,12,12.0718269348
2016-12-22T15:25:17.810651,1370000000,-20,13,13.105121612600001
2016-12-22T15:25:27.072181,1370000000,-20,14,14.120189666800002
2016-12-22T15:25:36.749734,1370000000,-20,15,15.114200592100005
2016-12-22T15:25:46.050266,1370000000,-20,16,16.2399253846
2016-12-22T15:25:55.318796,1370000000,-20,17,17.1918067932
2016-12-22T15:26:04.600327,1370000000,-20,18,18.263610839800002
2016-12-22T15:26:13.869857,1370000000,-20,19,19.2616271973
2016-12-22T15:26:23.183390,1370000000,-20,20,20.277614593500005
2016-12-22T15:26:32.585928,1390000000,-20,8,8.060573577900001
2016-12-22T15:26:41.773453,1390000000,-20,9,9.077270507800002
2016-12-22T15:26:50.899975,1390000000,-20,10,10.056274414100002
2016-12-22T15:27:00.075500,1390000000,-20,11,11.0708465576
2016-12-22T15:27:09.375032,1390000000,-20,12,12.063468933099998
2016-12-22T15:27:18.622561,1390000000,-20,13,13.079765319899998
2016-12-22T15:27:27.904092,1390000000,-20,14,14.113498687700002
2016-12-22T15:27:37.207624,1390000000,-20,15,15.105632782
2016-12-22T15:27:46.494155,1390000000,-20,16,16.223400116
2016-12-22T15:27:55.788687,1390000000,-20,17,17.2321624756
2016-12-22T15:28:05.110220,1390000000,-20,18,18.252941131600004
2016-12-22T15:28:14.527759,1390000000,-20,19,19.2387428284
2016-12-22T15:28:23.839291,1390000000,-20,20,20.251667022700005
2016-12-22T15:28:33.318833,1410000000,-20,8,8.0560073853
2016-12-22T15:28:42.485358,1410000000,-20,9,9.040813446099996
2016-12-22T15:28:51.638881,1410000000,-20,10,10.055648803700002
2016-12-22T15:29:00.742402,1410000000,-20,11,11.042137146000002
2016-12-22T15:29:09.873924,1410000000,-20,12,12.0479888916
2016-12-22T15:29:19.188457,1410000000,-20,13,13.051471710199998
2016-12-22T15:29:28.440986,1410000000,-20,14,14.0792922973
2016-12-22T15:29:37.757519,1410000000,-20,15,15.102798462000003
2016-12-22T15:29:47.133055,1410000000,-20,16,16.1949920654
2016-12-22T15:29:56.447588,1410000000,-20,17,17.268657684400004
2016-12-22T15:30:05.787122,1410000000,-20,18,18.1979598999
2016-12-22T15:30:15.072653,1410000000,-20,19,19.244663238599998
2016-12-22T15:30:24.604199,1410000000,-20,20,20.242778778100003
2016-12-22T15:30:33.989735,1430000000,-20,8,8.034255981400001
2016-12-22T15:30:43.115257,1430000000,-20,9,9.051334381100006
2016-12-22T15:30:52.692805,1430000000,-20,10,10.003417968699999
2016-12-22T15:31:02.000338,1430000000,-20,11,11.079429626499994
2016-12-22T15:31:11.368873,1430000000,-20,12,12.084415435799997
2016-12-22T15:31:20.649404,1430000000,-20,13,13.118717193599998
2016-12-22T15:31:30.020940,1430000000,-20,14,14.1133270264
2016-12-22T15:31:39.351474,1430000000,-20,15,15.0895843506
2016-12-22T15:31:48.651006,1430000000,-20,16,16.2319107055
2016-12-22T15:31:57.942537,1430000000,-20,17,17.227111816399997
2016-12-22T15:32:07.275071,1430000000,-20,18,18.279178619300005
2016-12-22T15:32:16.640607,1430000000,-20,19,19.255176544199998
2016-12-22T15:32:25.994142,1430000000,-20,20,20.229148864799996
2016-12-22T15:32:35.342676,1450000000,-20,8,8.036815643399997
2016-12-22T15:32:44.428196,1450000000,-20,9,9.029029846199997
2016-12-22T15:32:53.510716,1450000000,-20,10,10.028308868400003
2016-12-22T15:33:02.641238,1450000000,-20,11,11.043788909900002
2016-12-22T15:33:11.760759,1450000000,-20,12,12.070907592799998
2016-12-22T15:33:21.042290,1450000000,-20,13,13.0975608826
2016-12-22T15:33:30.473830,1450000000,-20,14,14.120731353799997
2016-12-22T15:33:39.779362,1450000000,-20,15,15.134563446000001
2016-12-22T15:33:49.271905,1450000000,-20,16,16.2942695618
2016-12-22T15:33:58.545435,1450000000,-20,17,17.257820129399995
2016-12-22T15:34:07.883969,1450000000,-20,18,18.2651786804
2016-12-22T15:34:17.180501,1450000000,-20,19,19.268173217799998
2016-12-22T15:34:26.450031,1450000000,-20,20,20.280422210700003
2016-12-22T15:34:35.866570,1470000000,-20,8,8.050514221199997
2016-12-22T15:34:45.049095,1470000000,-20,9,9.065147399899999
2016-12-22T15:34:54.149616,1470000000,-20,10,10.022891998299997
2016-12-22T15:35:03.236135,1470000000,-20,11,11.0900955201
2016-12-22T15:35:12.338656,1470000000,-20,12,12.0952415466
2016-12-22T15:35:21.619187,1470000000,-20,13,13.127658844000003
2016-12-22T15:35:30.963721,1470000000,-20,14,14.131530761699999
2016-12-22T15:35:40.568271,1470000000,-20,15,15.122184753500001
2016-12-22T15:35:49.854802,1470000000,-20,16,16.227836608900006
2016-12-22T15:35:59.182335,1470000000,-20,17,17.259334564199996
2016-12-22T15:36:08.653877,1470000000,-20,18,18.2360000611
2016-12-22T15:36:17.938408,1470000000,-20,19,19.2568778992
2016-12-22T15:36:27.495955,1470000000,-20,20,20.229385376000003
2016-12-22T15:36:36.919494,1490000000,-20,8,8.061946868900002
2016-12-22T15:36:46.015014,1490000000,-20,9,9.0290870667
2016-12-22T15:36:55.128535,1490000000,-20,10,10.027336120600005
2016-12-22T15:37:04.260058,1490000000,-20,11,11.089332580599994
2016-12-22T15:37:13.443583,1490000000,-20,12,12.099014282200002
2016-12-22T15:37:22.575105,1490000000,-20,13,13.097877502400003
2016-12-22T15:37:31.874637,1490000000,-20,14,14.091381073
2016-12-22T15:37:41.129166,1490000000,-20,15,15.103858947699997
2016-12-22T15:37:50.418698,1490000000,-20,16,16.2266349793
2016-12-22T15:37:59.692228,1490000000,-20,17,17.2568092346
2016-12-22T15:38:09.023762,1490000000,-20,18,18.2258415222
2016-12-22T15:38:18.447301,1490000000,-20,19,19.214527130099995
2016-12-22T15:38:27.822837,1490000000,-20,20,20.236000061
2016-12-22T15:38:37.217374,1510000000,-20,8,8.059654235899998
2016-12-22T15:38:46.522907,1510000000,-20,9,9.030956268299995
2016-12-22T15:38:55.723433,1510000000,-20,10,10.031803131099998
2016-12-22T15:39:05.319982,1510000000,-20,11,11.082065582299997
2016-12-22T15:39:14.587512,1510000000,-20,12,12.1084251403
2016-12-22T15:39:23.684032,1510000000,-20,13,13.1120262146
2016-12-22T15:39:32.985564,1510000000,-20,14,14.120571136499997
2016-12-22T15:39:42.304097,1510000000,-20,15,15.084014892599996
2016-12-22T15:39:51.581628,1510000000,-20,16,16.232902526800004
2016-12-22T15:40:00.854158,1510000000,-20,17,17.197929382399998
2016-12-22T15:40:10.156690,1510000000,-20,18,18.2195358277
2016-12-22T15:40:19.487224,1510000000,-20,19,19.239009857199996
2016-12-22T15:40:28.839759,1510000000,-20,20,20.2272377014
2016-12-22T15:40:38.173293,1530000000,-20,8,8.083377838100006
2016-12-22T15:40:47.330817,1530000000,-20,9,9.0301132202
2016-12-22T15:40:56.644349,1530000000,-20,10,10.051647186300002
2016-12-22T15:41:05.740870,1530000000,-20,11,11.065856933599996
2016-12-22T15:41:14.828389,1530000000,-20,12,12.090862274100004
2016-12-22T15:41:24.120921,1530000000,-20,13,13.070762634300003
2016-12-22T15:41:33.375450,1530000000,-20,14,14.1036758423
2016-12-22T15:41:42.661981,1530000000,-20,15,15.067596435600002
2016-12-22T15:41:51.991515,1530000000,-20,16,16.1818695068
2016-12-22T15:42:01.289047,1530000000,-20,17,17.190597534200002
2016-12-22T15:42:10.560577,1530000000,-20,18,18.2141761779
2016-12-22T15:42:19.865109,1530000000,-20,19,19.202640533500002
2016-12-22T15:42:29.175642,1530000000,-20,20,20.253124237100003
2016-12-22T15:42:38.593180,1550000000,-20,8,8.071735382100002
2016-12-22T15:42:47.715702,1550000000,-20,9,9.012641906699997
2016-12-22T15:42:56.850225,1550000000,-20,10,10.062107086200001
2016-12-22T15:43:05.964746,1550000000,-20,11,11.081104278600002
2016-12-22T15:43:15.049266,1550000000,-20,12,12.078449249299993
2016-12-22T15:43:24.285794,1550000000,-20,13,13.066864013599996
2016-12-22T15:43:33.599327,1550000000,-20,14,14.075305938699998
2016-12-22T15:43:42.884858,1550000000,-20,15,15.087039947500003
2016-12-22T15:43:52.220392,1550000000,-20,16,16.2632751465
2016-12-22T15:44:01.540925,1550000000,-20,17,17.295143127400003
2016-12-22T15:44:10.785453,1550000000,-20,18,18.245265960699996
2016-12-22T15:44:20.070985,1550000000,-20,19,19.231018066399997
2016-12-22T15:44:29.352515,1550000000,-20,20,20.232078552300003
2016-12-22T15:44:38.777054,1570000000,-20,8,8.026187896799996
2016-12-22T15:44:47.928578,1570000000,-20,9,9.051406860299998
2016-12-22T15:44:57.049100,1570000000,-20,10,10.039836883500001
2016-12-22T15:45:06.160621,1570000000,-20,11,11.013313293399996
2016-12-22T15:45:15.292143,1570000000,-20,12,12.056346893300002
2016-12-22T15:45:24.460667,1570000000,-20,13,13.068435668900001
2016-12-22T15:45:33.710196,1570000000,-20,14,14.0346946716
2016-12-22T15:45:43.075732,1570000000,-20,15,15.060371398900003
2016-12-22T15:45:52.349263,1570000000,-20,16,16.180469513
2016-12-22T15:46:01.606792,1570000000,-20,17,17.1873435974
2016-12-22T15:46:10.908324,1570000000,-20,18,18.2227745056
2016-12-22T15:46:20.196855,1570000000,-20,19,19.237136840799998
2016-12-22T15:46:29.524389,1570000000,-20,20,20.180843353200004
2016-12-22T15:46:38.910926,1590000000,-20,8,8.059646606499996
2016-12-22T15:46:47.980445,1590000000,-20,9,9.032768249500002
2016-12-22T15:46:57.111967,1590000000,-20,10,10.006381988599998
2016-12-22T15:47:06.230488,1590000000,-20,11,11.043869018500004
2016-12-22T15:47:15.484018,1590000000,-20,12,12.098140716499998
2016-12-22T15:47:24.797550,1590000000,-20,13,13.136455535899998
2016-12-22T15:47:34.133084,1590000000,-20,14,14.0887298584
2016-12-22T15:47:43.457618,1590000000,-20,15,15.056926727299995
2016-12-22T15:47:52.761150,1590000000,-20,16,16.0826301575
2016-12-22T15:48:02.067682,1590000000,-20,17,17.228965759299996
2016-12-22T15:48:11.358213,1590000000,-20,18,18.2447052001
2016-12-22T15:48:20.661746,1590000000,-20,19,19.256572723399998
2016-12-22T15:48:29.958277,1590000000,-20,20,20.231761932400005
2016-12-22T15:48:39.314812,1610000000,-20,8,8.018798828100003
2016-12-22T15:48:48.441334,1610000000,-20,9,9.023941040000004
2016-12-22T15:48:57.586858,1610000000,-20,10,10.050468444799996
2016-12-22T15:49:06.688378,1610000000,-20,11,10.9797935486
2016-12-22T15:49:15.824901,1610000000,-20,12,12.077362060600002
2016-12-22T15:49:25.106432,1610000000,-20,13,13.075096130399999
2016-12-22T15:49:34.390963,1610000000,-20,14,14.1048851014
2016-12-22T15:49:43.693495,1610000000,-20,15,15.076637268000006
2016-12-22T15:49:52.965025,1610000000,-20,16,16.083442687999998
2016-12-22T15:50:02.272557,1610000000,-20,17,17.160675048899996
2016-12-22T15:50:11.578090,1610000000,-20,18,18.191860198999997
2016-12-22T15:50:20.862621,1610000000,-20,19,19.198875427199994
2016-12-22T15:50:30.146152,1610000000,-20,20,20.198890686
2016-12-22T15:50:39.509687,1630000000,-20,8,8.060062408500002
2016-12-22T15:50:48.511202,1630000000,-20,9,9.047309875499998
2016-12-22T15:50:57.644724,1630000000,-20,10,10.074668884300003
2016-12-22T15:51:06.815249,1630000000,-20,11,11.035526275599999
2016-12-22T15:51:15.948771,1630000000,-20,12,12.054622650200002
2016-12-22T15:51:25.285305,1630000000,-20,13,13.1152763367
2016-12-22T15:51:34.597838,1630000000,-20,14,14.062889099099998
2016-12-22T15:51:43.881369,1630000000,-20,15,15.113162994299998
2016-12-22T15:51:53.204902,1630000000,-20,16,16.0909767151
2016-12-22T15:52:02.517435,1630000000,-20,17,17.179443359299995
2016-12-22T15:52:11.774964,1630000000,-20,18,18.183605194100004
2016-12-22T15:52:21.099498,1630000000,-20,19,19.212524414
2016-12-22T15:52:30.406030,1630000000,-20,20,20.218151092599996
2016-12-22T15:52:39.776566,1650000000,-20,8,8.0362968445
2016-12-22T15:52:48.973092,1650000000,-20,9,9.0325698853
2016-12-22T15:52:58.035610,1650000000,-20,10,10.016780853299998
2016-12-22T15:53:07.177133,1650000000,-20,11,11.0382957458
2016-12-22T15:53:16.304655,1650000000,-20,12,12.065742492600002
2016-12-22T15:53:25.618188,1650000000,-20,13,13.1009597778
2016-12-22T15:53:34.790713,1650000000,-20,14,14.083072662299998
2016-12-22T15:53:44.124247,1650000000,-20,15,15.078071594200004
2016-12-22T15:53:53.395777,1650000000,-20,16,16.081851959299996
2016-12-22T15:54:02.737311,1650000000,-20,17,17.199298858600002
2016-12-22T15:54:12.025842,1650000000,-20,18,18.203163147000005
2016-12-22T15:54:21.381378,1650000000,-20,19,19.206111907900002
2016-12-22T15:54:30.679909,1650000000,-20,20,20.228485107400004
2016-12-22T15:54:40.026444,1670000000,-20,8,8.0469894409
2016-12-22T15:54:49.125964,1670000000,-20,9,9.076633453300005
2016-12-22T15:54:58.213484,1670000000,-20,10,10.056030273400005
2016-12-22T15:55:07.328006,1670000000,-20,11,11.051387786900001
2016-12-22T15:55:16.411525,1670000000,-20,12,12.077922821000001
2016-12-22T15:55:25.734058,1670000000,-20,13,13.1171607972
2016-12-22T15:55:35.063592,1670000000,-20,14,14.097869873
2016-12-22T15:55:44.345123,1670000000,-20,15,15.092617034900002
2016-12-22T15:55:53.687657,1670000000,-20,16,16.094936370899994
2016-12-22T15:56:02.988189,1670000000,-20,17,17.2276306153
2016-12-22T15:56:12.303722,1670000000,-20,18,18.235244751000003
2016-12-22T15:56:21.631255,1670000000,-20,19,19.235622406000005
2016-12-22T15:56:30.935788,1670000000,-20,20,20.233169555699995
2016-12-22T15:56:40.390328,1690000000,-20,8,8.103683471699995
2016-12-22T15:56:49.535852,1690000000,-20,9,9.082851409900002
2016-12-22T15:56:58.739378,1690000000,-20,10,10.081638336200001
2016-12-22T15:57:07.854899,1690000000,-20,11,11.065574646000002
2016-12-22T15:57:17.039425,1690000000,-20,12,12.091045379599997
2016-12-22T15:57:26.354957,1690000000,-20,13,13.141551971399998
2016-12-22T15:57:35.695492,1690000000,-20,14,14.149742126500001
2016-12-22T15:57:44.942021,1690000000,-20,15,15.124916076699996
2016-12-22T15:57:54.238552,1690000000,-20,16,16.120742797899993
2016-12-22T15:58:03.556085,1690000000,-20,17,17.239761352600006
2016-12-22T15:58:12.925621,1690000000,-20,18,18.263122558600003
2016-12-22T15:58:22.196151,1690000000,-20,19,19.261684417700003
2016-12-22T15:58:31.539686,1690000000,-20,20,20.279842376699996
2016-12-22T15:58:40.944224,1710000000,-20,8,8.057186126699996
2016-12-22T15:58:50.334761,1710000000,-20,9,9.019073486299995
2016-12-22T15:58:59.444282,1710000000,-20,10,10.051578521799996
2016-12-22T15:59:08.525801,1710000000,-20,11,11.0711288452
2016-12-22T15:59:17.806332,1710000000,-20,12,12.083736419700003
2016-12-22T15:59:27.112864,1710000000,-20,13,13.099666595400002
2016-12-22T15:59:36.402396,1710000000,-20,14,14.082012176500001
2016-12-22T15:59:45.649925,1710000000,-20,15,15.106323242199998
2016-12-22T15:59:54.949457,1710000000,-20,16,16.065093994199998
2016-12-22T16:00:04.250989,1710000000,-20,17,17.2260284424
2016-12-22T16:00:13.537520,1710000000,-20,18,18.2031021118
2016-12-22T16:00:22.850052,1710000000,-20,19,19.213813781700004
2016-12-22T16:00:32.113582,1710000000,-20,20,20.2447967529
2016-12-22T16:00:41.466117,1730000000,-20,8,8.033855438300002
2016-12-22T16:00:50.620641,1730000000,-20,9,9.0301132202
2016-12-22T16:00:59.767164,1730000000,-20,10,10.025066375800002
2016-12-22T16:01:09.333711,1730000000,-20,11,11.015426635700003
2016-12-22T16:01:18.411230,1730000000,-20,12,12.037391662600001
2016-12-22T16:01:28.147787,1730000000,-20,13,13.103366851800004
2016-12-22T16:01:37.470320,1730000000,-20,14,14.083599090499995
2016-12-22T16:01:46.743851,1730000000,-20,15,15.049404144299999
2016-12-22T16:01:56.058384,1730000000,-20,16,16.063159942600002
2016-12-22T16:02:05.425919,1730000000,-20,17,17.2092895508
2016-12-22T16:02:14.773454,1730000000,-20,18,18.208511352499997
2016-12-22T16:02:24.059985,1730000000,-20,19,19.222640991199995
2016-12-22T16:02:33.414520,1730000000,-20,20,20.205493927
2016-12-22T16:02:42.816058,1750000000,-20,8,8.049079894999998
2016-12-22T16:02:51.914578,1750000000,-20,9,9.026618957499998
2016-12-22T16:03:01.026100,1750000000,-20,10,10.042881011999995
2016-12-22T16:03:10.195624,1750000000,-20,11,11.0086975097
2016-12-22T16:03:19.474155,1750000000,-20,12,12.010963439899996
2016-12-22T16:03:28.599677,1750000000,-20,13,13.0430641174
2016-12-22T16:03:37.878207,1750000000,-20,14,14.077140808100005
2016-12-22T16:03:47.565761,1750000000,-20,15,15.072280883800005
2016-12-22T16:03:56.897295,1750000000,-20,16,16.044422149700004
2016-12-22T16:04:06.433841,1750000000,-20,17,17.175292968799994
2016-12-22T16:04:15.680370,1750000000,-20,18,18.199329376200005
2016-12-22T16:04:24.999903,1750000000,-20,19,19.210597991999997
2016-12-22T16:04:34.337437,1750000000,-20,20,20.2295989991
2016-12-22T16:04:43.732974,1770000000,-20,8,8.042629241999997
2016-12-22T16:04:52.824494,1770000000,-20,9,9.047149658199999
2016-12-22T16:05:01.923014,1770000000,-20,10,10.008312225300003
2016-12-22T16:05:11.065537,1770000000,-20,11,11.023147582999997
2016-12-22T16:05:20.399071,1770000000,-20,12,12.069721221900004
2016-12-22T16:05:29.696603,1770000000,-20,13,13.072059631400002
2016-12-22T16:05:39.028137,1770000000,-20,14,14.053371429499997
2016-12-22T16:05:48.371671,1770000000,-20,15,15.072666168200001
2016-12-22T16:05:57.727206,1770000000,-20,16,16.0334854126
2016-12-22T16:06:07.007737,1770000000,-20,17,17.182693481500003
2016-12-22T16:06:16.273267,1770000000,-20,18,18.220691680899996
2016-12-22T16:06:25.573799,1770000000,-20,19,19.2115631104
2016-12-22T16:06:34.842329,1770000000,-20,20,20.2081451416
2016-12-22T16:06:44.245867,1790000000,-20,8,8.027797698900002
2016-12-22T16:06:53.409391,1790000000,-20,9,9.0382499695
2016-12-22T16:07:02.530913,1790000000,-20,10,10.024543762200004
2016-12-22T16:07:11.643434,1790000000,-20,11,11.087688446100003
2016-12-22T16:07:20.744955,1790000000,-20,12,12.056785583499995
2016-12-22T16:07:30.042486,1790000000,-20,13,13.082927703800003
2016-12-22T16:07:39.379020,1790000000,-20,14,14.076065063500003
2016-12-22T16:07:48.736556,1790000000,-20,15,15.1202583313
2016-12-22T16:07:58.082090,1790000000,-20,16,16.0610160827
2016-12-22T16:08:07.398623,1790000000,-20,17,17.2102813721
2016-12-22T16:08:16.737157,1790000000,-20,18,18.215465545600004
2016-12-22T16:08:26.036689,1790000000,-20,19,19.203956604
2016-12-22T16:08:35.414225,1790000000,-20,20,20.2190780639
2016-12-22T16:08:44.782761,1810000000,-20,8,8.0755882264
2016-12-22T16:08:53.851280,1810000000,-20,9,9.045398712199997
2016-12-22T16:09:03.381825,1810000000,-20,10,10.050750732399997
2016-12-22T16:09:12.466345,1810000000,-20,11,11.0436401368
2016-12-22T16:09:21.598867,1810000000,-20,12,12.0560798645
2016-12-22T16:09:30.943402,1810000000,-20,13,13.0829353333
2016-12-22T16:09:40.298937,1810000000,-20,14,14.117122650199995
2016-12-22T16:09:49.614469,1810000000,-20,15,15.062435150200002
2016-12-22T16:09:58.946003,1810000000,-20,16,16.051422119200005
2016-12-22T16:10:08.270537,1810000000,-20,17,17.215007782
2016-12-22T16:10:17.589070,1810000000,-20,18,18.2196502686
2016-12-22T16:10:26.858600,1810000000,-20,19,19.196632385199997
2016-12-22T16:10:36.158132,1810000000,-20,20,20.2042007446
2016-12-22T16:10:45.558669,1830000000,-20,8,8.051956176799997
2016-12-22T16:10:54.672191,1830000000,-20,9,9.031196594199997
2016-12-22T16:11:03.750710,1830000000,-20,10,10.032108306900007
2016-12-22T16:11:12.875232,1830000000,-20,11,11.0043029785
2016-12-22T16:11:22.193765,1830000000,-20,12,12.095012664800002
2016-12-22T16:11:31.351288,1830000000,-20,13,13.064502716
2016-12-22T16:11:40.575816,1830000000,-20,14,14.112129211400003
2016-12-22T16:11:49.851347,1830000000,-20,15,15.1086578369
2016-12-22T16:11:59.124877,1830000000,-20,16,16.094940185599995
2016-12-22T16:12:08.464411,1830000000,-20,17,17.2230033875
2016-12-22T16:12:17.754943,1830000000,-20,18,18.219997405999997
2016-12-22T16:12:27.049474,1830000000,-20,19,19.2086563111
2016-12-22T16:12:36.333005,1830000000,-20,20,20.2211418152
2016-12-22T16:12:45.629537,1850000000,-20,8,8.050472259499998
2016-12-22T16:12:54.759059,1850000000,-20,9,9.051063537600001
2016-12-22T16:13:03.855579,1850000000,-20,10,10.051193237300005
2016-12-22T16:13:12.927098,1850000000,-20,11,11.048538207999997
2016-12-22T16:13:22.081622,1850000000,-20,12,12.0731277466
2016-12-22T16:13:31.401155,1850000000,-20,13,13.0676841736
2016-12-22T16:13:40.717688,1850000000,-20,14,14.0861930847
2016-12-22T16:13:50.002219,1850000000,-20,15,15.050849914499999
2016-12-22T16:13:59.317752,1850000000,-20,16,16.061729431099998
2016-12-22T16:14:08.585282,1850000000,-20,17,17.193450927700006
2016-12-22T16:14:17.925816,1850000000,-20,18,18.220111846899997
2016-12-22T16:14:27.266350,1850000000,-20,19,19.226806640599996
2016-12-22T16:14:36.539881,1850000000,-20,20,20.194744110099997
2016-12-22T16:14:45.907416,1870000000,-20,8,8.067955017100005
2016-12-22T16:14:55.090942,1870000000,-20,9,9.052234649599995
2016-12-22T16:15:04.440476,1870000000,-20,10,10.044128417899998
2016-12-22T16:15:13.590000,1870000000,-20,11,11.0053024292
2016-12-22T16:15:22.880531,1870000000,-20,12,12.1095657348
2016-12-22T16:15:32.224066,1870000000,-20,13,13.087341308600003
2016-12-22T16:15:41.506597,1870000000,-20,14,14.101806640699998
2016-12-22T16:15:50.793128,1870000000,-20,15,15.069026946999998
2016-12-22T16:16:00.077659,1870000000,-20,16,16.129726409899995
2016-12-22T16:16:09.381191,1870000000,-20,17,17.1887359619
2016-12-22T16:16:18.671722,1870000000,-20,18,18.235054016099994
2016-12-22T16:16:28.014257,1870000000,-20,19,19.202617645300002
2016-12-22T16:16:37.280787,1870000000,-20,20,20.182929992600002
2016-12-22T16:16:46.596319,1890000000,-20,8,8.0262031555
2016-12-22T16:16:55.773844,1890000000,-20,9,9.0540390014
2016-12-22T16:17:04.931368,1890000000,-20,10,10.045467376799998
2016-12-22T16:17:14.073891,1890000000,-20,11,11.0770111084
2016-12-22T16:17:23.818448,1890000000,-20,12,12.052009582499998
2016-12-22T16:17:33.097979,1890000000,-20,13,13.0564117431
2016-12-22T16:17:42.676527,1890000000,-20,14,14.111011505100002
2016-12-22T16:17:52.006061,1890000000,-20,15,15.109710693300002
2016-12-22T16:18:01.277591,1890000000,-20,16,16.088138580299997
2016-12-22T16:18:10.551121,1890000000,-20,17,17.1765213013
2016-12-22T16:18:19.852653,1890000000,-20,18,18.195667266900003
2016-12-22T16:18:29.122184,1890000000,-20,19,19.178256988500003
2016-12-22T16:18:38.404715,1890000000,-20,20,20.2088241577
2016-12-22T16:18:47.806252,1910000000,-20,8,8.082763671899997
2016-12-22T16:18:57.019779,1910000000,-20,9,9.033447265600003
2016-12-22T16:19:06.177303,1910000000,-20,10,10.057437896700002
2016-12-22T16:19:15.283824,1910000000,-20,11,11.0668907166
2016-12-22T16:19:24.407346,1910000000,-20,12,12.037334442100004
2016-12-22T16:19:33.722879,1910000000,-20,13,13.069839477599999
2016-12-22T16:19:43.012410,1910000000,-20,14,14.086261749199998
2016-12-22T16:19:52.339943,1910000000,-20,15,15.086906433100005
2016-12-22T16:20:01.724480,1910000000,-20,16,16.0930786133
2016-12-22T16:20:10.993010,1910000000,-20,17,17.199928283600002
2016-12-22T16:20:20.462552,1910000000,-20,18,18.215805053700002
2016-12-22T16:20:29.794086,1910000000,-20,19,19.2177467346
2016-12-22T16:20:39.110619,1910000000,-20,20,20.233329773
2016-12-22T16:20:48.487155,1930000000,-20,8,8.0802383423
2016-12-22T16:20:57.559674,1930000000,-20,9,9.038368225100001
2016-12-22T16:21:06.646193,1930000000,-20,10,10.046295166
2016-12-22T16:21:15.733713,1930000000,-20,11,11.019626617500002
2016-12-22T16:21:24.876236,1930000000,-20,12,12.0852851868
2016-12-22T16:21:34.213770,1930000000,-20,13,13.046977996900004
2016-12-22T16:21:43.490301,1930000000,-20,14,14.109848022500003
2016-12-22T16:21:52.787833,1930000000,-20,15,15.1447143555
2016-12-22T16:22:02.099365,1930000000,-20,16,16.074138641400005
2016-12-22T16:22:11.801920,1930000000,-20,17,17.199958801199998
2016-12-22T16:22:21.089451,1930000000,-20,18,18.184764861999994
2016-12-22T16:22:30.353981,1930000000,-20,19,19.254676818900002
2016-12-22T16:22:39.891527,1930000000,-20,20,20.242729187100004
2016-12-22T16:22:49.295065,1950000000,-20,8,8.019401550299996
2016-12-22T16:22:58.404586,1950000000,-20,9,9.048061370800006
2016-12-22T16:23:07.552109,1950000000,-20,10,10.074604034499998
2016-12-22T16:23:16.672631,1950000000,-20,11,11.021896362299998
2016-12-22T16:23:25.810153,1950000000,-20,12,12.063472747800006
2016-12-22T16:23:35.111685,1950000000,-20,13,13.0837974548
2016-12-22T16:23:44.398216,1950000000,-20,14,14.102275848300003
2016-12-22T16:23:53.696748,1950000000,-20,15,15.086410522399994
2016-12-22T16:24:02.997280,1950000000,-20,16,16.1121673584
2016-12-22T16:24:12.327814,1950000000,-20,17,17.220375061
2016-12-22T16:24:21.658348,1950000000,-20,18,18.252441406299994
2016-12-22T16:24:30.977881,1950000000,-20,19,19.226474761999995
2016-12-22T16:24:40.277412,1950000000,-20,20,20.232208252
2016-12-22T16:24:49.645948,1970000000,-20,8,8.066299438500003
2016-12-22T16:24:58.761470,1970000000,-20,9,9.007282257100002
2016-12-22T16:25:07.830988,1970000000,-20,10,10.018470764199996
2016-12-22T16:25:16.933509,1970000000,-20,11,11.050708770700005
2016-12-22T16:25:26.076032,1970000000,-20,12,12.079204559300003
2016-12-22T16:25:35.213555,1970000000,-20,13,13.048416137700002
2016-12-22T16:25:44.547088,1970000000,-20,14,14.1239509583
2016-12-22T16:25:53.831620,1970000000,-20,15,15.129428863499996
2016-12-22T16:26:03.132151,1970000000,-20,16,16.0830535889
2016-12-22T16:26:12.395681,1970000000,-20,17,17.222362518300002
2016-12-22T16:26:21.749216,1970000000,-20,18,18.2144966125
2016-12-22T16:26:31.085750,1970000000,-20,19,19.228729248100002
2016-12-22T16:26:40.367281,1970000000,-20,20,20.218025207500006
2016-12-22T16:26:49.792820,1990000000,-20,8,8.080200195300002
2016-12-22T16:26:58.911342,1990000000,-20,9,9.078006744300005
2016-12-22T16:27:08.038864,1990000000,-20,10,10.036724090600003
2016-12-22T16:27:17.137384,1990000000,-20,11,11.089183807299996
2016-12-22T16:27:26.268907,1990000000,-20,12,12.0756797791
2016-12-22T16:27:35.583439,1990000000,-20,13,13.100162506099998
2016-12-22T16:27:44.855970,1990000000,-20,14,14.114402770999995
2016-12-22T16:27:54.158502,1990000000,-20,15,15.140178680399998
2016-12-22T16:28:03.427032,1990000000,-20,16,16.1338806153
2016-12-22T16:28:12.724564,1990000000,-20,17,17.219532012899997
2016-12-22T16:28:22.028096,1990000000,-20,18,18.218643188499996
2016-12-22T16:28:31.357629,1990000000,-20,19,19.2234268188
2016-12-22T16:28:40.842172,1990000000,-20,20,20.2206840515
2016-12-22T16:28:50.260711,2010000000,-20,8,8.064201355000002
2016-12-22T16:28:59.421235,2010000000,-20,9,9.040916442899999
2016-12-22T16:29:08.548757,2010000000,-20,10,10.041374206600004
2016-12-22T16:29:17.723281,2010000000,-20,11,11.034202575600006
2016-12-22T16:29:26.994812,2010000000,-20,12,12.0643119812
2016-12-22T16:29:36.363348,2010000000,-20,13,13.117366790699997
2016-12-22T16:29:45.551873,2010000000,-20,14,14.075366973900003
2016-12-22T16:29:54.880407,2010000000,-20,15,15.106880187900003
2016-12-22T16:30:04.235942,2010000000,-20,16,16.117507934600006
2016-12-22T16:30:13.536474,2010000000,-20,17,17.2034339904
2016-12-22T16:30:22.848006,2010000000,-20,18,18.213302612299998
2016-12-22T16:30:32.168539,2010000000,-20,19,19.1772956848
2016-12-22T16:30:41.524075,2010000000,-20,20,20.222042083799998
2016-12-22T16:30:50.883610,2030000000,-20,8,8.065326690700005
2016-12-22T16:31:00.184142,2030000000,-20,9,9.026489257899996
2016-12-22T16:31:09.303663,2030000000,-20,10,10.0928421021
2016-12-22T16:31:18.425185,2030000000,-20,11,11.070327758799998
2016-12-22T16:31:27.583709,2030000000,-20,12,12.051101684599999
2016-12-22T16:31:36.870240,2030000000,-20,13,13.089317321800003
2016-12-22T16:31:46.229776,2030000000,-20,14,14.067687988300001
2016-12-22T16:31:55.576310,2030000000,-20,15,15.1223297119
2016-12-22T16:32:04.931845,2030000000,-20,16,16.086975097700005
2016-12-22T16:32:14.259379,2030000000,-20,17,17.2116355896
2016-12-22T16:32:23.572911,2030000000,-20,18,18.2151947021
2016-12-22T16:32:32.907445,2030000000,-20,19,19.211299896299998
2016-12-22T16:32:42.187976,2030000000,-20,20,20.2940673828
2016-12-22T16:32:51.532511,2050000000,-20,8,8.0891914368
2016-12-22T16:33:00.692035,2050000000,-20,9,9.099376678399999
2016-12-22T16:33:09.881560,2050000000,-20,10,10.1245536805
2016-12-22T16:33:19.049084,2050000000,-20,11,11.065200805700002
2016-12-22T16:33:28.392619,2050000000,-20,12,12.12109375
2016-12-22T16:33:37.913163,2050000000,-20,13,13.1175613403
2016-12-22T16:33:47.266698,2050000000,-20,14,14.088722228999998
2016-12-22T16:33:56.749241,2050000000,-20,15,15.188022613499996
2016-12-22T16:34:06.063774,2050000000,-20,16,16.190483093299996
2016-12-22T16:34:15.318303,2050000000,-20,17,17.292606353799997
2016-12-22T16:34:24.600834,2050000000,-20,18,18.3062019348
2016-12-22T16:34:33.884365,2050000000,-20,19,19.309417724600003
2016-12-22T16:34:43.138894,2050000000,-20,20,20.298694610599995
2016-12-22T16:34:52.467428,2070000000,-20,8,8.135181427
2016-12-22T16:35:01.616951,2070000000,-20,9,9.080165862999998
2016-12-22T16:35:10.784475,2070000000,-20,10,10.097282409599998
2016-12-22T16:35:19.988002,2070000000,-20,11,11.083381652900002
2016-12-22T16:35:29.247531,2070000000,-20,12,12.145515441900002
2016-12-22T16:35:38.571065,2070000000,-20,13,13.151359558099998
2016-12-22T16:35:48.044607,2070000000,-20,14,14.135501861499996
2016-12-22T16:35:57.305136,2070000000,-20,15,15.096527099600003
2016-12-22T16:36:06.590667,2070000000,-20,16,16.130867004400002
2016-12-22T16:36:16.178216,2070000000,-20,17,17.274333953899998
2016-12-22T16:36:25.506749,2070000000,-20,18,18.268013000500005
2016-12-22T16:36:34.827282,2070000000,-20,19,19.2507591248
2016-12-22T16:36:44.103813,2070000000,-20,20,20.301284789999997
2016-12-22T16:36:53.453348,2090000000,-20,8,8.1472015381
2016-12-22T16:37:02.512866,2090000000,-20,9,9.088649749700004
2016-12-22T16:37:11.650389,2090000000,-20,10,10.086898803699995
2016-12-22T16:37:20.729908,2090000000,-20,11,11.125778198199995
2016-12-22T16:37:29.863430,2090000000,-20,12,12.135822296200004
2016-12-22T16:37:39.192964,2090000000,-20,13,13.159778594999999
2016-12-22T16:37:48.498496,2090000000,-20,14,14.138290405299998
2016-12-22T16:37:57.767026,2090000000,-20,15,15.159008026099997
2016-12-22T16:38:07.067558,2090000000,-20,16,16.1773109436
2016-12-22T16:38:16.458095,2090000000,-20,17,17.2693710327
2016-12-22T16:38:25.901635,2090000000,-20,18,18.256351470999995
2016-12-22T16:38:35.159165,2090000000,-20,19,19.329277038599997
2016-12-22T16:38:44.455697,2090000000,-20,20,20.3237037659
2016-12-22T16:38:53.929239,2110000000,-20,8,8.127868652300002
2016-12-22T16:39:03.045760,2110000000,-20,9,9.046821594200004
2016-12-22T16:39:12.160281,2110000000,-20,10,10.0872879028
2016-12-22T16:39:21.304804,2110000000,-20,11,11.147911071800003
2016-12-22T16:39:30.671340,2110000000,-20,12,12.1492004395
2016-12-22T16:39:39.992873,2110000000,-20,13,13.1895904541
2016-12-22T16:39:49.287405,2110000000,-20,14,14.1369285583
2016-12-22T16:39:58.522933,2110000000,-20,15,15.1117706299
2016-12-22T16:40:07.824465,2110000000,-20,16,16.175273895300002
2016-12-22T16:40:17.170000,2110000000,-20,17,17.257240295400003
2016-12-22T16:40:26.463531,2110000000,-20,18,18.2707252502
2016-12-22T16:40:35.711060,2110000000,-20,19,19.315975189200003
2016-12-22T16:40:45.008592,2110000000,-20,20,20.298671722500004
2016-12-22T16:40:54.330125,2130000000,-20,8,8.100337982200003
2016-12-22T16:41:03.415645,2130000000,-20,9,9.110599517800004
2016-12-22T16:41:12.548167,2130000000,-20,10,10.117614746100003
2016-12-22T16:41:21.682690,2130000000,-20,11,11.127529144299999
2016-12-22T16:41:30.794211,2130000000,-20,12,12.121276855399998
2016-12-22T16:41:40.159746,2130000000,-20,13,13.1472969055
2016-12-22T16:41:49.405275,2130000000,-20,14,14.120773315400001
2016-12-22T16:41:58.715808,2130000000,-20,15,15.1726875305
2016-12-22T16:42:08.065342,2130000000,-20,16,16.156780243
2016-12-22T16:42:17.368875,2130000000,-20,17,17.212753295899994
2016-12-22T16:42:26.641405,2130000000,-20,18,18.2427711486
2016-12-22T16:42:35.885934,2130000000,-20,19,19.2469139099
2016-12-22T16:42:45.186466,2130000000,-20,20,20.2753181458
