timestamp,Scrambling Code Index,Power (dBm),SNR (dB),Freq Offset (Hz)Demod Lock,Demod Acq Time (sec),Bert Lock,Bert Total Bit Count,Bert Total Bit Error,Bit Error Rate
2017-02-03T08:07:39.961150,618,-51.376641075891314,7.814670034916126,-5494096.888888889,True,0.25,True,32605368,0
2017-02-03T08:07:47.844601,619,-51.38443649167953,7.534394239778841,-5494156.111111111,True,0.25,True,33267624,0
2017-02-03T08:07:55.747053,620,-51.376641075891314,7.834470307305806,-5494122.333333333,True,0.25,True,32901104,0
2017-02-03T08:08:03.655505,621,-51.35330775564903,7.814617652209136,-5494181.666666667,True,0.25,True,33000568,0
2017-02-03T08:08:11.546956,622,-51.35331540143142,7.690459236335927,-5494113.666666667,True,0.25,True,33501000,0
2017-02-03T08:08:19.447408,623,-51.35332309439141,7.937892500851811,-5494164.555555556,True,0.25,True,33200304,0
2017-02-03T08:08:27.363861,624,-51.35664878058351,7.84254768299804,-5494130.555555556,True,0.25,True,32758024,0
2017-02-03T08:08:35.279314,625,-51.355547589214694,7.89144520207775,-5494266.333333333,True,0.25,True,32175544,0
2017-02-03T08:08:43.191766,626,-51.35497123427535,7.741916165029834,-5494150.0,True,0.25,True,31574432,0
2017-02-03T08:08:51.096218,627,-51.347463281889375,7.827935617015807,-5494197.5,True,0.25,True,31316232,0
2017-02-03T08:08:58.992670,628,-51.36248054958061,7.563194717615272,-5494159.375,True,0.25,True,31619032,0
2017-02-03T08:09:06.877121,629,-51.34443649167953,7.563259385317119,-5494198.555555556,True,0.25,True,32050000,0
2017-02-03T08:09:14.793574,630,-51.34748059431526,7.766408374304078,-5494054.0,True,0.25,True,31565808,0
2017-02-03T08:09:22.683025,631,-51.33997695650667,7.5466768242735665,-5494156.111111111,True,0.25,True,32046888,0
2017-02-03T08:09:30.567476,632,-51.34997695650667,7.965386435746195,-5494164.777777778,True,0.25,True,32322240,0
2017-02-03T08:09:38.451927,633,-51.3488775200474,7.952663925495417,-5494164.444444444,True,0.25,True,33200304,0
2017-02-03T08:09:46.332378,634,-51.348717022318546,7.797789281013068,-5494292.5,True,0.25,True,29994376,0
2017-02-03T08:09:54.231830,635,-51.349999999999994,7.685080679972406,-5494121.0,True,0.25,True,29943288,0
2017-02-03T08:10:02.153283,636,-51.35330007442577,7.684108826153642,-5494164.555555556,True,0.25,True,33755320,0
2017-02-03T08:10:10.065735,637,-51.3544032158394,7.796733645237859,-5494207.0,True,0.25,True,32815832,0
2017-02-03T08:10:17.971187,638,-51.33996165308748,7.67125228007184,-5494147.666666667,True,0.25,True,32516632,0
2017-02-03T08:10:25.854638,639,-51.34332309439141,7.957689997076523,-5494096.555555556,True,0.25,True,33071648,0
2017-02-03T08:10:33.756090,640,-51.34332309439141,7.962857228606723,-5494181.444444444,True,0.25,True,33084888,0
2017-02-03T08:10:41.634541,641,-51.33872570098252,7.810307283772132,-5494216.375,True,0.25,True,30075376,0
2017-02-03T08:10:49.519992,642,-51.33373868651994,7.76131191107786,-5494159.5,True,0.25,True,30764816,0
2017-02-03T08:10:57.404443,643,-51.36248920249802,7.886355861075077,-5494121.25,True,0.25,True,31500496,0
2017-02-03T08:11:05.288894,644,-51.33330775564903,7.804475442490633,-5089294.111111111,True,0.25,True,31874848,0
2017-02-03T08:11:13.205347,645,-51.344991358680446,7.7445211072896845,-5494098.25,True,0.25,True,31514464,0
2017-02-03T08:11:21.117799,646,-51.344991358680446,7.910563137771241,-5493984.25,True,0.25,True,30999592,0
2017-02-03T08:11:29.007250,647,-51.361225728941626,7.664061852833139,-5494082.875,True,0.25,True,31319832,0
2017-02-03T08:11:36.887701,648,-51.35330007442577,7.552263258675371,-5494169.222222222,True,0.25,True,31918232,0
2017-02-03T08:11:44.776152,649,-51.336648780583516,7.853438138618841,-5494105.111111111,True,0.25,True,32630672,0
2017-02-03T08:11:52.692605,650,-51.343315401431425,8.082416200659024,-5494062.777777778,True,0.25,True,32046888,0
2017-02-03T08:12:00.576056,651,-51.33777322402789,7.816805575353632,-5494088.333333333,True,0.25,True,32560264,0
2017-02-03T08:12:08.473508,652,-51.5311579894083,7.871365004467011,-5494121.888888889,True,0.25,True,32549128,0
2017-02-03T08:12:16.361959,653,-51.32664878058351,7.920232246414568,-5494071.0,True,0.25,True,33350120,0
2017-02-03T08:12:24.263411,654,-51.33664107589131,7.913471631847608,-5494190.0,True,0.25,True,32912752,0
2017-02-03T08:12:32.163863,655,-51.33330775564903,7.827789993980235,-5494130.555555556,True,0.25,True,33028264,0
2017-02-03T08:12:40.042313,656,-51.34122572894163,7.888027146161988,-5494130.75,True,0.25,True,29910600,0
2017-02-03T08:12:47.926764,657,-51.33369542954755,8.213259273238956,-5494025.75,True,0.25,True,30813864,0
2017-02-03T08:12:55.827216,658,-51.32248920249802,7.738903529821009,-5494197.375,True,0.25,True,30594272,0
2017-02-03T08:13:03.708667,659,-51.33872570098252,7.85142959065354,-5494111.875,True,0.25,True,31319832,0
2017-02-03T08:13:11.614119,660,-51.32499137193517,7.699239151123148,-5494155.0,True,0.25,True,31276448,0
2017-02-03T08:13:19.510571,661,-51.35248054958062,7.638347275915484,-5494006.375,True,0.25,True,31170232,0
2017-02-03T08:13:27.399022,662,-51.32777322402789,8.112241833262049,-5494181.666666667,True,0.25,True,32088776,0
2017-02-03T08:13:35.282473,663,-51.32331540143142,7.8355660752538325,-5494113.666666667,True,0.25,True,32677368,0
2017-02-03T08:13:43.178925,664,-51.32552709560163,7.823481939687188,-5494173.222222222,True,0.25,True,32429864,0
2017-02-03T08:13:51.080377,665,-51.3344032158394,7.827838446600463,-5494232.333333333,True,0.25,True,32516632,0
2017-02-03T08:13:58.969828,666,-51.32664878058351,7.76727993224104,-5494198.555555556,True,0.25,True,33323864,0
2017-02-03T08:14:06.870280,667,-51.32332309439141,7.739576505483629,-5494130.888888889,True,0.25,True,32859216,0
2017-02-03T08:14:14.770732,668,-51.519818610276914,7.720531102349325,-5494223.888888889,True,0.25,True,33670048,0
2017-02-03T08:14:22.669183,669,-51.33331540143143,7.914782816078503,-5494198.333333333,True,0.25,True,33285576,0
2017-02-03T08:14:30.585636,670,-51.32660265838685,7.83575546100877,-5494173.0,True,0.25,True,32687176,0
2017-02-03T08:14:38.472087,671,-51.32664878058351,7.813760602922082,-5494206.555555556,True,0.25,True,33349488,0
2017-02-03T08:14:46.373539,672,-51.32332309439141,7.484227148017251,-5494130.777777778,True,0.25,True,33584776,0
2017-02-03T08:14:54.286992,673,-51.32665641461102,7.799007990499716,-5494156.333333333,True,0.25,True,32730560,0
2017-02-03T08:15:02.173443,674,-51.343315401431425,7.962486480238989,-5494164.777777778,True,0.25,True,32886144,0
2017-02-03T08:15:10.085895,675,-51.54068440881414,7.684351874904898,-5494240.777777778,True,0.25,True,32944488,0
2017-02-03T08:15:17.974347,676,-51.5206774789401,8.23646315867364,-5494198.555555556,True,0.25,True,33243688,0
2017-02-03T08:15:25.875799,677,-51.32221767933309,7.701543132034271,-5494084.666666667,True,0.25,True,33710248,0
2017-02-03T08:15:33.775250,678,-51.33997695650667,7.981517931348582,-5494215.444444444,True,0.25,True,33670048,0
2017-02-03T08:15:41.674702,679,-51.34,7.642037726351044,-5494156.111111111,True,0.25,True,33002256,0
2017-02-03T08:15:49.577154,680,-51.5306774789401,7.657988880305913,-5494215.444444444,True,0.25,True,32993856,0
2017-02-03T08:15:57.476606,681,-51.31664107589131,7.914735176948611,-5494240.777777778,True,0.25,True,33541392,0
2017-02-03T08:16:05.352056,682,-51.332489202498024,7.696170963895832,-5494226.0,True,0.25,True,30001472,0
2017-02-03T08:16:13.257509,683,-51.331225728941625,7.797215740323857,-5494178.25,True,0.25,True,30209800,0
2017-02-03T08:16:21.156960,684,-51.331225728941625,7.804259500167388,-5494273.625,True,0.25,True,29953984,0
2017-02-03T08:16:29.042411,685,-51.33618670476424,7.812955347386228,-5494273.75,True,0.25,True,30703728,0
2017-02-03T08:16:36.925862,686,-51.32497409596921,7.802788138673686,-5494178.375,True,0.25,True,31405104,0
2017-02-03T08:16:44.822314,687,-51.32499137193517,7.828843289199932,-5494178.5,True,0.25,True,31234560,0
2017-02-03T08:16:52.707765,688,-51.333323117932764,7.668867290431787,-5494215.444444444,True,0.25,True,32162296,0
2017-02-03T08:17:00.610217,689,-51.32664878058351,8.003121414695435,-5494156.333333333,True,0.25,True,31918232,0
2017-02-03T08:17:08.512669,690,-51.32332309439141,7.894562468635652,-5494164.555555556,True,0.25,True,32004904,0
2017-02-03T08:17:16.398120,691,-51.31664878058352,7.835576331218829,-5494283.0,True,0.25,True,32688672,0
2017-02-03T08:17:24.309573,692,-51.31999999999999,7.83233430417283,-5494198.555555556,True,0.25,True,32217432,0
2017-02-03T08:17:32.194023,693,-51.31999999999999,7.659101218529384,-5493952.444444444,True,0.25,True,32869592,0
2017-02-03T08:17:40.097476,694,-51.32665641461102,7.971826920303315,-5494224.111111111,True,0.25,True,32431360,0
2017-02-03T08:17:47.983927,695,-51.32664878058351,7.921395660618909,-5494173.222222222,True,0.25,True,33158416,0
2017-02-03T08:17:55.863377,696,-51.33369542954755,7.955550010233463,-5494159.5,True,0.25,True,30000360,0
2017-02-03T08:18:03.759829,697,-51.314991358680444,7.89666983912973,-5494169.0,True,0.25,True,29980912,0
2017-02-03T08:18:11.633279,698,-51.32995685974723,7.763876111013417,-5494169.0,True,0.25,True,31223768,0
2017-02-03T08:18:19.528731,699,-51.301225728941624,7.776796836456478,-5494197.5,True,0.25,True,31169496,0
2017-02-03T08:18:27.401181,700,-51.31554758921469,7.796985588226258,-5494164.555555556,True,0.25,True,32479232,0
2017-02-03T08:18:35.286632,701,-51.32664878058351,7.863513541094921,-5494181.666666667,True,0.25,True,33243688,0
2017-02-03T08:18:43.186084,702,-51.32664107589132,7.644856719328571,-5494037.333333333,True,0.25,True,32971888,0
2017-02-03T08:18:51.067535,703,-51.31748921078223,7.690878293057439,-5494102.125,True,0.25,True,30081144,0
2017-02-03T08:18:58.947986,704,-51.33497123427535,7.742723958037533,-5494197.5,True,0.25,True,30721432,0
2017-02-03T08:19:06.835437,705,-51.32998848708471,7.880167454108754,-5494178.5,True,0.25,True,31406600,0
2017-02-03T08:19:14.720888,706,-51.31665641461102,7.69566551483917,-5494156.333333333,True,0.25,True,32046888,0
2017-02-03T08:19:22.605339,707,-51.323323117932766,7.834783500540974,-5494130.555555556,True,0.25,True,32346088,0
2017-02-03T08:19:30.494790,708,-51.517190807374725,7.828081834701674,-5494113.666666667,True,0.25,True,33197720,0
2017-02-03T08:19:38.407242,709,-51.33331540143143,7.744754014934752,-5494232.333333333,True,0.25,True,32560016,0
2017-02-03T08:19:46.305694,710,-51.50417390423889,7.943772219006501,-5494147.666666667,True,0.25,True,32483464,0
2017-02-03T08:19:54.206146,711,-51.31999999999999,7.785170916345874,-5494207.111111111,True,0.25,True,32367032,0
2017-02-03T08:20:02.103598,712,-51.33330775564903,7.901300207428328,-5494245.222222222,True,0.25,True,32558520,0
2017-02-03T08:20:10.008050,713,-51.33997695650667,7.7403019135034725,-5494139.444444444,True,0.25,True,32346088,0
2017-02-03T08:20:17.893501,714,-51.3188775200474,8.135297342555921,-5494177.666666667,True,0.25,True,33101568,0
2017-02-03T08:20:25.786952,715,-51.33872570098252,7.916313272533521,-5494025.5,True,0.25,True,30039256,0
2017-02-03T08:20:33.703405,716,-51.30664107589131,7.773116574535753,-5494156.222222222,True,0.25,True,32971000,0
2017-02-03T08:20:41.609857,717,-51.32664878058351,7.9301685968155935,-5494173.222222222,True,0.25,True,32474744,0
2017-02-03T08:20:49.507309,718,-51.32997695650667,7.781406626767636,-5494020.333333333,True,0.25,True,32431360,0
2017-02-03T08:20:57.395760,719,-51.31664107589131,7.661602116476925,-5494207.0,True,0.25,True,33285576,0
2017-02-03T08:21:05.297212,720,-51.32330775564903,7.784996406750984,-5494173.0,True,0.25,True,33755320,0
2017-02-03T08:21:13.213665,721,-51.32330775564903,7.823410348466158,-5494156.111111111,True,0.25,True,32773944,0
2017-02-03T08:21:21.096116,722,-51.337745066297956,7.628098848944429,-5494054.0,True,0.25,True,33073144,0
2017-02-03T08:21:28.998568,723,-51.51765701060892,7.952270229299204,-5494207.0,True,0.25,True,33156920,0
2017-02-03T08:21:36.890019,724,-51.50381628916065,7.915481406957673,-5494207.0,True,0.25,True,29873576,0
2017-02-03T08:21:44.778470,725,-51.32249496889099,7.657846995611411,-5494121.25,True,0.25,True,30137992,0
2017-02-03T08:21:52.677922,726,-51.3349740959692,7.905653404631851,-5494168.75,True,0.25,True,30037760,0
2017-02-03T08:22:00.590375,727,-51.33,7.775519504934336,-5494140.125,True,0.25,True,29885256,0
2017-02-03T08:22:08.479826,728,-51.53329348275257,7.930121111308991,-5494092.5,True,0.25,True,30123032,0
2017-02-03T08:22:16.364277,729,-51.334948281330156,7.903821643873091,-5494264.125,True,0.25,True,30806704,0
2017-02-03T08:22:24.247728,730,-51.313738686519955,7.8337902096047625,-5493968.375,True,0.25,True,31652384,0
2017-02-03T08:22:32.130179,731,-51.33331540143143,7.768994841392024,-5494240.888888889,True,0.25,True,32046888,0
2017-02-03T08:22:40.018630,732,-51.34665641461102,7.760393455051417,-5494122.333333333,True,0.25,True,32516632,0
2017-02-03T08:22:47.904081,733,-51.343307755649036,7.876833018457418,-5494164.777777778,True,0.25,True,33028416,0
2017-02-03T08:22:55.802533,734,-51.3388775200474,7.623732410355525,-5494164.777777778,True,0.25,True,32944488,0
2017-02-03T08:23:03.713985,735,-51.33,7.850442582507631,-5494051.0,True,0.25,True,33079768,0
2017-02-03T08:23:11.619438,736,-51.31884168777893,7.633180734235263,-5494147.666666667,True,0.25,True,32645288,0
2017-02-03T08:23:19.519889,737,-51.32330775564903,7.868530998768089,-5494190.111111111,True,0.25,True,32944488,0
2017-02-03T08:23:27.419341,738,-51.53417390423889,7.80088297583703,-5494173.222222222,True,0.25,True,32492912,0
2017-02-03T08:23:35.304792,739,-51.51417390423889,7.711041453631035,-5494198.333333333,True,0.25,True,33328960,0
2017-02-03T08:23:43.218245,740,-51.333323117932764,7.875581441508029,-5494130.777777778,True,0.25,True,32815832,0
2017-02-03T08:23:51.118697,741,-51.52765701060892,7.851171007016519,-5494164.777777778,True,0.25,True,32546136,0
2017-02-03T08:23:59.007148,742,-51.34330775564902,7.594645443299876,-5494097.0,True,0.25,True,33257152,0
2017-02-03T08:24:06.907600,743,-51.343315401431425,8.013474660063574,-5494105.222222222,True,0.25,True,33243688,0
2017-02-03T08:24:14.809052,744,-51.33665641461103,7.703351277993532,-5494122.333333333,True,0.25,True,33670048,0
2017-02-03T08:24:22.709504,745,-51.31332309439141,7.656649677011283,-5494139.444444444,True,0.25,True,33243688,0
2017-02-03T08:24:30.588954,746,-51.32122572894163,7.830008628069592,-5494188.0,True,0.25,True,29952488,0
2017-02-03T08:24:38.510407,747,-51.31326942061773,7.83783100858977,-5494173.0,True,0.25,True,33626664,0
2017-02-03T08:24:46.411859,748,-51.321099738390785,7.886712692065199,-5494207.0,True,0.25,True,33626664,0
2017-02-03T08:24:54.290310,749,-51.34,7.6418643698769015,-5494130.75,True,0.25,True,29916768,0
2017-02-03T08:25:02.186762,750,-51.53329348275257,7.823833153215118,-5494025.5,True,0.25,True,30550888,0
2017-02-03T08:25:10.088214,751,-51.33,7.651451224754484,-5494216.5,True,0.25,True,30064744,0
2017-02-03T08:25:18.013667,752,-51.336648780583516,7.867848697200614,-5494172.888888889,True,0.25,True,33713432,0
2017-02-03T08:25:25.912119,753,-51.34665641461102,7.628930037769428,-5494240.777777778,True,0.25,True,33713432,0
2017-02-03T08:25:33.791569,754,-51.321231487005136,7.590172073903162,-5494126.125,True,0.25,True,29952488,0
2017-02-03T08:25:41.674020,755,-51.32248054958062,7.748924511577776,-5494159.25,True,0.25,True,30759016,0
2017-02-03T08:25:49.561471,756,-51.33748059431525,7.769545215373307,-5494197.25,True,0.25,True,31502344,0
2017-02-03T08:25:57.445922,757,-51.53950728997174,8.027851392139336,-5494164.444444444,True,0.25,True,32132160,0
2017-02-03T08:26:05.360375,758,-51.52234295392782,7.718506997807891,-5494102.25,True,0.25,True,31575648,0
2017-02-03T08:26:13.246826,759,-51.33,7.841171101030846,-5494249.222222222,True,0.25,True,31873224,0
2017-02-03T08:26:21.159279,760,-51.33998848708471,7.572060949263836,-5494169.0,True,0.25,True,31577144,0
2017-02-03T08:26:29.064731,761,-51.52505791093374,7.560411690003272,-5494245.0,True,0.25,True,31448488,0
2017-02-03T08:26:36.945181,762,-51.3488775200474,7.564881056329784,-5494333.888888889,True,0.25,True,32003504,0
2017-02-03T08:26:44.861634,763,-51.349999999999994,7.934083426545223,-5494187.875,True,0.25,True,31660920,0
2017-02-03T08:26:52.747085,764,-51.53115098724791,7.801355828489193,-5494156.333333333,True,0.25,True,32217432,0
2017-02-03T08:27:00.634536,765,-51.33331540143143,7.801168590623789,-5494274.555555556,True,0.25,True,32516632,0
2017-02-03T08:27:08.530988,766,-51.34554758921469,8.003208893068903,-5494223.777777778,True,0.25,True,32464968,0
2017-02-03T08:27:16.421439,767,-51.336648780583516,7.877813002105163,-5494156.111111111,True,0.25,True,33508096,0
2017-02-03T08:27:24.321891,768,-51.33664107589131,7.725640433958033,-5494181.666666667,True,0.25,True,33674440,0
2017-02-03T08:27:32.222343,769,-51.34,7.819464241655247,-5494105.444444444,True,0.25,True,33029760,0
2017-02-03T08:27:40.132796,770,-51.33665641461103,7.6257309123299875,-5494215.444444444,True,0.25,True,32772448,0
2017-02-03T08:27:48.023247,771,-51.35108949025578,7.6498965363691385,-5494173.222222222,True,0.25,True,33511880,0
2017-02-03T08:27:55.900697,772,-51.314974095969205,7.753856278254903,-5494188.0,True,0.25,True,30078056,0
2017-02-03T08:28:03.783148,773,-51.34122572894163,7.792519392468141,-5494216.25,True,0.25,True,30722928,0
2017-02-03T08:28:11.671600,774,-51.34499137193518,7.8652897682193,-5494245.125,True,0.25,True,31448488,0
2017-02-03T08:28:19.568051,775,-51.518698904900276,7.747813180699303,-5494159.5,True,0.25,True,31210624,0
2017-02-03T08:28:27.455502,776,-51.535349606472636,7.870304783216897,-5494130.777777778,True,0.25,True,32090272,0
2017-02-03T08:28:35.355954,777,-51.55768005410225,7.791961265954645,-5494223.888888889,True,0.25,True,31855648,0
2017-02-03T08:28:43.268407,778,-51.342494968891,7.756421991315827,-5494178.25,True,0.25,True,31619032,0
2017-02-03T08:28:51.157858,779,-51.3422176793331,8.065559053084021,-5494156.111111111,True,0.25,True,31961616,0
2017-02-03T08:28:59.070311,780,-51.33748921078222,7.803093607314837,-5494169.0,True,0.25,True,31619032,0
2017-02-03T08:29:06.959762,781,-51.35664878058351,7.957667916786323,-5494130.333333333,True,0.25,True,32045392,0
2017-02-03T08:29:14.873214,782,-51.33246332331022,7.84941531210548,-5494149.75,True,0.25,True,31662416,0
2017-02-03T08:29:22.756665,783,-51.356656414611024,7.853999110381775,-5089268.777777778,True,0.25,True,32215712,0
2017-02-03T08:29:30.644116,784,-51.35774506629795,7.703612576678075,-5494164.777777778,True,0.25,True,32773944,0
2017-02-03T08:29:38.557569,785,-51.54114298347292,7.8495515145982155,-5494113.888888889,True,0.25,True,32018872,0
2017-02-03T08:29:46.461021,786,-51.34330775564902,7.920281976453945,-5494173.222222222,True,0.25,True,31831464,0
2017-02-03T08:29:54.345472,787,-51.34332309439141,7.77131168243087,-5494189.666666667,True,0.25,True,32387976,0
2017-02-03T08:30:02.245924,788,-51.34330775564902,7.985589648914532,-5494203.0,True,0.25,True,32367248,0
2017-02-03T08:30:10.159377,789,-51.35995394835918,7.665926862397425,-5494181.666666667,True,0.25,True,32302704,0
2017-02-03T08:30:18.046828,790,-51.540677478940104,7.8027553854454546,-5494155.888888889,True,0.25,True,32727440,0
2017-02-03T08:30:25.931279,791,-51.35331540143142,8.148745226738944,-5494122.444444444,True,0.25,True,32977080,0
2017-02-03T08:30:33.810729,792,-51.35748059431525,7.712620336796755,-5494168.75,True,0.25,True,29952488,0
2017-02-03T08:30:41.697180,793,-51.349999999999994,7.80144836594185,-5494092.75,True,0.25,True,30764816,0
2017-02-03T08:30:49.581631,794,-51.35748921078222,7.790170152261874,-5494226.0,True,0.25,True,31309640,0
2017-02-03T08:30:57.463082,795,-51.346648780583514,7.969494931070949,-5494190.111111111,True,0.25,True,31961616,0
2017-02-03T08:31:05.347533,796,-51.34664107589131,7.787586532242465,-5493986.444444444,True,0.25,True,32687176,0
2017-02-03T08:31:13.251985,797,-51.52765704595477,7.646601220586065,-5494164.555555556,True,0.25,True,32473248,0
2017-02-03T08:31:21.135436,798,-51.540677478940104,7.908717615397675,-5494317.0,True,0.25,True,32986376,0
2017-02-03T08:31:29.036888,799,-51.34330775564902,7.764929447172984,-5494079.888888889,True,0.25,True,33084312,0
2017-02-03T08:31:36.928340,800,-51.52599006314749,7.942090449460672,-5494168.75,True,0.25,True,29933320,0
2017-02-03T08:31:44.816791,801,-51.367489210782225,7.889137811403124,-5494259.625,True,0.25,True,30336960,0
2017-02-03T08:31:52.718243,802,-51.34499137193518,7.698694977598352,-5494111.75,True,0.25,True,30045808,0
2017-02-03T08:32:00.614694,803,-51.349999999999994,7.8113346248497795,-5494111.625,True,0.25,True,30012328,0
2017-02-03T08:32:08.502145,804,-51.5349593349498,7.894704192268255,-5494178.5,True,0.25,True,30876152,0
2017-02-03T08:32:16.386596,805,-51.35623864737706,7.793867701325902,-5494178.5,True,0.25,True,31213704,0
2017-02-03T08:32:24.270047,806,-51.34554758921469,7.741155625149321,-5494207.0,True,0.25,True,31876344,0
2017-02-03T08:32:32.171499,807,-51.33331540143143,7.649976412008561,-5494088.444444444,True,0.25,True,31791072,0
2017-02-03T08:32:40.056950,808,-51.34443649167953,7.9712611900961345,-5494299.888888889,True,0.25,True,32703568,0
2017-02-03T08:32:47.941401,809,-51.34664107589131,7.58393631461575,-5494198.555555556,True,0.25,True,33212272,0
2017-02-03T08:32:55.818852,810,-51.52505791093374,7.679549419414129,-5494111.5,True,0.25,True,29995872,0
2017-02-03T08:33:03.691302,811,-51.35122572894163,7.69881451828949,-5494140.5,True,0.25,True,31064016,0
2017-02-03T08:33:11.586754,812,-51.349999999999994,7.755167817604746,-5494022.375,True,0.25,True,31191176,0
2017-02-03T08:33:19.474205,813,-51.34330775564902,7.74450587714817,-5494215.444444444,True,0.25,True,32046888,0
2017-02-03T08:33:27.359656,814,-51.3499077557029,7.7017515992499685,-5494181.666666667,True,0.25,True,32557144,0
2017-02-03T08:33:35.259108,815,-51.36330775564903,7.897341727582522,-5493986.333333333,True,0.25,True,32474744,0
2017-02-03T08:33:43.156559,816,-51.36108949025578,8.016694840128697,-5494198.111111111,True,0.25,True,32524840,0
2017-02-03T08:33:51.045011,817,-51.34996165308748,7.74567062502343,-5494131.0,True,0.25,True,33370848,0
2017-02-03T08:33:58.947463,818,-51.336648780583516,7.807209024981136,-5494130.777777778,True,0.25,True,32901104,0
2017-02-03T08:34:06.817913,819,-51.53773469726288,7.75578683695899,-5494178.5,True,0.25,True,29956912,0
2017-02-03T08:34:14.695363,820,-51.36623864737706,7.847565409183685,-5493978.125,True,0.25,True,31107400,0
2017-02-03T08:34:22.606816,821,-51.54139476051859,7.782895630816519,-5494159.25,True,0.25,True,31192672,0
2017-02-03T08:34:30.507268,822,-51.33748059431525,7.841378043574928,-5494168.625,True,0.25,True,30782576,0
2017-02-03T08:34:38.396719,823,-51.35623864737706,7.7836486643959475,-5494188.0,True,0.25,True,31405104,0
2017-02-03T08:34:46.295171,824,-51.52701738883255,7.95884913943917,-5494149.75,True,0.25,True,31577880,0
2017-02-03T08:34:54.178622,825,-51.346648780583514,7.689361653220449,-5494164.666666667,True,0.25,True,31941384,0
2017-02-03T08:35:02.097075,826,-51.35623864737706,7.891837442289783,-5494197.375,True,0.25,True,31623072,0
2017-02-03T08:35:10.009527,827,-51.53113289289883,7.961113662790265,-5494226.0,True,0.25,True,31105904,0
2017-02-03T08:35:17.898978,828,-51.3349740959692,7.690154697006223,-5494216.25,True,0.25,True,31446160,0
2017-02-03T08:35:25.779429,829,-51.34,7.608477068388973,-5494232.333333333,True,0.25,True,32003504,0
2017-02-03T08:35:33.682881,830,-51.3588775200474,8.118409817625205,-5494020.333333333,True,0.25,True,32095744,0
2017-02-03T08:35:41.584333,831,-51.34997695650667,7.794600869874969,-5494190.111111111,True,0.25,True,31901776,0
2017-02-03T08:35:49.467784,832,-51.35652582394969,7.808925817043449,-5494147.666666667,True,0.25,True,32431360,0
2017-02-03T08:35:57.360235,833,-51.35664878058351,7.850076799740019,-5494181.444444444,True,0.25,True,33216784,0
2017-02-03T08:36:05.255687,834,-51.34997695650667,7.924495959602533,-5494198.555555556,True,0.25,True,33685008,0
2017-02-03T08:36:13.134138,835,-51.34872570098253,7.7587742710583685,-5494206.75,True,0.25,True,30037760,0
2017-02-03T08:36:21.014588,836,-51.349999999999994,7.794957086409107,-5494188.0,True,0.25,True,30650416,0
2017-02-03T08:36:28.919040,837,-51.35248054958062,7.867657763173112,-5494054.0,True,0.25,True,30936856,0
2017-02-03T08:36:36.815492,838,-51.331225728941625,7.870178170414377,-5494130.75,True,0.25,True,30509000,0
2017-02-03T08:36:44.703943,839,-51.34497409596921,7.970540430691882,-5494140.25,True,0.25,True,31506544,0
2017-02-03T08:36:52.585394,840,-51.35443649167953,7.849007600867122,-5494062.777777778,True,0.25,True,32015472,0
2017-02-03T08:37:00.469845,841,-51.53719080737473,7.9214006349782515,-5494198.555555556,True,0.25,True,32772448,0
2017-02-03T08:37:08.360296,842,-51.349999999999994,7.876897357928556,-5494113.555555556,True,0.25,True,33414232,0
2017-02-03T08:37:16.259748,843,-51.346648780583514,7.710673453944753,-5494156.111111111,True,0.25,True,33713432,0
2017-02-03T08:37:24.151200,844,-51.3649740959692,7.689093926148294,-5494098.0,True,0.25,True,29867216,0
2017-02-03T08:37:32.023650,845,-51.52599006314749,7.884099233191923,-5494159.5,True,0.25,True,30500880,0
2017-02-03T08:37:39.923102,846,-51.34748921078223,7.917744798565361,-5494111.25,True,0.25,True,30637656,0
2017-02-03T08:37:47.807553,847,-51.53113289289883,7.670393921155792,-5494051.0,True,0.25,True,31535536,0
2017-02-03T08:37:55.705004,848,-51.34499137193518,7.920426744800775,-5494131.0,True,0.25,True,31277944,0
2017-02-03T08:38:03.610456,849,-51.34373868651995,7.7620348324482205,-5494159.125,True,0.25,True,31363216,0
2017-02-03T08:38:11.491907,850,-51.34330775564902,7.847977605134951,-5494156.0,True,0.25,True,31893176,0
2017-02-03T08:38:19.377358,851,-51.349999999999994,7.847016805563163,-5493901.666666667,True,0.25,True,32643792,0
2017-02-03T08:38:27.279810,852,-51.34108949025578,7.959479231594436,-5494147.666666667,True,0.25,True,32643792,0
2017-02-03T08:38:35.192263,853,-51.34,7.574285475420341,-5494122.333333333,True,0.25,True,32199824,0
2017-02-03T08:38:43.080714,854,-51.35105616317007,7.930572387782549,-5494181.444444444,True,0.25,True,32603400,0
2017-02-03T08:38:50.967165,855,-51.33330775564903,7.690038405822181,-5494164.777777778,True,0.25,True,33201800,0
2017-02-03T08:38:58.865617,856,-51.544165842676996,7.793775155451927,-5494215.111111111,True,0.25,True,33064168,0
2017-02-03T08:39:06.761068,857,-51.33664107589131,7.753496027663428,-5494164.555555556,True,0.25,True,32901104,0
2017-02-03T08:39:14.646520,858,-51.53329348275257,7.8667056993600335,-5494131.0,True,0.25,True,30251688,0
2017-02-03T08:39:22.567973,859,-51.32661039841102,7.841267697054724,-5494164.555555556,True,0.25,True,33662568,0
2017-02-03T08:39:30.469425,860,-51.36664107589131,7.753422530201942,-5494207.0,True,0.25,True,33541392,0
2017-02-03T08:39:38.383877,861,-51.354369963611205,7.741564877384031,-5494190.0,True,0.25,True,32791288,0
2017-02-03T08:39:46.268328,862,-51.34997695650667,7.735681339075715,-5494147.666666667,True,0.25,True,33029760,0
2017-02-03T08:39:54.169780,863,-51.54719080737472,7.590559371018046,-5494240.777777778,True,0.25,True,32942992,0
2017-02-03T08:40:02.084233,864,-51.349999999999994,7.5227654859337845,-5494164.555555556,True,0.25,True,32687176,0
2017-02-03T08:40:09.980684,865,-51.34997695650667,7.666650982057752,-5494173.0,True,0.25,True,33073144,0
2017-02-03T08:40:17.872136,866,-51.35331540143142,7.691288699179402,-5494156.111111111,True,0.25,True,33500264,0
2017-02-03T08:40:25.770588,867,-51.34443649167953,7.923835120074095,-5494105.222222222,True,0.25,True,33666192,0
