timestamp,Frequency (Hz),SFU Power (dBm),FSW Power (dBm),AIM Power,AIM SNR,AIM Offset,AIM Demod Lock,AIM Demod Acq Time,,FSW Power,AIM power,,,,,,,,,,,,,,,,AIM loss (dB),FSW loss (dB)
2016-12-19T16:45:21.568112,270000000,-65,-80.37205505,-73.88571429,13.40612245,26233,TRUE,0,,-64.32805505,-65.97671429,-1.648659232,,,,,,,,,,,,,,250000000,-7.824,-15.975
2016-12-19T16:45:28.837528,270000000,-40,-55.81735611,-49.3936,27.0912,26228.44,TRUE,0,,-39.77335611,-41.4846,-1.71124389,,,,,,,,,,,,,,270000000,-7.909,-16.044
2016-12-19T16:45:36.270953,270000000,-20,-35.67728424,-28.45285714,27.97020408,26228.34694,TRUE,0,,-19.63328424,-20.54385714,-0.910572902,,,,,,,,,,,,,,290000000,-7.9265,-16.084
2016-12-19T16:45:43.653375,290000000,-65,-80.39417267,-73.9344,14.3048,23994,TRUE,0,,-64.31017267,-66.0079,-1.697727331,,,,,,,,,,,,,,310000000,-7.941,-16.125
2016-12-19T16:45:50.929791,290000000,-40,-55.90491486,-49.4564,27.6368,24141.44,TRUE,0,,-39.82091486,-41.5299,-1.708985144,,,,,,,,,,,,,,330000000,-7.9985,-16.19
2016-12-19T16:45:58.373217,290000000,-20,-35.6844368,-28.47265306,27.52877551,23994,TRUE,0,,-19.6004368,-20.54615306,-0.945716263,,,,,,,,,,,,,,350000000,-8.0445,-16.25
2016-12-19T16:46:05.757639,310000000,-65,-80.54325104,-72.6472,18.97387755,31166.67347,TRUE,0.25,,-64.41825104,-64.7062,-0.287948962,,,,,,,,,,,,,,370000000,-8.0645,-16.297
2016-12-19T16:46:13.027055,310000000,-40,-56.00689697,-49.54,26.1856,31169,TRUE,0,,-39.88189697,-41.599,-1.717103027,,,,,,,,,,,,,,390000000,-8.129,-16.32
2016-12-19T16:46:20.473481,310000000,-20,-35.80954361,-28.62653061,27.55979592,31012.30612,TRUE,0,,-19.68454361,-20.68553061,-1.000987003,,,,,,,,,,,,,,410000000,-8.1755,-16.412
2016-12-19T16:46:27.856903,330000000,-65,-80.43997192,-72.6878,18.16387755,17859.67347,TRUE,0.25,,-64.24997192,-64.6893,-0.439328076,,,,,,,,,,,,,,430000000,-8.218,-16.451
2016-12-19T16:46:35.155321,330000000,-40,-55.91711426,-49.6156,28.8068,17862,TRUE,0,,-39.72711426,-41.6171,-1.889985742,,,,,,,,,,,,,,450000000,-8.2345,-16.514
2016-12-19T16:46:42.590746,330000000,-20,-35.68809891,-28.87040816,28.17653061,17710,TRUE,0,,-19.49809891,-20.87190816,-1.373809256,,,,,,,,,,,,,,470000000,-8.2735,-16.566
2016-12-19T16:46:49.990169,350000000,-65,-80.56822968,-74.47857143,15.41632653,25037,TRUE,0,,-64.31822968,-66.43407143,-2.115841753,,,,,,,,,,,,,,490000000,-8.582,-16.754
2016-12-19T16:46:57.276586,350000000,-40,-56.00181961,-49.86693878,27.59244898,25037,TRUE,0,,-39.75181961,-41.82243878,-2.070619165,,,,,,,,,,,,,,510000000,-8.589,-16.814
2016-12-19T16:47:04.732013,350000000,-20,-35.82346344,-29.4808,29.672,25032.44,TRUE,0,,-19.57346344,-21.4363,-1.86283656,,,,,,,,,,,,,,530000000,-8.6185,-16.847
2016-12-19T16:47:12.106434,370000000,-65,-80.58892059,-74.20142857,15.39408163,21450,TRUE,0,,-64.29192059,-66.13692857,-1.845007978,,,,,,,,,,,,,,550000000,-8.638,-16.879
2016-12-19T16:47:19.378850,370000000,-40,-56.00230408,-49.60591837,28.11510204,21597.34694,TRUE,0,,-39.70530408,-41.54141837,-1.83611429,,,,,,,,,,,,,,570000000,-8.7005,-16.946
2016-12-19T16:47:26.807275,370000000,-20,-35.82983398,-29.32306122,28.59469388,21445.30612,TRUE,0,,-19.53283398,-21.25856122,-1.72572724,,,,,,,,,,,,,,590000000,-8.7215,-16.981
2016-12-19T16:47:34.178697,390000000,-65,-80.64222717,-74.33306122,15.29020408,28772.34694,TRUE,0,,-64.32222717,-66.20406122,-1.881834052,,,,,,,,,,,,,,610000000,-8.744,-17
2016-12-19T16:47:41.462113,390000000,-40,-56.05781555,-49.78306122,27.50102041,28777,TRUE,0,,-39.73781555,-41.65406122,-1.916245673,,,,,,,,,,,,,,630000000,-8.799,-17.081
2016-12-19T16:47:48.762531,390000000,-20,-35.91020966,-29.4728,27.0932,28777,TRUE,0,,-19.59020966,-21.3438,-1.753590344,,,,,,,,,,,,,,650000000,-8.8245,-17.09
2016-12-19T16:47:56.161954,410000000,-65,-80.7707901,-73.1526,12.32081633,34754.67347,TRUE,0.25,,-64.3587901,-64.9771,-0.6183099,,,,,,,,,,,,,,670000000,-8.846,-17.143
2016-12-19T16:48:03.436370,410000000,-40,-56.24710846,-50.1588,28.028,34752.44,TRUE,0,,-39.83510846,-41.9833,-2.148191541,,,,,,,,,,,,,,690000000,-8.876,-17.205
2016-12-19T16:48:10.738788,410000000,-20,-36.05673981,-29.78,26.5352,34600.4,TRUE,0,,-19.64473981,-21.6045,-1.959760193,,,,,,,,,,,,,,710000000,-8.9055,-17.182
2016-12-19T16:48:18.146212,430000000,-65,-80.85951996,-73.5674,14.4577551,32210.65306,TRUE,0.25,,-64.40851996,-65.3494,-0.940880041,,,,,,,,,,,,,,730000000,-8.9715,-17.259
2016-12-19T16:48:25.398626,430000000,-40,-56.37381744,-50.59387755,27.66469388,32208.30612,TRUE,0,,-39.92281744,-42.37587755,-2.453060107,,,,,,,,,,,,,,750000000,-8.971,-17.275
2016-12-19T16:48:32.698044,430000000,-20,-36.13287354,-30.11428571,28.66510204,32213,TRUE,0,,-19.68187354,-21.89628571,-2.214412179,,,,,,,,,,,,,,990000000,-9.3525,-17.654
2016-12-19T16:48:40.081466,450000000,-65,-80.81193542,-75.23,17.68653061,38035.34694,TRUE,0,,-64.29793542,-66.9955,-2.697564575,,,,,,,,,,,,,,1010000000,-9.358,-17.707
2016-12-19T16:48:47.348882,450000000,-40,-56.31263351,-50.7028,28.6212,38035.44,TRUE,0,,-39.79863351,-42.4683,-2.669666486,,,,,,,,,,,,,,1030000000,-9.407,-17.72
2016-12-19T16:48:54.653300,450000000,-20,-36.11449432,-30.0888,27.9336,38035.44,TRUE,0,,-19.60049432,-21.8543,-2.253805676,,,,,,,,,,,,,,1050000000,-9.463,-17.74
2016-12-19T16:49:02.052723,470000000,-65,-80.84166718,-75.0664,18.62877551,35645.67347,TRUE,0.25,,-64.27566718,-66.7929,-2.517232825,,,,,,,,,,,,,,1070000000,-9.419,-17.791
2016-12-19T16:49:09.342140,470000000,-40,-56.33821869,-50.4512,27.7968,35643.44,TRUE,0,,-39.77221869,-42.1777,-2.405481311,,,,,,,,,,,,,,1090000000,-9.476,-17.805
2016-12-19T16:49:16.643557,470000000,-20,-36.17303467,-29.844,27.7288,35801,TRUE,0,,-19.60703467,-21.5705,-1.963465332,,,,,,,,,,,,,,1110000000,-9.496,-17.786
2016-12-19T16:49:24.042981,490000000,-65,-80.81065369,-73.732,17.22469388,32774.38776,TRUE,0.25,,-64.05665369,-65.15,-1.093346313,,,,,,,,,,,,,,1130000000,-9.547,-17.863
2016-12-19T16:49:31.319397,490000000,-40,-56.34901428,-50.64,27.73673469,33409,TRUE,0,,-39.59501428,-42.058,-2.462985718,,,,,,,,,,,,,,1150000000,-9.576,-17.883
2016-12-19T16:49:38.615814,490000000,-20,-36.12627029,-29.89244898,28.11,33409,TRUE,0,,-19.37227029,-21.31044898,-1.938178685,,,,,,,,,,,,,,1170000000,-9.624,-17.878
2016-12-19T16:49:46.016237,510000000,-65,-81.00775146,-75.33428571,17.83714286,29821,TRUE,0,,-64.19375146,-66.74528571,-2.551534249,,,,,,,,,,,,,,1190000000,-9.603,-17.915
2016-12-19T16:49:53.300654,510000000,-40,-56.43696213,-50.75244898,27.95612245,29816.34694,TRUE,0,,-39.62296213,-42.16344898,-2.540486852,,,,,,,,,,,,,,1210000000,-9.661,-17.947
2016-12-19T16:50:00.743080,510000000,-20,-36.34994125,-30.1508,27.0456,29821,TRUE,0,,-19.53594125,-21.5618,-2.025858746,,,,,,,,,,,,,,1230000000,-9.654,-17.976
2016-12-19T16:50:08.474522,530000000,-65,-81.04631042,-73.856,18.40938776,36996,TRUE,0.25,,-64.19931042,-65.2375,-1.038189575,,,,,,,,,,,,,,1250000000,-9.7115,-17.992
2016-12-19T16:50:15.757939,530000000,-40,-56.5066452,-50.6828,29.1716,37149,TRUE,0,,-39.6596452,-42.0643,-2.404654797,,,,,,,,,,,,,,1270000000,-9.7255,-17.997
2016-12-19T16:50:23.204365,530000000,-20,-36.36019897,-30.07326531,28.1977551,37149,TRUE,0,,-19.51319897,-21.45476531,-1.941566332,,,,,,,,,,,,,,1290000000,-9.7725,-18.034
2016-12-19T16:50:30.604788,550000000,-65,-81.20295715,-75.55755102,18.23918367,42971.34694,TRUE,0,,-64.32395715,-66.91955102,-2.595593867,,,,,,,,,,,,,,1310000000,-9.796,-18.062
2016-12-19T16:50:37.889204,550000000,-40,-56.65729141,-50.90673469,27.33959184,42976,TRUE,0,,-39.77829141,-42.26873469,-2.490443281,,,,,,,,,,,,,,1330000000,-9.8165,-18.061
2016-12-19T16:50:45.349631,550000000,-20,-36.47723389,-30.2836,26.5912,42976,TRUE,0,,-19.59823389,-21.6456,-2.047366113,,,,,,,,,,,,,,1350000000,-9.826,-18.094
2016-12-19T16:50:52.750054,570000000,-65,-81.19384003,-73.844,18.04,50148.67347,TRUE,0.25,,-64.24784003,-65.1435,-0.895659973,,,,,,,,,,,,,,1370000000,-9.871,-18.131
2016-12-19T16:51:00.049472,570000000,-40,-56.65623474,-50.7352,26.7176,49994.44,TRUE,0,,-39.71023474,-42.0347,-2.324465259,,,,,,,,,,,,,,1390000000,-9.917,-18.137
2016-12-19T16:51:07.492898,570000000,-20,-36.49363327,-30.17857143,27.58714286,49994.34694,TRUE,0,,-19.54763327,-21.47807143,-1.930438158,,,,,,,,,,,,,,1410000000,-9.915,-18.17
2016-12-19T16:51:14.893321,590000000,-65,-80.9707489,-75.63877551,17.48979592,46564,TRUE,0,,-63.9897489,-66.91727551,-2.927526609,,,,,,,,,,,,,,1430000000,-9.96,-18.191
2016-12-19T16:51:22.148736,590000000,-40,-56.55539703,-50.9684,27.536,46406.44,TRUE,0,,-39.57439703,-42.2469,-2.672502966,,,,,,,,,,,,,,1450000000,-10.012,-18.213
2016-12-19T16:51:29.577161,590000000,-20,-36.45204544,-30.5912,28.6732,46559.4,TRUE,0,,-19.47104544,-21.8697,-2.398654559,,,,,,,,,,,,,,1470000000,-10.034,-18.257
2016-12-19T16:51:36.951583,610000000,-65,-81.05258942,-74.3374,17.56163265,53739,TRUE,0.25,,-64.05258942,-65.5934,-1.540810583,,,,,,,,,,,,,,1490000000,-10.036,-18.233
2016-12-19T16:51:44.223999,610000000,-40,-56.61945724,-51.20408163,28.59020408,53734.34694,TRUE,0,,-39.61945724,-42.46008163,-2.840624388,,,,,,,,,,,,,,1510000000,-10.0635,-18.242
2016-12-19T16:51:51.681425,610000000,-20,-36.52746964,-30.714,28.378,53739,TRUE,0,,-19.52746964,-21.97,-2.442530365,,,,,,,,,,,,,,1530000000,-10.097,-18.316
2016-12-19T16:51:59.094849,630000000,-65,-81.22657013,-76.0944898,16.92428571,40732.30612,TRUE,0,,-64.14557013,-67.2954898,-3.149919667,,,,,,,,,,,,,,1550000000,-10.134,-18.28
2016-12-19T16:52:06.350264,630000000,-40,-56.75617599,-51.5488,29.1816,40584,TRUE,0,,-39.67517599,-42.7498,-3.074624005,,,,,,,,,,,,,,1570000000,-10.121,-18.301
2016-12-19T16:52:13.796690,630000000,-20,-36.59025574,-30.91653061,29.44979592,40737,TRUE,0,,-19.50925574,-22.11753061,-2.608274875,,,,,,,,,,,,,,1590000000,-10.1705,-18.33
2016-12-19T16:52:21.211114,650000000,-65,-81.36554718,-76.54,17.89489796,47755.30612,TRUE,0,,-64.27554718,-67.7155,-3.43995282,,,,,,,,,,,,,,1610000000,-10.208,-18.352
2016-12-19T16:52:28.479530,650000000,-40,-56.84658051,-51.9968,27.1816,47907.44,TRUE,0,,-39.75658051,-43.1723,-3.415719495,,,,,,,,,,,,,,1630000000,-10.2315,-18.413
2016-12-19T16:52:35.929956,650000000,-20,-36.69665909,-31.34714286,28.08612245,47912,TRUE,0,,-19.60665909,-22.52264286,-2.915983769,,,,,,,,,,,,,,1650000000,-10.265,-18.414
2016-12-19T16:52:43.314378,670000000,-65,-81.40390015,-76.9044898,16.75632653,44324,TRUE,0,,-64.26090015,-68.0584898,-3.797589649,,,,,,,,,,,,,,1670000000,-10.273,-18.394
2016-12-19T16:52:50.580794,670000000,-40,-56.84760666,-52.2476,27.9528,44319.44,TRUE,0,,-39.70460666,-43.4016,-3.696993341,,,,,,,,,,,,,,1690000000,-10.2905,-18.434
2016-12-19T16:52:58.033220,670000000,-20,-36.74869156,-31.67612245,27.44122449,44324,TRUE,0,,-19.60569156,-22.83012245,-3.22443089,,,,,,,,,,,,,,1710000000,-10.3795,-18.47
2016-12-19T16:53:05.400642,690000000,-65,-81.35209656,-76.63,16.76653061,41932,TRUE,0,,-64.14709656,-67.754,-3.606903442,,,,,,,,,,,,,,1730000000,-10.3475,-18.45
2016-12-19T16:53:12.654056,690000000,-40,-56.80229568,-51.978,26.8236,41927.44,TRUE,0,,-39.59729568,-43.102,-3.504704315,,,,,,,,,,,,,,1750000000,-10.394,-18.492
2016-12-19T16:53:20.082481,690000000,-20,-36.66702271,-31.4728,27.6656,41932,TRUE,0,,-19.46202271,-22.5968,-3.134777295,,,,,,,,,,,,,,1770000000,-10.427,-18.506
2016-12-19T16:53:27.466904,710000000,-65,-81.30233765,-74.743,17.12816327,58825.65306,TRUE,0.25,,-64.12033765,-65.8375,-1.717162353,,,,,,,,,,,,,,1790000000,-10.47,-18.563
2016-12-19T16:53:34.730319,710000000,-40,-56.80200195,-51.79795918,28.31632653,58828,TRUE,0,,-39.62000195,-42.89245918,-3.272457231,,,,,,,,,,,,,,1810000000,-10.513,-18.596
2016-12-19T16:53:42.185746,710000000,-20,-36.63101196,-31.3796,27.1468,58828,TRUE,0,,-19.44901196,-22.4741,-3.025088037,,,,,,,,,,,,,,1830000000,-10.523,-18.591
2016-12-19T16:53:49.584169,730000000,-65,-81.36974335,-76.3252,17.5822449,55087,TRUE,0.25,,-64.11074335,-67.3537,-3.242956653,,,,,,,,,,,,,,1850000000,-10.5595,-18.612
2016-12-19T16:53:56.860585,730000000,-40,-56.88526535,-51.6288,27.8336,55082.44,TRUE,0,,-39.62626535,-42.6573,-3.03103465,,,,,,,,,,,,,,1870000000,-10.568,-18.628
2016-12-19T16:54:04.304011,730000000,-20,-36.68920898,-31.35959184,29.56244898,55087,TRUE,0,,-19.43020898,-22.38809184,-2.957882852,,,,,,,,,,,,,,1890000000,-10.63,-18.637
2016-12-19T16:54:11.733436,970000000,-65,-81.62095642,-76.39102041,17.10122449,68090,TRUE,0,,-64.34595642,-67.42002041,-3.074063987,,,,,,,,,,,,,,1910000000,-10.595,-18.66
2016-12-19T16:54:19.036853,970000000,-40,-57.16493225,-51.93918367,27.49040816,68085.34694,TRUE,0,,-39.88993225,-42.96818367,-3.078251422,,,,,,,,,,,,,,1930000000,-10.6775,-18.691
2016-12-19T16:54:26.519281,970000000,-20,-37.02702713,-31.51122449,29.67591837,68090,TRUE,0,,-19.75202713,-22.54022449,-2.78819736,,,,,,,,,,,,,,1950000000,-10.6975,-18.708
2016-12-19T16:54:33.962707,990000000,-65,-81.68341064,-75.1812,17.49673469,64499.67347,TRUE,0.25,,-64.02941064,-65.8287,-1.799289355,,,,,,,,,,,,,,1970000000,-10.74,-18.783
2016-12-19T16:54:41.271125,990000000,-40,-57.20900726,-51.9756,27.7528,64502,TRUE,0,,-39.55500726,-42.6231,-3.068092737,,,,,,,,,,,,,,1990000000,-10.766,-18.764
2016-12-19T16:54:48.765554,990000000,-20,-37.01375961,-31.504,27.4612,64502,TRUE,0,,-19.35975961,-22.1515,-2.791740387,,,,,,,,,,,,,,2010000000,-10.7665,-18.797
2016-12-19T16:54:56.172977,1010000000,-65,-81.81876373,-74.9484,17.45142857,71675.65306,TRUE,0.25,,-64.11176373,-65.5904,-1.478636267,,,,,,,,,,,,,,2030000000,-10.8285,-18.865
2016-12-19T16:55:03.463394,1010000000,-40,-57.35309601,-51.9128,28.902,71673.4,TRUE,0,,-39.64609601,-42.5548,-2.908703992,,,,,,,,,,,,,,2050000000,-10.852,-18.815
2016-12-19T16:55:10.936822,1010000000,-20,-37.18695068,-31.48469388,29.28632653,71673.30612,TRUE,0,,-19.47995068,-22.12669388,-2.646743194,,,,,,,,,,,,,,2070000000,-10.8675,-18.87
2016-12-19T16:55:18.322244,1030000000,-65,-81.78443146,-76.58040816,17.52938776,77500.34694,TRUE,0,,-64.06443146,-67.17340816,-3.108976706,,,,,,,,,,,,,,2090000000,-10.8885,-18.926
2016-12-19T16:55:25.608661,1030000000,-40,-57.3010025,-52.00673469,28.11693878,77505,TRUE,0,,-39.5810025,-42.59973469,-3.018732191,,,,,,,,,,,,,,2110000000,-10.931,-18.882
2016-12-19T16:55:33.064087,1030000000,-20,-37.1316452,-31.5628,28.1728,77657,TRUE,0,,-19.4116452,-22.1558,-2.744154797,,,,,,,,,,,,,,2130000000,-10.931,-18.926
2016-12-19T16:55:40.423508,1050000000,-65,-81.7997818,-76.86673469,17.22061224,84675.34694,TRUE,0,,-64.0597818,-67.40373469,-3.343952895,,,,,,,,,,,,,,2150000000,-10.976,-18.972
2016-12-19T16:55:47.675923,1050000000,-40,-57.26787567,-52.2624,28.8224,84680,TRUE,0,,-39.52787567,-42.7994,-3.271524329,,,,,,,,,,,,,,,,
2016-12-19T16:55:55.107348,1050000000,-20,-37.15829468,-31.76673469,27.92591837,84680,TRUE,0,,-19.41829468,-22.30373469,-2.885440016,,,,,,,,,,,,,,,,
2016-12-19T16:56:02.524773,1070000000,-65,-81.83026123,-77.26612245,17.21959184,81093,TRUE,0,,-64.03926123,-67.84712245,-3.807861218,,,,,,,,,,,,,,,,
2016-12-19T16:56:09.797188,1070000000,-40,-57.36051178,-52.5776,29.0512,81093,TRUE,0,,-39.56951178,-43.1586,-3.58908822,,,,,,,,,,,,,,,,
2016-12-19T16:56:17.227613,1070000000,-20,-37.21535873,-31.96387755,29.34571429,81088.30612,TRUE,0,,-19.42435873,-22.54487755,-3.120518817,,,,,,,,,,,,,,,,
2016-12-19T16:56:24.613036,1090000000,-65,-81.7913208,-77.00836735,17.25857143,88415.34694,TRUE,0,,-63.9863208,-67.53236735,-3.546046546,,,,,,,,,,,,,,,,
2016-12-19T16:56:31.868451,1090000000,-40,-57.35364532,-52.5092,28.052,88268,TRUE,0,,-39.54864532,-43.0332,-3.484554675,,,,,,,,,,,,,,,,
2016-12-19T16:56:39.312877,1090000000,-20,-37.1760788,-32.04857143,28.61959184,88415.34694,TRUE,0,,-19.3710788,-22.57257143,-3.201492632,,,,,,,,,,,,,,,,
2016-12-19T16:56:46.714300,1110000000,-65,-81.82265472,-77.08673469,17.09020408,75310.12245,TRUE,0,,-64.03665472,-67.59073469,-3.55407997,,,,,,,,,,,,,,,,
2016-12-19T16:56:53.983716,1110000000,-40,-57.34911346,-52.5264,28.1356,75266,TRUE,0,,-39.56311346,-43.0304,-3.467286536,,,,,,,,,,,,,,,,
2016-12-19T16:57:01.429142,1110000000,-20,-37.15692902,-31.87734694,27.65142857,75266,TRUE,0,,-19.37092902,-22.38134694,-3.010417923,,,,,,,,,,,,,,,,
2016-12-19T16:57:08.797563,1130000000,-65,-81.78818512,-75.7382,17.22081633,82593,TRUE,0.25,,-63.92518512,-66.1912,-2.26601488,,,,,,,,,,,,,,,,
2016-12-19T16:57:16.080980,1130000000,-40,-57.2887001,-52.5392,26.5412,82441,TRUE,0,,-39.4257001,-42.9922,-3.566499896,,,,,,,,,,,,,,,,
2016-12-19T16:57:23.530406,1130000000,-20,-37.10826492,-31.94061224,28.38918367,82593,TRUE,0,,-19.24526492,-22.39361224,-3.148347322,,,,,,,,,,,,,,,,
2016-12-19T16:57:30.916828,1150000000,-65,-81.85443878,-76.96530612,16.77346939,80196.34694,TRUE,0,,-63.97143878,-67.38930612,-3.417867341,,,,,,,,,,,,,,,,
2016-12-19T16:57:38.176243,1150000000,-40,-57.38333893,-52.4452,27.442,80196.44,TRUE,0,,-39.50033893,-42.8692,-3.368861072,,,,,,,,,,,,,,,,
2016-12-19T16:57:45.630670,1150000000,-20,-37.19538879,-31.9322449,28.03938776,80201,TRUE,0,,-19.31238879,-22.3562449,-3.043856104,,,,,,,,,,,,,,,,
2016-12-19T16:57:53.001091,1170000000,-65,-81.9673996,-77.22816327,17.08102041,86181,TRUE,0,,-64.0893996,-67.60416327,-3.514763668,,,,,,,,,,,,,,,,
2016-12-19T16:58:00.274507,1170000000,-40,-57.52836227,-52.67,27.4604,86181,TRUE,0,,-39.65036227,-43.046,-3.395637726,,,,,,,,,,,,,,,,
2016-12-19T16:58:07.700932,1170000000,-20,-37.39241791,-32.118,27.9452,86176.44,TRUE,0,,-19.51441791,-22.494,-2.979582092,,,,,,,,,,,,,,,,
2016-12-19T16:58:15.074354,1190000000,-65,-81.95217896,-75.6908,17.04959184,93353.67347,TRUE,0.25,,-64.03717896,-66.0878,-2.050621045,,,,,,,,,,,,,,,,
2016-12-19T16:58:22.377772,1190000000,-40,-57.48664093,-52.618,27.084,93351.44,TRUE,0,,-39.57164093,-43.015,-3.44335907,,,,,,,,,,,,,,,,
2016-12-19T16:58:29.821197,1190000000,-20,-37.35078812,-32.03857143,26.85734694,93356,TRUE,0,,-19.43578812,-22.43557143,-2.999783312,,,,,,,,,,,,,,,,
2016-12-19T16:58:37.219621,1210000000,-65,-82.02467346,-77.26714286,17.11,89769,TRUE,0,,-64.07767346,-67.60614286,-3.528469395,,,,,,,,,,,,,,,,
2016-12-19T16:58:44.475036,1210000000,-40,-57.60682678,-52.736,28.0332,89769,TRUE,0,,-39.65982678,-43.075,-3.415173218,,,,,,,,,,,,,,,,
2016-12-19T16:58:51.935462,1210000000,-20,-37.41904831,-32.16183673,26.99571429,89764.30612,TRUE,0,,-19.47204831,-22.50083673,-3.028788425,,,,,,,,,,,,,,,,
2016-12-19T16:58:59.273882,1230000000,-65,-81.99162292,-75.5838,17.13061224,96789.65306,TRUE,0.25,,-64.01562292,-65.9298,-1.914177075,,,,,,,,,,,,,,,,
2016-12-19T16:59:06.506296,1230000000,-40,-57.57104492,-52.588,28.7032,96944,TRUE,0,,-39.59504492,-42.934,-3.338955078,,,,,,,,,,,,,,,,
2016-12-19T16:59:13.939721,1230000000,-20,-37.38329697,-31.99836735,29.93346939,96939.34694,TRUE,0,,-19.40729697,-22.34436735,-2.93707038,,,,,,,,,,,,,,,,
2016-12-19T16:59:21.480152,1250000000,-65,-82.0904541,-75.5828,16.56020408,93201.67347,TRUE,0.25,,-64.0984541,-65.8713,-1.772845898,,,,,,,,,,,,,,,,
2016-12-19T16:59:28.738567,1250000000,-40,-57.66946411,-52.5755102,27.67653061,93204,TRUE,0,,-39.67746411,-42.8640102,-3.186546093,,,,,,,,,,,,,,,,
2016-12-19T16:59:36.182993,1250000000,-20,-37.49279785,-32.132,26.9308,93199.44,TRUE,0,,-19.50079785,-22.4205,-2.919702148,,,,,,,,,,,,,,,,
2016-12-19T16:59:43.554415,1270000000,-65,-82.07978058,-77.25959184,16.73693878,90655.34694,TRUE,0,,-64.08278058,-67.53409184,-3.451311258,,,,,,,,,,,,,,,,
2016-12-19T16:59:50.809830,1270000000,-40,-57.63890839,-52.7228,29.0048,90655.44,TRUE,0,,-39.64190839,-42.9973,-3.355391614,,,,,,,,,,,,,,,,
2016-12-19T16:59:58.292258,1270000000,-20,-37.43098068,-32.0772,28.4604,90812,TRUE,0,,-19.43398068,-22.3517,-2.917719318,,,,,,,,,,,,,,,,
2016-12-19T17:00:05.681680,1290000000,-65,-82.03426361,-75.8048,16.76408163,87225,TRUE,0.25,,-64.00026361,-66.0323,-2.032036389,,,,,,,,,,,,,,,,
2016-12-19T17:00:12.985098,1290000000,-40,-57.58559418,-52.842,27.1712,87215.8,TRUE,0,,-39.55159418,-43.0695,-3.517905823,,,,,,,,,,,,,,,,
2016-12-19T17:00:20.427524,1290000000,-20,-37.38930511,-32.2277551,29.94326531,87225,TRUE,0,,-19.35530511,-22.4552551,-3.099949987,,,,,,,,,,,,,,,,
2016-12-19T17:00:27.826947,1310000000,-65,-82.1708374,-77.43714286,16.55040816,94400,TRUE,0,,-64.1088374,-67.64114286,-3.532305455,,,,,,,,,,,,,,,,
2016-12-19T17:00:35.127365,1310000000,-40,-57.73300934,-52.90285714,28.61346939,94395.34694,TRUE,0,,-39.67100934,-43.10685714,-3.435847804,,,,,,,,,,,,,,,,
2016-12-19T17:00:42.584791,1310000000,-20,-37.51834106,-32.4116,27.876,94395.44,TRUE,0,,-19.45634106,-22.6156,-3.159258936,,,,,,,,,,,,,,,,
2016-12-19T17:00:49.983214,1330000000,-65,-82.17861938,-75.9936,16.83020408,92008,TRUE,0.25,,-64.11761938,-66.1771,-2.059480615,,,,,,,,,,,,,,,,
2016-12-19T17:00:57.263631,1330000000,-40,-57.73472214,-52.90877551,28.24081633,91856,TRUE,0,,-39.67372214,-43.09227551,-3.418553373,,,,,,,,,,,,,,,,
2016-12-19T17:01:04.700056,1330000000,-20,-37.53594208,-32.3996,27.6764,92003.44,TRUE,0,,-19.47494208,-22.5831,-3.108157922,,,,,,,,,,,,,,,,
2016-12-19T17:01:12.084478,1350000000,-65,-82.25510406,-75.9908,16.14734694,107550.3469,TRUE,0.25,,-64.16110406,-66.1648,-2.003695935,,,,,,,,,,,,,,,,
2016-12-19T17:01:19.345894,1350000000,-40,-57.82338715,-52.9677551,27.64979592,107555,TRUE,0,,-39.72938715,-43.1417551,-3.412367956,,,,,,,,,,,,,,,,
2016-12-19T17:01:26.790319,1350000000,-20,-37.59794998,-32.5076,28.328,107550.44,TRUE,0,,-19.50394998,-22.6816,-3.177650018,,,,,,,,,,,,,,,,
2016-12-19T17:01:34.190743,1370000000,-65,-82.19770813,-76.3406,16.20530612,105008.6531,TRUE,0.25,,-64.06670813,-66.4696,-2.40289187,,,,,,,,,,,,,,,,
2016-12-19T17:01:41.450158,1370000000,-40,-57.78038788,-53.38653061,28.33938776,105163,TRUE,0,,-39.64938788,-43.51553061,-3.866142734,,,,,,,,,,,,,,,,
2016-12-19T17:01:48.894584,1370000000,-20,-37.57981873,-32.8812,27.8428,105158.44,TRUE,0,,-19.44881873,-23.0102,-3.561381274,,,,,,,,,,,,,,,,
2016-12-19T17:01:56.292007,1390000000,-65,-82.2876358,-76.3658,16.31122449,111140.6531,TRUE,0.25,,-64.1506358,-66.4488,-2.298164197,,,,,,,,,,,,,,,,
2016-12-19T17:02:03.564423,1390000000,-40,-57.86295319,-53.3155102,28.28530612,111143,TRUE,0,,-39.72595319,-43.3985102,-3.672557018,,,,,,,,,,,,,,,,
2016-12-19T17:02:11.001848,1390000000,-20,-37.63520432,-32.8076,29.1516,111143,TRUE,0,,-19.49820432,-22.8906,-3.392395685,,,,,,,,,,,,,,,,
2016-12-19T17:02:18.396271,1410000000,-65,-82.25540161,-76.1296,16.99653061,108751,TRUE,0.25,,-64.08540161,-66.2146,-2.129198389,,,,,,,,,,,,,,,,
2016-12-19T17:02:25.691688,1410000000,-40,-57.88436127,-53.1984,27.9564,108751,TRUE,0,,-39.71436127,-43.2834,-3.569038733,,,,,,,,,,,,,,,,
2016-12-19T17:02:33.119113,1410000000,-20,-37.66960526,-32.76142857,26.92081633,108746.3061,TRUE,0,,-19.49960526,-22.84642857,-3.346823316,,,,,,,,,,,,,,,,
2016-12-19T17:02:40.520537,1430000000,-65,-82.17445374,-77.7564,16.6477551,105008.6531,TRUE,0.25,,-63.98345374,-67.7964,-3.812946265,,,,,,,,,,,,,,,,
2016-12-19T17:02:47.792953,1430000000,-40,-57.77616882,-53.2312,29.1044,105163,TRUE,0,,-39.58516882,-43.2712,-3.686031177,,,,,,,,,,,,,,,,
2016-12-19T17:02:55.238378,1430000000,-20,-37.58588791,-32.82142857,27.81306122,105158.3469,TRUE,0,,-19.39488791,-22.86142857,-3.466540663,,,,,,,,,,,,,,,,
2016-12-19T17:03:02.605800,1450000000,-65,-82.23982239,-76.2896,16.14204082,102768.6735,TRUE,0.25,,-64.02682239,-66.2776,-2.250777612,,,,,,,,,,,,,,,,
2016-12-19T17:03:09.855214,1450000000,-40,-57.87427902,-53.36918367,27.81612245,102771,TRUE,0,,-39.66127902,-43.35718367,-3.695904651,,,,,,,,,,,,,,,,
2016-12-19T17:03:17.295640,1450000000,-20,-37.62770844,-32.8716,28.36,102766.44,TRUE,0,,-19.41470844,-22.8596,-3.444891565,,,,,,,,,,,,,,,,
2016-12-19T17:03:24.657061,1470000000,-65,-82.21054077,-77.67816327,16.31306122,108751,TRUE,0,,-63.95354077,-67.64416327,-3.690622494,,,,,,,,,,,,,,,,
2016-12-19T17:03:31.926477,1470000000,-40,-57.83010483,-53.1576,27.976,108751,TRUE,0,,-39.57310483,-43.1236,-3.550495172,,,,,,,,,,,,,,,,
2016-12-19T17:03:39.356902,1470000000,-20,-37.63469696,-32.7455102,27.28469388,108746.3061,TRUE,0,,-19.37769696,-22.7115102,-3.333813244,,,,,,,,,,,,,,,,
2016-12-19T17:03:46.727323,1490000000,-65,-82.25505066,-76.0788,16.26285714,116079,TRUE,0.25,,-64.02205066,-66.0428,-2.020749341,,,,,,,,,,,,,,,,
2016-12-19T17:03:54.010740,1490000000,-40,-57.87844086,-53.1216,28.1576,116079,TRUE,0,,-39.64544086,-43.0856,-3.440159143,,,,,,,,,,,,,,,,
2016-12-19T17:04:01.444165,1490000000,-20,-37.66501999,-32.72612245,27.42591837,116074.3061,TRUE,0,,-19.43201999,-22.69012245,-3.25810246,,,,,,,,,,,,,,,,
2016-12-19T17:04:08.842588,1510000000,-65,-82.32737732,-77.75979592,16.35673469,112334.3061,TRUE,0,,-64.08537732,-67.69629592,-3.610918599,,,,,,,,,,,,,,,,
2016-12-19T17:04:16.111004,1510000000,-40,-57.94958115,-53.2156,29.0032,112481.88,TRUE,0,,-39.70758115,-43.1521,-3.444518854,,,,,,,,,,,,,,,,
2016-12-19T17:04:23.545429,1510000000,-20,-37.75611115,-32.80918367,26.99163265,112491,TRUE,0,,-19.51411115,-22.74568367,-3.231572528,,,,,,,,,,,,,,,,
2016-12-19T17:04:30.931852,1530000000,-65,-82.44155884,-76.395,15.94469388,119663.6735,TRUE,0.25,,-64.12555884,-66.298,-2.172441162,,,,,,,,,,,,,,,,
2016-12-19T17:04:38.179266,1530000000,-40,-58.09168243,-53.33142857,28.80673469,119661.3469,TRUE,0,,-39.77568243,-43.23442857,-3.458746137,,,,,,,,,,,,,,,,
2016-12-19T17:04:45.615692,1530000000,-20,-37.88098145,-32.9592,27.268,119666,TRUE,0,,-19.56498145,-22.8622,-3.297218555,,,,,,,,,,,,,,,,
2016-12-19T17:04:52.980113,1550000000,-65,-82.40429688,-77.48530612,15.87653061,117275,TRUE,0,,-64.12429688,-67.35130612,-3.227009247,,,,,,,,,,,,,,,,
2016-12-19T17:05:00.229527,1550000000,-40,-58.0192337,-53.0576,27.2676,117275,TRUE,0,,-39.7392337,-42.9236,-3.184366296,,,,,,,,,,,,,,,,
2016-12-19T17:05:07.663953,1550000000,-20,-37.81440353,-32.70897959,26.42795918,117270.3061,TRUE,0,,-19.53440353,-22.57497959,-3.040576058,,,,,,,,,,,,,,,,
2016-12-19T17:05:15.049375,1570000000,-65,-82.52510071,-77.7744898,15.77428571,113530.3061,TRUE,0,,-64.22410071,-67.6534898,-3.429389088,,,,,,,,,,,,,,,,
2016-12-19T17:05:22.315791,1570000000,-40,-58.13371658,-53.1944,27.3852,113535,TRUE,0,,-39.83271658,-43.0734,-3.240683417,,,,,,,,,,,,,,,,
2016-12-19T17:05:29.983229,1570000000,-20,-37.95438004,-32.83530612,27.64653061,113535,TRUE,0,,-19.65338004,-22.71430612,-3.060926087,,,,,,,,,,,,,,,,
2016-12-19T17:05:37.362651,1590000000,-65,-82.56204224,-77.77122449,15.97020408,111138.3061,TRUE,0,,-64.23204224,-67.60072449,-3.368682253,,,,,,,,,,,,,,,,
2016-12-19T17:05:44.618066,1590000000,-40,-58.14612961,-53.1708,28.0504,111143,TRUE,0,,-39.81612961,-43.0003,-3.184170392,,,,,,,,,,,,,,,,
2016-12-19T17:05:52.051492,1590000000,-20,-37.9419136,-32.88489796,28.49653061,111143,TRUE,0,,-19.6119136,-22.71439796,-3.102484354,,,,,,,,,,,,,,,,
2016-12-19T17:05:59.421913,1610000000,-65,-82.60329437,-76.1738,15.83387755,117122,TRUE,0.25,,-64.25129437,-65.9658,-1.714505627,,,,,,,,,,,,,,,,
2016-12-19T17:06:06.707330,1610000000,-40,-58.15923309,-53.1944,29.0812,117122,TRUE,0,,-39.80723309,-42.9864,-3.179166907,,,,,,,,,,,,,,,,
2016-12-19T17:06:14.151756,1610000000,-20,-38.00643539,-32.97122449,28.55163265,117117.3469,TRUE,0,,-19.65443539,-22.76322449,-3.108789095,,,,,,,,,,,,,,,,
2016-12-19T17:06:21.534178,1630000000,-65,-82.58106995,-76.0444,15.55530612,114730,TRUE,0.25,,-64.16806995,-65.8129,-1.644830054,,,,,,,,,,,,,,,,
2016-12-19T17:06:28.809594,1630000000,-40,-58.13453674,-52.9824,27.3324,114725.44,TRUE,0,,-39.72153674,-42.7509,-3.029363257,,,,,,,,,,,,,,,,
2016-12-19T17:06:36.238019,1630000000,-20,-37.98095322,-32.7724,28.5516,114730,TRUE,0,,-19.56795322,-22.5409,-2.972946783,,,,,,,,,,,,,,,,
2016-12-19T17:06:43.654443,1650000000,-65,-82.56390381,-77.48163265,15.79632653,130272.3469,TRUE,0,,-64.14990381,-67.21663265,-3.066728844,,,,,,,,,,,,,,,,
2016-12-19T17:06:50.908858,1650000000,-40,-58.21752548,-52.9648,27.8212,130272.44,TRUE,0,,-39.80352548,-42.6998,-2.896274518,,,,,,,,,,,,,,,,
2016-12-19T17:06:58.341283,1650000000,-20,-38.0281601,-32.7404,27.5404,130277,TRUE,0,,-19.6141601,-22.4754,-2.861239905,,,,,,,,,,,,,,,,
2016-12-19T17:07:05.709705,1670000000,-65,-82.58059692,-76.4264,15.24816327,127882.6735,TRUE,0.25,,-64.18659692,-66.1534,-1.966803076,,,,,,,,,,,,,,,,
2016-12-19T17:07:12.956119,1670000000,-40,-58.22592163,-53.46510204,27.91510204,127733,TRUE,0,,-39.83192163,-43.19210204,-3.36018041,,,,,,,,,,,,,,,,
2016-12-19T17:07:20.388544,1670000000,-20,-37.96080399,-33.23653061,29.38387755,127885,TRUE,0,,-19.56680399,-22.96353061,-3.396726627,,,,,,,,,,,,,,,,
2016-12-19T17:07:27.771966,1690000000,-65,-82.643013,-77.99979592,15.57040816,133860.3469,TRUE,0,,-64.209013,-67.70929592,-3.500282918,,,,,,,,,,,,,,,,
2016-12-19T17:07:35.027381,1690000000,-40,-58.21126938,-53.438,29.478,133860.44,TRUE,0,,-39.77726938,-43.1475,-3.370230621,,,,,,,,,,,,,,,,
2016-12-19T17:07:42.471807,1690000000,-20,-37.99475098,-33.13795918,27.1,133865,TRUE,0,,-19.56075098,-22.84745918,-3.286708207,,,,,,,,,,,,,,,,
2016-12-19T17:07:49.857230,1710000000,-65,-82.72261047,-77.74040816,15.34795918,131468.3469,TRUE,0,,-64.25261047,-67.36090816,-3.10829769,,,,,,,,,,,,,,,,
2016-12-19T17:07:57.129646,1710000000,-40,-58.31390762,-53.148,27.7752,131468.44,TRUE,0,,-39.84390762,-42.7685,-2.924592377,,,,,,,,,,,,,,,,
2016-12-19T17:08:04.574071,1710000000,-20,-38.10712433,-32.92387755,26.5622449,131468.3469,TRUE,0,,-19.63712433,-22.54437755,-2.907253222,,,,,,,,,,,,,,,,
2016-12-19T17:08:11.975495,1730000000,-65,-82.58572388,-77.40040816,15.42367347,128118.8776,TRUE,0,,-64.13572388,-67.05290816,-2.917184286,,,,,,,,,,,,,,,,
2016-12-19T17:08:19.257911,1730000000,-40,-58.15581512,-52.89265306,28.81489796,128240.9184,TRUE,0,,-39.70581512,-42.54515306,-2.839337937,,,,,,,,,,,,,,,,
2016-12-19T17:08:26.693337,1730000000,-20,-37.99576569,-32.73163265,28.32081633,128269.9796,TRUE,0,,-19.54576569,-22.38413265,-2.838366967,,,,,,,,,,,,,,,,
2016-12-19T17:08:34.475782,1750000000,-65,-82.70217896,-77.59816327,15.47306122,125336.3469,TRUE,0,,-64.21017896,-67.20416327,-2.99398431,,,,,,,,,,,,,,,,
2016-12-19T17:08:41.731197,1750000000,-40,-58.27869415,-52.9644,26.9984,125341,TRUE,0,,-39.78669415,-42.5704,-2.783705847,,,,,,,,,,,,,,,,
2016-12-19T17:08:49.163622,1750000000,-20,-38.12535095,-32.79653061,27.75693878,125336.3469,TRUE,0,,-19.63335095,-22.40253061,-2.76917966,,,,,,,,,,,,,,,,
2016-12-19T17:08:56.546044,1770000000,-65,-82.65890503,-77.72959184,15.28183673,123102,TRUE,0,,-64.15290503,-67.30259184,-3.149686807,,,,,,,,,,,,,,,,
2016-12-19T17:09:03.819460,1770000000,-40,-58.21842575,-53.224,28.4972,123097.4,TRUE,0,,-39.71242575,-42.797,-3.084574249,,,,,,,,,,,,,,,,
2016-12-19T17:09:11.277887,1770000000,-20,-38.01190948,-33.00244898,28.57122449,123097.3061,TRUE,0,,-19.50590948,-22.57544898,-3.069539495,,,,,,,,,,,,,,,,
2016-12-19T17:09:18.678310,1790000000,-65,-82.75404358,-77.62142857,15.55857143,129076.3469,TRUE,0,,-64.19104358,-67.15142857,-2.960384992,,,,,,,,,,,,,,,,
2016-12-19T17:09:25.931725,1790000000,-40,-58.36641312,-53.0896,26.0632,129076.44,TRUE,0,,-39.80341312,-42.6196,-2.816186883,,,,,,,,,,,,,,,,
2016-12-19T17:09:33.365150,1790000000,-20,-38.17963028,-32.86020408,25.68102041,129081,TRUE,0,,-19.61663028,-22.39020408,-2.773573802,,,,,,,,,,,,,,,,
2016-12-19T17:09:40.728571,1810000000,-65,-82.6705246,-76.0422,15.63673469,136254.6531,TRUE,0.25,,-64.0745246,-65.5292,-1.454675403,,,,,,,,,,,,,,,,
2016-12-19T17:09:47.999987,1810000000,-40,-58.29008102,-52.94612245,26.9077551,136252.3061,TRUE,0,,-39.69408102,-42.43312245,-2.739041425,,,,,,,,,,,,,,,,
2016-12-19T17:09:55.436412,1810000000,-20,-38.05414581,-32.6156,26.0324,136252.4,TRUE,0,,-19.45814581,-22.1026,-2.644454187,,,,,,,,,,,,,,,,
2016-12-19T17:10:02.824835,1830000000,-65,-82.67399597,-75.8298,15.71816327,142236,TRUE,0.25,,-64.08299597,-65.3068,-1.223804028,,,,,,,,,,,,,,,,
2016-12-19T17:10:10.069249,1830000000,-40,-58.3011055,-52.92346939,27.14183673,142236,TRUE,0,,-39.7101055,-42.40046939,-2.690363888,,,,,,,,,,,,,,,,
2016-12-19T17:10:17.502674,1830000000,-20,-38.08909988,-32.60081633,27.70061224,142236,TRUE,0,,-19.49809988,-22.07781633,-2.579716443,,,,,,,,,,,,,,,,
2016-12-19T17:10:24.884097,1850000000,-65,-82.69718933,-77.45897959,15.81673469,139845,TRUE,0,,-64.08518933,-66.89947959,-2.814290261,,,,,,,,,,,,,,,,
2016-12-19T17:10:32.152512,1850000000,-40,-58.29824066,-52.888,28.3152,139840.4,TRUE,0,,-39.68624066,-42.3285,-2.642259338,,,,,,,,,,,,,,,,
2016-12-19T17:10:39.582937,1850000000,-20,-38.10640717,-32.52612245,28.01938776,139845,TRUE,0,,-19.49440717,-21.96662245,-2.472215283,,,,,,,,,,,,,,,,
2016-12-19T17:10:46.971360,1870000000,-65,-82.74981689,-77.51122449,15.73734694,145819.3469,TRUE,0,,-64.12181689,-66.94322449,-2.821407595,,,,,,,,,,,,,,,,
2016-12-19T17:10:54.254777,1870000000,-40,-58.36062622,-52.9484,28.3112,145824,TRUE,0,,-39.73262622,-42.3804,-2.647773779,,,,,,,,,,,,,,,,
2016-12-19T17:11:01.686202,1870000000,-20,-38.15353394,-32.48306122,27.80489796,145819.3469,TRUE,0,,-19.52553394,-21.91506122,-2.389527289,,,,,,,,,,,,,,,,
2016-12-19T17:11:09.057623,1890000000,-65,-82.76924133,-75.9584,15.09979592,133862.6735,TRUE,0.25,,-64.13224133,-65.3284,-1.196158667,,,,,,,,,,,,,,,,
2016-12-19T17:11:16.326039,1890000000,-40,-58.38863373,-52.9708,28.0612,133865,TRUE,0,,-39.75163373,-42.3408,-2.589166272,,,,,,,,,,,,,,,,
2016-12-19T17:11:23.773465,1890000000,-20,-38.1949501,-32.49346939,28.20061224,133865,TRUE,0,,-19.5579501,-21.86346939,-2.305519284,,,,,,,,,,,,,,,,
2016-12-19T17:11:31.141886,1910000000,-65,-82.77110291,-75.918,15.17122449,139842.6531,TRUE,0.25,,-64.11110291,-65.323,-1.211897095,,,,,,,,,,,,,,,,
2016-12-19T17:11:38.574312,1910000000,-40,-58.35388947,-53.00816327,27.50632653,139840.3061,TRUE,0,,-39.69388947,-42.41316327,-2.7192738,,,,,,,,,,,,,,,,
2016-12-19T17:11:45.989736,1910000000,-20,-38.18181229,-32.52979592,28.52734694,139840.3061,TRUE,0,,-19.52181229,-21.93479592,-2.412983632,,,,,,,,,,,,,,,,
2016-12-19T17:11:53.407160,1930000000,-65,-82.71768188,-77.67734694,15.14204082,137605,TRUE,0,,-64.02668188,-66.99984694,-2.973165054,,,,,,,,,,,,,,,,
2016-12-19T17:12:00.657575,1930000000,-40,-58.34857941,-53.04306122,28.17122449,137600.3469,TRUE,0,,-39.65757941,-42.36556122,-2.707981818,,,,,,,,,,,,,,,,
2016-12-19T17:12:08.072999,1930000000,-20,-38.17925262,-32.56387755,28.44938776,137605,TRUE,0,,-19.48825262,-21.88637755,-2.398124927,,,,,,,,,,,,,,,,
2016-12-19T17:12:15.476422,1950000000,-65,-82.70550537,-77.37081633,15.12204082,144776.3061,TRUE,0,,-63.99750537,-66.67331633,-2.675810955,,,,,,,,,,,,,,,,
2016-12-19T17:12:22.758839,1950000000,-40,-58.34756851,-52.8616,28.7972,144781,TRUE,0,,-39.63956851,-42.1641,-2.524531488,,,,,,,,,,,,,,,,
2016-12-19T17:12:30.179263,1950000000,-20,-38.16367722,-32.3944898,27.41591837,144776.3061,TRUE,0,,-19.45567722,-21.6969898,-2.24131258,,,,,,,,,,,,,,,,
2016-12-19T17:12:37.561685,1970000000,-65,-82.78743744,-77.0788,15.16183673,150605.6531,TRUE,0.25,,-64.00443744,-66.3388,-2.334362561,,,,,,,,,,,,,,,,
2016-12-19T17:12:44.847102,1970000000,-40,-58.45348358,-52.7444,27.936,150755.44,TRUE,0,,-39.67048358,-42.0044,-2.333916418,,,,,,,,,,,,,,,,
2016-12-19T17:12:52.279527,1970000000,-20,-38.24641418,-32.18142857,29.30244898,150755.3469,TRUE,0,,-19.46341418,-21.44142857,-1.978014387,,,,,,,,,,,,,,,,
2016-12-19T17:12:59.677950,1990000000,-65,-82.78834534,-77.5377551,13.88530612,157930.3469,TRUE,0,,-64.02434534,-66.7717551,-2.747409765,,,,,,,,,,,,,,,,
2016-12-19T17:13:06.944366,1990000000,-40,-58.44145966,-52.8224,26.4304,157930.44,TRUE,0,,-39.67745966,-42.0564,-2.378940344,,,,,,,,,,,,,,,,
2016-12-19T17:13:14.396792,1990000000,-20,-38.22112274,-32.27836735,27.23591837,157930.3469,TRUE,0,,-19.45712274,-21.51236735,-2.055244605,,,,,,,,,,,,,,,,
2016-12-19T17:13:21.763214,2010000000,-65,-82.91348267,-75.634,13.71795918,154500,TRUE,0.25,,-64.11648267,-64.8675,-0.751017334,,,,,,,,,,,,,,,,
2016-12-19T17:13:29.036630,2010000000,-40,-58.49433136,-52.7592,27.448,154348,TRUE,0,,-39.69733136,-41.9927,-2.29536864,,,,,,,,,,,,,,,,
2016-12-19T17:13:36.466055,2010000000,-20,-38.30808258,-32.3056,28.0672,154343.4,TRUE,0,,-19.51108258,-21.5391,-2.028017419,,,,,,,,,,,,,,,,
2016-12-19T17:13:43.881479,2030000000,-65,-82.98279572,-77.1355102,14.11285714,151804,TRUE,0,,-64.11779572,-66.3070102,-2.189214489,,,,,,,,,,,,,,,,
2016-12-19T17:13:51.137894,2030000000,-40,-58.67924118,-52.716,27.4436,151951.44,TRUE,0,,-39.81424118,-41.8875,-2.07325882,,,,,,,,,,,,,,,,
2016-12-19T17:13:58.568319,2030000000,-20,-38.44263458,-32.2756,27.2088,151951.44,TRUE,0,,-19.57763458,-21.4471,-1.869465418,,,,,,,,,,,,,,,,
2016-12-19T17:14:05.968742,2050000000,-65,-82.92339325,-75.8568,14.08530612,148365.6735,TRUE,0.25,,-64.10839325,-65.0048,-0.89640675,,,,,,,,,,,,,,,,
2016-12-19T17:14:13.241158,2050000000,-40,-58.51703262,-52.7036,28.7664,148211.4,TRUE,0,,-39.70203262,-41.8516,-2.149567377,,,,,,,,,,,,,,,,
2016-12-19T17:14:20.683584,2050000000,-20,-38.31337738,-32.27571429,28.21591837,148211.3061,TRUE,0,,-19.49837738,-21.42371429,-1.925336905,,,,,,,,,,,,,,,,
2016-12-19T17:14:28.084007,2070000000,-65,-82.86988068,-77.12428571,14.18653061,145824,TRUE,0,,-63.99988068,-66.25678571,-2.256905038,,,,,,,,,,,,,,,,
2016-12-19T17:14:35.341422,2070000000,-40,-58.56060028,-52.7596,28.1108,145814.88,TRUE,0,,-39.69060028,-41.8921,-2.201499719,,,,,,,,,,,,,,,,
2016-12-19T17:14:43.030862,2070000000,-20,-38.3880043,-32.32306122,27.62408163,145824,TRUE,0,,-19.5180043,-21.45556122,-1.937556921,,,,,,,,,,,,,,,,
2016-12-19T17:14:50.419284,2090000000,-65,-83.04122925,-77.30489796,13.85285714,151951.3469,TRUE,0,,-64.11522925,-66.41639796,-2.301168711,,,,,,,,,,,,,,,,
2016-12-19T17:14:57.653698,2090000000,-40,-58.72428513,-52.9004,25.976,151799.4,TRUE,0,,-39.79828513,-42.0119,-2.213614874,,,,,,,,,,,,,,,,
2016-12-19T17:15:05.088123,2090000000,-20,-38.52799225,-32.5277551,28.78285714,151804,TRUE,0,,-19.60199225,-21.6392551,-2.037262854,,,,,,,,,,,,,,,,
2016-12-19T17:15:12.470546,2110000000,-65,-82.98503876,-77.37204082,13.76122449,149407.3061,TRUE,0,,-64.10303876,-66.44104082,-2.338002059,,,,,,,,,,,,,,,,
2016-12-19T17:15:19.745962,2110000000,-40,-58.64887238,-52.8308,27.6092,149412,TRUE,0,,-39.76687238,-41.8998,-2.132927624,,,,,,,,,,,,,,,,
2016-12-19T17:15:27.171387,2110000000,-20,-38.46817017,-32.47591837,27.9422449,149412,TRUE,0,,-19.58617017,-21.54491837,-1.958748201,,,,,,,,,,,,,,,,
2016-12-19T17:15:34.558809,2130000000,-65,-83.11677551,-76.0948,13.28836735,165224.9388,TRUE,0.25,,-64.19077551,-65.1638,-0.973024487,,,,,,,,,,,,,,,,
2016-12-19T17:15:41.822224,2130000000,-40,-58.73897171,-52.9677551,28.02142857,165051.8571,TRUE,0,,-39.81297171,-42.0367551,-2.223783392,,,,,,,,,,,,,,,,
2016-12-19T17:15:49.257650,2130000000,-20,-38.60831833,-32.6648,27.0456,164959,TRUE,0,,-19.68231833,-21.7338,-2.051481671,,,,,,,,,,,,,,,,
,,,,,,,,,,,,,,,,,,,,,,,,,,,,
,,,,,,,,,,,,-3.866142734,,,,,,,,,,,,,,,,
,,,,,,,,,,,,-0.287948962,,,,,,,,,,,,,,,,
