Frequency (Hz),Insertion Loss (dB)
30000,-7.01176832797995
1279985,-1.23650789095631
2529970,-1.42018754294394
3779955,-1.85341981458223
5029940,-2.44935324761264
6279925,-3.11690816847581
7529910,-3.8043259602454
8779895,-4.54152190311436
10029880,-5.23589085015593
11279865,-5.99927962377641
12529850,-6.71024000647226
13779835,-7.43417245075992
15029820,-8.17246931641025
16279805,-8.98703280914577
17529790,-9.7731994488931
18779775,-10.6021043182333
20029760,-11.4334929054737
21279745,-12.3572393567648
22529730,-13.2828400533706
23779715,-14.0967617363054
25029700,-14.9470101199373
26279685,-15.4791315628648
27529670,-15.9421096571441
28779655,-16.2015062799273
30029640,-16.2677437509567
31279625,-16.0563231214485
32529610,-15.7166590035085
33779595,-15.1369310967563
35029580,-14.4996503630884
36279565,-13.7567224472452
37529550,-13.0017397581718
38779535,-12.2702356156391
40029520,-11.5795211094322
41279505,-10.9553493271571
42529490,-10.3248651636489
43779475,-9.75037109278205
45029460,-9.22471816682658
46279445,-8.69420639190324
47529430,-8.2590971459516
48779415,-7.82800535476574
50029400,-7.46372831874903
51279385,-7.07293453629682
52529370,-6.72895410783881
53779355,-6.42859376568651
55029340,-6.15976521916725
56279325,-5.9390019564534
57529310,-5.74709198878315
58779295,-5.56866563051308
60029280,-5.42355300684224
61279265,-5.32193766176747
62529250,-5.28802670349016
63779235,-5.2322805119798
65029220,-5.22858026946846
66279205,-5.28607189488767
67529190,-5.37169602736441
68779175,-5.5169430605961
70029160,-5.69956412584783
71279145,-5.98180125495442
72529130,-6.29594564664898
73779115,-6.64372004710756
75029100,-7.09275842148008
76279085,-7.57482626262577
77529070,-8.11010396202392
78779055,-8.70105460414223
80029040,-9.34753301754537
81279025,-9.97418028470582
82529010,-10.638279738461
83778995,-11.1969984001972
85028980,-11.7237213825676
86278965,-12.1601755694862
87528950,-12.439074245573
88778935,-12.719718683044
90028920,-12.9403473587536
91278905,-13.1066388091983
92528890,-13.284935527669
93778875,-13.3493092145258
95028860,-13.2630964750718
96278845,-13.0556715647202
97528830,-12.7056325338775
98778815,-12.336660360931
100028800,-12.0026858076017
101278785,-11.7239789416504
102528770,-11.4676082600995
103778755,-11.3159829752666
105028740,-11.2472159030431
106278725,-11.1922692636204
107528710,-11.1534766905317
108778695,-11.0432512256265
110028680,-10.8406391786725
111278665,-10.612401400195
112528650,-10.2737039342927
113778635,-9.9373174508837
115028620,-9.60768473299305
116278605,-9.26278558871296
117528590,-8.92702739476229
118778575,-8.59593263632086
120028560,-8.32687073445892
121278545,-8.01328603575161
122528530,-7.78935590332917
123778515,-7.53845357041094
125028500,-7.32770895447199
126278485,-7.13120018302021
127528470,-7.02324314611416
128778455,-6.8599076309409
130028440,-6.81759205562441
131278425,-6.80177681694814
132528410,-6.82472022539147
133778395,-6.88307860750204
135028380,-7.00620239367188
136278365,-7.14815574691035
137528350,-7.39787561774709
138778335,-7.62056716179422
140028320,-7.89823143351008
141278305,-8.20490293312153
142528290,-8.57010989289925
143778275,-8.90968970179643
145028260,-9.24514226378573
146278245,-9.60251046625756
147528230,-9.86676864481944
148778215,-10.1759363803342
150028200,-10.4187690214437
151278185,-10.6259917438137
152528170,-10.846670862143
153778155,-10.9717787694688
155028140,-11.1119801128239
156278125,-11.156668479077
157528110,-11.1905746791567
158778095,-11.2401144455108
160028080,-11.2039350484736
161278065,-11.1951873693192
162528050,-11.1196877956784
163778035,-11.0450225875358
165028020,-11.0113647588876
166278005,-10.8779009726166
167527990,-10.8236010784133
168777975,-10.8093275838046
170027960,-10.7456771309881
171277945,-10.6851088900756
172527930,-10.6810528713706
173777915,-10.6558588178104
175027900,-10.6608895538757
176277885,-10.6873266249179
177527870,-10.7513665444804
178777855,-10.7872300658431
180027840,-10.802045282358
181277825,-10.853798918278
182527810,-10.819841891777
183777795,-10.8229490283562
185027780,-10.7795702193791
186277765,-10.7291189596893
187527750,-10.6685287547387
188777735,-10.5463240381774
190027720,-10.4581499269218
191277705,-10.3030642696312
192527690,-10.1807694451603
193777675,-9.98158476628547
195027660,-9.84109233474656
196277645,-9.68815116569072
197527630,-9.51902712477956
198777615,-9.37900379515981
200027600,-9.2052786675644
201277585,-9.07443182948478
202527570,-8.9500122561761
203777555,-8.85320542678132
205027540,-8.75075878722218
206277525,-8.67091283800791
207527510,-8.61290543456022
208777495,-8.59328465355235
210027480,-8.61016657626599
211277465,-8.56751025075787
212527450,-8.63449378787428
213777435,-8.66475063748902
215027420,-8.77035675567482
216277405,-8.8905723740266
217527390,-8.97690195415615
218777375,-9.14296426396348
220027360,-9.29576502407413
221277345,-9.47209949040619
222527330,-9.64868822987535
223777315,-9.83158884111087
225027300,-9.97064895629542
226277285,-10.1980928251995
227527270,-10.3515360703057
228777255,-10.5003208434449
230027240,-10.6741647579699
231277225,-10.847671819456
232527210,-11.0069581067641
233777195,-11.1358077919164
235027180,-11.2844450223969
236277165,-11.4106535340807
237527150,-11.4654864378209
238777135,-11.5611538289951
240027120,-11.5742854365325
241277105,-11.5974562268149
242527090,-11.5563104911746
243777075,-11.5081133707699
245027060,-11.4545144324783
246277045,-11.3486717836443
247527030,-11.223265139624
248777015,-11.1315517880637
250027000,-10.9899665984206
251276985,-10.842344766021
252526970,-10.7151915876581
253776955,-10.5945558819686
255026940,-10.4263593563295
256276925,-10.2797243003495
257526910,-10.1426439247833
258776895,-10.0277974942061
260026880,-9.9118783927387
261276865,-9.81542717362946
262526850,-9.69154984288347
263776835,-9.54484631845818
265026820,-9.42423590234164
266276805,-9.34286714097438
267526790,-9.23348955874032
268776775,-9.14890736252411
270026760,-9.05455580121703
271276745,-8.94417112201612
272526730,-8.89626945410023
273776715,-8.84601638395902
275026700,-8.80834206457237
276276685,-8.78265840066511
277526670,-8.77773421379932
278776655,-8.77712574108667
280026640,-8.80873626286931
281276625,-8.85921610992925
282526610,-8.90616606804526
283776595,-9.00571129028336
285026580,-9.09718100320087
286276565,-9.16158424213631
287526550,-9.29724283464265
288776535,-9.39564548535968
290026520,-9.52384723658567
291276505,-9.63300360467399
292526490,-9.7383761791281
293776475,-9.8557527919615
295026460,-9.9588824636285
296276445,-10.0323653165721
297526430,-10.1203448825724
298776415,-10.1934065410066
300026400,-10.2446232619481
301276385,-10.29273638148
302526370,-10.3216119427179
303776355,-10.3514454032465
305026340,-10.3801696728074
306276325,-10.3985160548578
307526310,-10.4492898303755
308776295,-10.4345357568945
310026280,-10.4804761889744
311276265,-10.4704132892393
312526250,-10.5232512260484
313776235,-10.580906749946
315026220,-10.6135349809651
316276205,-10.6143338051797
317526190,-10.6765297792399
318776175,-10.6953133887246
320026160,-10.7031419276741
321276145,-10.7126897623027
322526130,-10.6984620000267
323776115,-10.7123433599097
325026100,-10.6523370183657
326276085,-10.6263871092564
327526070,-10.5854629117527
328776055,-10.5089616654648
330026040,-10.4542843529655
331276025,-10.3944767410211
332526010,-10.2920608640657
333775995,-10.2199643336124
335025980,-10.149872042845
336275965,-10.0796993937466
337525950,-9.97945364693457
338775935,-9.8993207132136
340025920,-9.80581696907202
341275905,-9.78701723049649
342525890,-9.68625573904586
343775875,-9.63285734268827
345025860,-9.58876853321224
346275845,-9.50682886242745
347525830,-9.4719643927053
348775815,-9.42268496257488
350025800,-9.40452143974731
351275785,-9.34665694526108
352525770,-9.32567050141635
353775755,-9.30941855608927
355025740,-9.31589436420685
356275725,-9.31521974139485
357525710,-9.2689300993231
358775695,-9.29907806375419
360025680,-9.31671618794074
361275665,-9.34609254207689
362525650,-9.38077373559674
363775635,-9.39263694675028
365025620,-9.40785699869739
366275605,-9.47597266729866
367525590,-9.48902268872249
368775575,-9.56718854656376
370025560,-9.5929371022116
371275545,-9.65142815117109
372525530,-9.71614222481544
373775515,-9.82111024010432
375025500,-9.87325307451666
376275485,-9.98840028335222
377525470,-10.0745694156319
378775455,-10.1277963903706
380025440,-10.1732282516409
381275425,-10.2151345825768
382525410,-10.2760942663887
383775395,-10.2880148862766
385025380,-10.3082046549457
386275365,-10.3206493133898
387525350,-10.3271267049431
388775335,-10.2827786644699
390025320,-10.2872974056802
391275305,-10.2645587070245
392525290,-10.2426174595818
393775275,-10.2465482774025
395025260,-10.1701332978473
396275245,-10.1647342795181
397525230,-10.1237772125779
398775215,-10.1060757880334
400025200,-10.0830344537784
401275185,-10.0603638457901
402525170,-10.0000920402329
403775155,-9.94490825771315
405025140,-9.90121439106485
406275125,-9.84208525996182
407525110,-9.79615837367243
408775095,-9.68572940142802
410025080,-9.61206299102479
411275065,-9.5450209617866
412525050,-9.49255561931179
413775035,-9.39624073600069
415025020,-9.3541471009379
416275005,-9.29260737016582
417524990,-9.24259732971767
418774975,-9.20752869163282
420024960,-9.15718783993871
421274945,-9.12080910274967
422524930,-9.12544564701449
423774915,-9.10651053380004
425024900,-9.10073436616529
426274885,-9.12058314099256
427524870,-9.11772977828097
428774855,-9.16595755242159
430024840,-9.20235819490288
431274825,-9.23463252755793
432524810,-9.28727389660268
433774795,-9.33388430550295
435024780,-9.3851120113004
436274765,-9.43588391946264
437524750,-9.47776864808865
438774735,-9.54440368944991
440024720,-9.60417301337384
441274705,-9.6875288317133
442524690,-9.69711437207529
443774675,-9.71685637816737
445024660,-9.76267913419951
446274645,-9.79180441881596
447524630,-9.82416013883521
448774615,-9.84657271242463
450024600,-9.90925048606877
451274585,-9.89002086309381
452524570,-9.91218068260672
453774555,-9.95435142303292
455024540,-9.96183711813695
456274525,-9.96444403928112
457524510,-10.0056377389296
458774495,-9.99789756756557
460024480,-9.97793255502301
461274465,-9.96968731030447
462524450,-9.92141970553751
463774435,-9.90602335941585
465024420,-9.8525714954849
466274405,-9.82108305805937
467524390,-9.74311681318961
468774375,-9.7183364780269
470024360,-9.6772499005446
471274345,-9.62302387962673
472524330,-9.56853711066669
473774315,-9.54742306799124
475024300,-9.5121237101752
476274285,-9.48621066897823
477524270,-9.45988607976828
478774255,-9.44317516929362
480024240,-9.41239755857978
481274225,-9.42089261571912
482524210,-9.41835361109761
483774195,-9.39372564910936
485024180,-9.36751710530154
486274165,-9.39530117523388
487524150,-9.37451223220147
488774135,-9.36673377376722
490024120,-9.33717764254824
491274105,-9.38124863469029
492524090,-9.37886712403695
493774075,-9.37649042689126
495024060,-9.41952380203919
496274045,-9.43308349286566
497524030,-9.45330195297964
498774015,-9.47757675210274
500024000,-9.52515037668824
501273985,-9.52810009589058
502523970,-9.58327690747264
503773955,-9.61278038415343
505023940,-9.65952554112365
506273925,-9.68479557405314
507523910,-9.67516908850403
508773895,-9.71689185975645
510023880,-9.73305878917832
511273865,-9.74900792464119
512523850,-9.7388356262328
513773835,-9.74562355562537
515023820,-9.74315769966895
516273805,-9.76730880913661
517523790,-9.71551617110469
518773775,-9.75324645460235
520023760,-9.74566265461204
521273745,-9.69215207522532
522523730,-9.71193422844047
523773715,-9.71029030313325
525023700,-9.69853942736657
526273685,-9.67715974298929
527523670,-9.68257558414514
528773655,-9.62053506961345
530023640,-9.63470712352875
531273625,-9.61967417781051
532523610,-9.5919966940515
533773595,-9.60353115667519
535023580,-9.58316902773666
536273565,-9.57645988339274
537523550,-9.56147169355162
538773535,-9.5322992703172
540023520,-9.53952280165643
541273505,-9.50303084440671
542523490,-9.52841600934194
543773475,-9.53498436024772
545023460,-9.50402242210627
546273445,-9.48129557965318
547523430,-9.51952856027511
548773415,-9.5267157693667
550023400,-9.54155313160775
551273385,-9.53729241849795
552523370,-9.54946380019685
553773355,-9.56681475936534
555023340,-9.61281771924825
556273325,-9.61680688530326
557523310,-9.63021701827929
558773295,-9.62714555480924
560023280,-9.6841578638181
561273265,-9.67353732047707
562523250,-9.67918312929546
563773235,-9.69289787493128
565023220,-9.7326055560587
566273205,-9.74839202009561
567523190,-9.72797780627611
568773175,-9.74692188489645
570023160,-9.78991159727829
571273145,-9.79406100456978
572523130,-9.77805221332632
573773115,-9.78347969833145
575023100,-9.78687829338463
576273085,-9.81409755103332
577523070,-9.81594205785339
578773055,-9.80923035544238
580023040,-9.81121392801944
581273025,-9.79652035412016
582523010,-9.84975883884086
583772995,-9.8009298149511
585022980,-9.83030230889943
586272965,-9.79732821108791
587522950,-9.81310043995803
588772935,-9.79396110693988
590022920,-9.78951977537785
591272905,-9.75539477997098
592522890,-9.77914253674308
593772875,-9.75978677639002
595022860,-9.73878540904541
596272845,-9.71415921849183
597522830,-9.70782592988515
598772815,-9.71733224506874
600022800,-9.71479328259622
601272785,-9.72412004427799
602522770,-9.72333234973652
603772755,-9.74991663418146
605022740,-9.76214814923113
606272725,-9.75263832350491
607522710,-9.73755560871385
608772695,-9.76671393920202
610022680,-9.77050459053225
611272665,-9.77528322858945
612522650,-9.77937123265469
613772635,-9.81482414009924
615022620,-9.85037765785833
616272605,-9.81283993371664
617522590,-9.87891334881495
618772575,-9.9003320027226
620022560,-9.91429750479593
621272545,-9.90325601659459
622522530,-9.94455702795726
623772515,-9.92831099260647
625022500,-9.97384494286947
626272485,-9.96799717407094
627522470,-9.96234446928793
628772455,-9.97498128834093
630022440,-9.9791052500439
631272425,-9.99592027208767
632522410,-9.99011823682355
633772395,-9.99051699908256
635022380,-9.96703146780681
636272365,-9.96546459774619
637522350,-9.93859366130921
638772335,-9.95091984375499
640022320,-9.94840888326373
641272305,-9.9128836168066
642522290,-9.91580847746736
643772275,-9.92240743085585
645022260,-9.9181314432104
646272245,-9.90053318008938
647522230,-9.92345820922687
648772215,-9.88993258424579
650022200,-9.90030569897336
651272185,-9.88295869582222
652522170,-9.88680466014385
653772155,-9.89169839805652
655022140,-9.91201974771499
656272125,-9.90264479771185
657522110,-9.88826031754884
658772095,-9.92253312061678
660022080,-9.92356090118455
661272065,-9.90933335305884
662522050,-9.95067528905551
663772035,-9.95662261389905
665022020,-9.98109790639765
666272005,-9.99924352546026
667521990,-9.95369264114757
668771975,-9.97549863952085
670021960,-9.98030412758887
671271945,-10.005114170711
672521930,-10.0334329258658
673771915,-10.0245520827884
675021900,-10.0570320836341
676271885,-10.0484079620568
677521870,-10.0523996838561
678771855,-10.0342640948523
680021840,-10.0391963578834
681271825,-10.0599131220762
682521810,-10.1043618389714
683771795,-10.0514892265913
685021780,-10.0587584187416
686271765,-10.0767639335314
687521750,-10.0622627042886
688771735,-10.0937558876349
690021720,-10.0836585937178
691271705,-10.078372298685
692521690,-10.0749925591286
693771675,-10.0834509633125
695021660,-10.0374817678872
696271645,-10.0570078799232
697521630,-10.0376482581738
698771615,-10.0236527001897
700021600,-10.032751998095
701271585,-10.0053050797867
702521570,-9.98514716220328
703771555,-9.98102336581178
705021540,-9.97859681956253
706271525,-9.98467785128831
707521510,-9.94304631565495
708771495,-9.93197715722736
710021480,-9.9507456630855
711271465,-9.92676906064155
712521450,-9.95910915888963
713771435,-9.93251544287039
715021420,-9.97372250516614
716271405,-9.95183469341763
717521390,-9.93136837220985
718771375,-9.97598730840803
720021360,-9.96478112214741
721271345,-10.001802196554
722521330,-10.0038098844934
723771315,-10.0085060611949
725021300,-10.0299899287511
726271285,-10.0285768809674
727521270,-10.055414484331
728771255,-10.0911612536299
730021240,-10.1326138521147
731271225,-10.143378306902
732521210,-10.2171497646451
733771195,-10.2158905084305
735021180,-10.2713586095136
736271165,-10.3407604875746
737521150,-10.3354469567693
738771135,-10.3827931315628
740021120,-10.3826151888759
741271105,-10.4035165702051
742521090,-10.4063055906504
743771075,-10.3858808917295
745021060,-10.4179262975427
746271045,-10.3705802476299
747521030,-10.4188366802236
748771015,-10.3957860668349
750021000,-10.3878884604694
751270985,-10.3615035141475
752520970,-10.3567770407803
753770955,-10.3406977634085
755020940,-10.3211554289093
756270925,-10.2983516837926
757520910,-10.2921510775162
758770895,-10.2893447162648
760020880,-10.2412447800082
761270865,-10.2423550824672
762520850,-10.2148166408218
763770835,-10.1900046114714
765020820,-10.1863964130022
766270805,-10.1506787225564
767520790,-10.1535566895855
768770775,-10.1004753492875
770020760,-10.1317106847065
771270745,-10.1396872227012
772520730,-10.109474666748
773770715,-10.0995809183095
775020700,-10.1159488162835
776270685,-10.0951084859482
777520670,-10.0938838362708
778770655,-10.0854642196626
780020640,-10.0703237820124
781270625,-10.1436632858806
782520610,-10.1144118303919
783770595,-10.1250619825861
785020580,-10.1508687740807
786270565,-10.1292975785856
787520550,-10.1331257599754
788770535,-10.15612744399
790020520,-10.1878153918008
791270505,-10.1905362143735
792520490,-10.21293937913
793770475,-10.2312823867221
795020460,-10.2092113529689
796270445,-10.2244479207538
797520430,-10.2451027222394
798770415,-10.2703203045309
800020400,-10.2411190354301
801270385,-10.2547011070452
802520370,-10.2987955099226
803770355,-10.2875202319706
805020340,-10.3055943347209
806270325,-10.2716169690876
807520310,-10.3434772761539
808770295,-10.3564852134556
810020280,-10.3664802105898
811270265,-10.3807259809627
812520250,-10.4348220844117
813770235,-10.4171937265662
815020220,-10.4404449557213
816270205,-10.4335669937157
817520190,-10.4283789551906
818770175,-10.4352433593114
820020160,-10.4236144602288
821270145,-10.4362792221784
822520130,-10.4297782581026
823770115,-10.4366518721799
825020100,-10.4262196260135
826270085,-10.4115975281588
827520070,-10.4005903360721
828770055,-10.4019313157615
830020040,-10.3946593943723
831270025,-10.3860495467778
832520010,-10.3899149319669
833769995,-10.3967563242077
835019980,-10.3711008260836
836269965,-10.4129664410479
837519950,-10.3843623184006
838769935,-10.373034958877
840019920,-10.3696572243222
841269905,-10.3689867036676
842519890,-10.3596412259598
843769875,-10.3190567725805
845019860,-10.2863579946381
846269845,-10.2683750420096
847519830,-10.2496150034788
848769815,-10.2261931389544
850019800,-10.2168213569956
851269785,-10.2118107119567
852519770,-10.2215760747979
853769755,-10.2261784082822
855019740,-10.2174747750583
856269725,-10.2452734683414
857519710,-10.2628586639813
858769695,-10.2897580541428
860019680,-10.2816356555242
861269665,-10.3509793054347
862519650,-10.3260291364778
863769635,-10.3246810843833
865019620,-10.3385675313911
866269605,-10.3571276314551
867519590,-10.3557154264968
868769575,-10.3810999903976
870019560,-10.3352450836417
871269545,-10.3561765096084
872519530,-10.4208219807665
873769515,-10.4108013072122
875019500,-10.4170836870555
876269485,-10.4226290528946
877519470,-10.466319530754
878769455,-10.4733920881288
880019440,-10.4645788713979
881269425,-10.5180571412515
882519410,-10.5129974925278
883769395,-10.5111679660283
885019380,-10.5154800646416
886269365,-10.4922603244879
887519350,-10.5256632916293
888769335,-10.4854578540374
890019320,-10.4903445653429
891269305,-10.5178995776802
892519290,-10.495576695754
893769275,-10.4929203790816
895019260,-10.5176458560818
896269245,-10.4813408559482
897519230,-10.4998928920334
898769215,-10.485602363647
900019200,-10.4398531379599
901269185,-10.4874764339821
902519170,-10.442914368847
903769155,-10.4419150806302
905019140,-10.4626668279697
906269125,-10.4481132251109
907519110,-10.4515084565776
908769095,-10.4167924809702
910019080,-10.4556142508699
911269065,-10.4499793106035
912519050,-10.4572586223888
913769035,-10.4728062047544
915019020,-10.4683804941948
916269005,-10.4668532001337
917518990,-10.4687538369571
918768975,-10.4949345366481
920018960,-10.4588550575077
921268945,-10.4736638923152
922518930,-10.4503490281185
923768915,-10.4489918655474
925018900,-10.4180388532559
926268885,-10.4370265053735
927518870,-10.4613750010887
928768855,-10.4356638298782
930018840,-10.4989963925542
931268825,-10.4817315383459
932518810,-10.4693967637224
933768795,-10.4776697987272
935018780,-10.4850392845429
936268765,-10.4959958559943
937518750,-10.512191660247
938768735,-10.5301552363793
940018720,-10.5247749447295
941268705,-10.5222688602237
942518690,-10.524508383055
943768675,-10.5039890461399
945018660,-10.5350477051532
946268645,-10.5608864142262
947518630,-10.5372054369446
948768615,-10.5283222135816
950018600,-10.5704643183311
951268585,-10.5515593566523
952518570,-10.5671841326598
953768555,-10.5850779048265
955018540,-10.6319194564899
956268525,-10.6122359012124
957518510,-10.6133025913966
958768495,-10.6333666546521
960018480,-10.6109662672243
961268465,-10.6140459401349
962518450,-10.6403327479634
963768435,-10.6387001442829
965018420,-10.6416754288603
966268405,-10.615289625179
967518390,-10.5992009355213
968768375,-10.5893501268469
970018360,-10.6013579737584
971268345,-10.6047907443968
972518330,-10.6060693227978
973768315,-10.6387364772471
975018300,-10.573626795768
976268285,-10.6499851778584
977518270,-10.621405303447
978768255,-10.6229381218456
980018240,-10.6300262903924
981268225,-10.6483728735604
982518210,-10.6805127649311
983768195,-10.6484903365136
985018180,-10.6533049786298
986268165,-10.6763967761109
987518150,-10.6664706238339
988768135,-10.6651099676332
990018120,-10.6388599349501
991268105,-10.6559807759324
992518090,-10.6667573746111
993768075,-10.6483017612886
995018060,-10.6543949174672
996268045,-10.6600800122911
997518030,-10.6594644126282
998768015,-10.6491530758917
1000018000,-10.6864699921521
1001267985,-10.6440100697604
1002517970,-10.6370156834528
1003767955,-10.6623041053609
1005017940,-10.652983227305
1006267925,-10.6891284265283
1007517910,-10.6610565472138
1008767895,-10.6611522213759
1010017880,-10.6641912498836
1011267865,-10.6953504047783
1012517850,-10.6933433412595
1013767835,-10.6748263311946
1015017820,-10.7124546510701
1016267805,-10.7100554163007
1017517790,-10.7247915306224
1018767775,-10.710900837114
1020017760,-10.7109694015358
1021267745,-10.7367836919022
1022517730,-10.7044013693919
1023767715,-10.702192774718
1025017700,-10.682472085029
1026267685,-10.7145043501621
1027517670,-10.6842142654952
1028767655,-10.6947807806305
1030017640,-10.6902431561508
1031267625,-10.7162925245316
1032517610,-10.7000342798826
1033767595,-10.7140513339725
1035017580,-10.6770093502029
1036267565,-10.6896017961786
1037517550,-10.6937097641649
1038767535,-10.7152362197614
1040017520,-10.713463059306
1041267505,-10.6871607453908
1042517490,-10.7335743835424
1043767475,-10.7233444312039
1045017460,-10.6715473366131
1046267445,-10.7221337126315
1047517430,-10.6835160152135
1048767415,-10.6610660830079
1050017400,-10.6381180815586
1051267385,-10.6727416503179
1052517370,-10.6399057027916
1053767355,-10.6802215354214
1055017340,-10.6860089471142
1056267325,-10.6828061666575
1057517310,-10.7216423673346
1058767295,-10.7615519057758
1060017280,-10.7554269523394
1061267265,-10.7560146095431
1062517250,-10.7858500952177
1063767235,-10.7378469376788
1065017220,-10.7847062790184
1066267205,-10.8052563015539
1067517190,-10.7846811235948
1068767175,-10.8354794732238
1070017160,-10.7781097916091
1071267145,-10.8398623261192
1072517130,-10.80660211122
1073767115,-10.8129100496388
1075017100,-10.8031203542087
1076267085,-10.8413730308184
1077517070,-10.8528330149609
1078767055,-10.8523764960118
1080017040,-10.8475590029591
1081267025,-10.8693107850494
1082517010,-10.8611703596825
1083766995,-10.8585807494398
1085016980,-10.8516631312169
1086266965,-10.8639493339186
1087516950,-10.8759845941245
1088766935,-10.8660227397281
1090016920,-10.8718399730284
1091266905,-10.8446258959998
1092516890,-10.8499627219477
1093766875,-10.8309833447366
1095016860,-10.8420920498288
1096266845,-10.8296624840374
1097516830,-10.8581103824007
1098766815,-10.8733759556474
1100016800,-10.8217619678496
1101266785,-10.8536773563644
1102516770,-10.8862303553422
1103766755,-10.8841553273503
1105016740,-10.8549802682084
1106266725,-10.8455735149091
1107516710,-10.8825365413921
1108766695,-10.921211705943
1110016680,-10.8743053403494
1111266665,-10.8935996092683
1112516650,-10.9119563500464
1113766635,-10.9465225828489
1115016620,-10.9378609055131
1116266605,-10.9493684638768
1117516590,-10.9324627683256
1118766575,-10.9709411722791
1120016560,-10.9666891739115
1121266545,-10.9287609720877
1122516530,-10.9840002659137
1123766515,-10.9381492460341
1125016500,-10.9089291945355
1126266485,-10.8963565709741
1127516470,-10.8947657017957
1128766455,-10.8906437425322
1130016440,-10.8830681032205
1131266425,-10.8734345082647
1132516410,-10.8827069621564
1133766395,-10.8672676220604
1135016380,-10.8782810489195
1136266365,-10.9073882630756
1137516350,-10.902410020943
1138766335,-10.8968584121302
1140016320,-10.8855269030198
1141266305,-10.9174253769022
1142516290,-10.8952384590078
1143766275,-10.9239537733302
1145016260,-10.9411480614394
1146266245,-10.9369728376799
1147516230,-10.9474031210446
1148766215,-10.9694310434893
1150016200,-10.9841074083254
1151266185,-10.9772627457656
1152516170,-11.0333129327667
1153766155,-11.0293998533594
1155016140,-11.0525829345511
1156266125,-11.0812439567527
1157516110,-11.1144454737687
1158766095,-11.1027017344141
1160016080,-11.1257670999644
1161266065,-11.1597975424097
1162516050,-11.1525866885201
1163766035,-11.184384423345
1165016020,-11.1601726410368
1166266005,-11.1468931241067
1167515990,-11.1379616233564
1168765975,-11.1243268726521
1170015960,-11.1109486134638
1171265945,-11.0806634125121
1172515930,-11.0708754501584
1173765915,-11.0872765396154
1175015900,-11.0486563710471
1176265885,-11.0422455620556
1177515870,-11.029499889359
1178765855,-11.032091858217
1180015840,-11.0056163745716
1181265825,-10.9845604985639
1182515810,-10.9882598873458
1183765795,-10.9848677421688
1185015780,-10.9779525283019
1186265765,-10.9872778399487
1187515750,-10.9693567487557
1188765735,-10.9900138342061
1190015720,-10.9854744996937
1191265705,-10.9194309316278
1192515690,-10.9262161768194
1193765675,-10.914024824544
1195015660,-10.9260622244408
1196265645,-10.9138077995501
1197515630,-10.9301791432384
1198765615,-10.9215453755569
1200015600,-10.9291775219997
1201265585,-10.9538295248755
1202515570,-10.968031842652
1203765555,-10.981206290225
1205015540,-11.001251722054
1206265525,-11.0137408912501
1207515510,-11.0145188039305
1208765495,-11.0401722569256
1210015480,-11.0640194029583
1211265465,-11.068988446983
1212515450,-11.1122430251863
1213765435,-11.0941358187468
1215015420,-11.13247510069
1216265405,-11.1579497045115
1217515390,-11.1199571450345
1218765375,-11.115945379836
1220015360,-11.1492405017063
1221265345,-11.1451180620373
1222515330,-11.1414083808422
1223765315,-11.1316970421903
1225015300,-11.1290226656635
1226265285,-11.144046992519
1227515270,-11.1241382958514
1228765255,-11.1264529097562
1230015240,-11.1372740053454
1231265225,-11.1679329099561
1232515210,-11.1191760904012
1233765195,-11.1553650764301
1235015180,-11.1555487799333
1236265165,-11.1792094241181
1237515150,-11.1705973549856
1238765135,-11.1812020590914
1240015120,-11.1650929928143
1241265105,-11.1303206904743
1242515090,-11.2017685209707
1243765075,-11.1476570854432
1245015060,-11.1513377658698
1246265045,-11.1729361789227
1247515030,-11.1432738936129
1248765015,-11.1162238765015
1250015000,-11.1213976987498
1251264985,-11.1281763735329
1252514970,-11.1336354338436
1253764955,-11.1519885675238
1255014940,-11.1342050480812
1256264925,-11.138835885084
1257514910,-11.155529585801
1258764895,-11.1201548936637
1260014880,-11.1742129536552
1261264865,-11.1905458356104
1262514850,-11.1608774031027
1263764835,-11.1347977343723
1265014820,-11.1395909737668
1266264805,-11.1726295725435
1267514790,-11.1237469272385
1268764775,-11.1625874245382
1270014760,-11.1192340543076
1271264745,-11.109167980691
1272514730,-11.1070660462209
1273764715,-11.1378964446944
1275014700,-11.1342470817253
1276264685,-11.1340099353644
1277514670,-11.1331203971955
1278764655,-11.126874031525
1280014640,-11.1284859736838
1281264625,-11.1634671566933
1282514610,-11.1617285973596
1283764595,-11.1402469004785
1285014580,-11.1698823248639
1286264565,-11.1678463872915
1287514550,-11.2281546264148
1288764535,-11.2203864137535
1290014520,-11.2176372089374
1291264505,-11.2377293734064
1292514490,-11.2371113284311
1293764475,-11.2618160061465
1295014460,-11.2523743397911
1296264445,-11.2506815457369
1297514430,-11.24356075381
1298764415,-11.3022807476245
1300014400,-11.2652256873715
1301264385,-11.2730659106413
1302514370,-11.2943265820487
1303764355,-11.2771001935055
1305014340,-11.3297486759544
1306264325,-11.3362030203449
1307514310,-11.345161889275
1308764295,-11.36240155474
1310014280,-11.3496209488454
1311264265,-11.3773067591563
1312514250,-11.3707765916921
1313764235,-11.3514098599645
1315014220,-11.3762320883324
1316264205,-11.3539898275188
1317514190,-11.3917037085736
1318764175,-11.3737858823034
1320014160,-11.3467458377911
1321264145,-11.3221724927865
1322514130,-11.3145625977164
1323764115,-11.3146633664435
1325014100,-11.3088287055871
1326264085,-11.2859406246249
1327514070,-11.2695644016424
1328764055,-11.2715742062271
1330014040,-11.2854172315808
1331264025,-11.2870543821352
1332514010,-11.2760706258113
1333763995,-11.2753518877881
1335013980,-11.2805981737077
1336263965,-11.2561421736364
1337513950,-11.2826748563645
1338763935,-11.3028340808575
1340013920,-11.3138857233569
1341263905,-11.3310782383999
1342513890,-11.2866496093828
1343763875,-11.3141624367035
1345013860,-11.2956090432868
1346263845,-11.3097611271745
1347513830,-11.3037571997642
1348763815,-11.3130365403232
1350013800,-11.3107306177784
1351263785,-11.3268359868113
1352513770,-11.2832610569027
1353763755,-11.2927440199523
1355013740,-11.3414277868306
1356263725,-11.3077126405172
1357513710,-11.3215666490549
1358763695,-11.3231985780926
1360013680,-11.3782311721435
1361263665,-11.3604476409697
1362513650,-11.3643411732639
1363763635,-11.3368622903472
1365013620,-11.416716198671
1366263605,-11.4030922235959
1367513590,-11.4027055361449
1368763575,-11.4000916114066
1370013560,-11.3973866810828
1371263545,-11.4314144480224
1372513530,-11.4582926440324
1373763515,-11.4646357058354
1375013500,-11.4891203870738
1376263485,-11.50526760957
1377513470,-11.5167489939151
1378763455,-11.5342735710857
1380013440,-11.5843080575549
1381263425,-11.5583953166087
1382513410,-11.5433425903566
1383763395,-11.5699489080161
1385013380,-11.599940005563
1386263365,-11.5681395019974
1387513350,-11.5548330475911
1388763335,-11.5838669867826
1390013320,-11.6177955486795
1391263305,-11.624094414679
1392513290,-11.584949912787
1393763275,-11.5585248547057
1395013260,-11.5993832769008
1396263245,-11.5792385380576
1397513230,-11.577117555439
1398763215,-11.5953819886866
1400013200,-11.5995747541853
1401263185,-11.5589688513469
1402513170,-11.5655947887178
1403763155,-11.5498943820716
1405013140,-11.5491301441036
1406263125,-11.5180671051615
1407513110,-11.5293540296171
1408763095,-11.5082574316861
1410013080,-11.4946488495435
1411263065,-11.5180898199252
1412513050,-11.510994640686
1413763035,-11.5076969137421
1415013020,-11.4959097047965
1416263005,-11.4670946466008
1417512990,-11.4977647040329
1418762975,-11.462586023883
1420012960,-11.4870152445522
1421262945,-11.5177192160617
1422512930,-11.5021427470806
1423762915,-11.5360785636445
1425012900,-11.499987566815
1426262885,-11.5363417127493
1427512870,-11.5560919170552
1428762855,-11.5800922531927
1430012840,-11.6540792910857
1431262825,-11.660377818888
1432512810,-11.660349623108
1433762795,-11.6732672862374
1435012780,-11.6556719408392
1436262765,-11.6816158334666
1437512750,-11.689623717678
1438762735,-11.6824170379046
1440012720,-11.7003258727205
1441262705,-11.6839372089213
1442512690,-11.6933479225891
1443762675,-11.7035292220816
1445012660,-11.700205396124
1446262645,-11.6679394428973
1447512630,-11.6608762164775
1448762615,-11.6659268603834
1450012600,-11.6534294456094
1451262585,-11.6084498991073
1452512570,-11.6551502589164
1453762555,-11.5985688339149
1455012540,-11.6111275389974
1456262525,-11.6029689986319
1457512510,-11.6301865871439
1458762495,-11.5745147334905
1460012480,-11.6194602162535
1461262465,-11.6201768342178
1462512450,-11.6043654537504
1463762435,-11.5915968414554
1465012420,-11.6188582746174
1466262405,-11.6315856411761
1467512390,-11.663408061114
1468762375,-11.613796181155
1470012360,-11.6542839822531
1471262345,-11.6340430044923
1472512330,-11.6357448995933
1473762315,-11.6515209073286
1475012300,-11.6768871352683
1476262285,-11.7004577167668
1477512270,-11.6400467109201
1478762255,-11.6723327587274
1480012240,-11.6757596421811
1481262225,-11.7040542563544
1482512210,-11.691749329847
1483762195,-11.7242813682591
1485012180,-11.7193517639611
1486262165,-11.7102617003634
1487512150,-11.7513945568887
1488762135,-11.7094226182239
1490012120,-11.7430399888924
1491262105,-11.7435002732376
1492512090,-11.7567991312548
1493762075,-11.7718657973123
1495012060,-11.7538973049183
1496262045,-11.7445317896351
1497512030,-11.7973066686634
1498762015,-11.7791131921317
1500012000,-11.7501534649003
1501261985,-11.7902592501894
1502511970,-11.7754670457422
1503761955,-11.8292102624963
1505011940,-11.8199480882765
1506261925,-11.7964426288595
1507511910,-11.7877081406444
1508761895,-11.8385757295972
1510011880,-11.8343482667208
1511261865,-11.8500593354728
1512511850,-11.8438495097185
1513761835,-11.8876815010598
1515011820,-11.8527553962991
1516261805,-11.8402507956836
1517511790,-11.9057312273341
1518761775,-11.8684799250013
1520011760,-11.860090746918
1521261745,-11.9179414743906
1522511730,-11.929099532429
1523761715,-11.9316812874509
1525011700,-11.9419293543041
1526261685,-11.9567636771015
1527511670,-11.9836142660634
1528761655,-11.9822201412169
1530011640,-12.0223013096069
1531261625,-12.0507354035742
1532511610,-12.0714592685207
1533761595,-12.0960392215028
1535011580,-12.1219331233762
1536261565,-12.1813529904937
1537511550,-12.1685394783453
1538761535,-12.1864693074977
1540011520,-12.2346389315644
1541261505,-12.2632384521461
1542511490,-12.2694381989114
1543761475,-12.2454157202035
1545011460,-12.253202938387
1546261445,-12.2085849662546
1547511430,-12.2364246158351
1548761415,-12.2643128641284
1550011400,-12.2153354681353
1551261385,-12.2176026982705
1552511370,-12.167762844515
1553761355,-12.1549643760877
1555011340,-12.0832099655641
1556261325,-12.102338579059
1557511310,-12.0769210776532
1558761295,-12.0453467895281
1560011280,-12.0294705369821
1561261265,-11.999729562243
1562511250,-11.9747650342002
1563761235,-11.9608667364896
1565011220,-11.9493201099669
1566261205,-11.9400350557753
1567511190,-11.9677180743366
1568761175,-11.980688046005
1570011160,-11.9411174077458
1571261145,-11.9627873499519
1572511130,-11.9443886223231
1573761115,-11.9857495220769
1575011100,-11.9887666388008
1576261085,-12.0020187292674
1577511070,-12.0175366704743
1578761055,-12.0028641843201
1580011040,-12.0452252771691
1581261025,-12.0729462198536
1582511010,-12.1042339300234
1583760995,-12.0974208643447
1585010980,-12.1744580793788
1586260965,-12.1574126790284
1587510950,-12.1759564944003
1588760935,-12.192854937602
1590010920,-12.197125894689
1591260905,-12.2312462692441
1592510890,-12.1908591914819
1593760875,-12.1802235782604
1595010860,-12.1733513334361
1596260845,-12.1774525006462
1597510830,-12.1980262158668
1598760815,-12.1652642271268
1600010800,-12.1604284962424
1601260785,-12.1425231394878
1602510770,-12.1413328751131
1603760755,-12.1383990678718
1605010740,-12.1533018587482
1606260725,-12.09105692605
1607510710,-12.1007475878913
1608760695,-12.1173028723554
1610010680,-12.0371983487569
1611260665,-12.0384451859367
1612510650,-12.0244776665113
1613760635,-12.0522485333457
1615010620,-12.014803234833
1616260605,-12.0521270457852
1617510590,-12.0240982738663
1618760575,-12.0733826438057
1620010560,-12.0429393067217
1621260545,-12.0408338085002
1622510530,-12.050354412457
1623760515,-12.0375314525647
1625010500,-12.0405104011009
1626260485,-12.0228301813536
1627510470,-12.0352508492342
1628760455,-12.062660911079
1630010440,-12.0331438278126
1631260425,-12.0453356223093
1632510410,-12.0468721745609
1633760395,-12.090989449416
1635010380,-12.0100016125891
1636260365,-12.0739131804492
1637510350,-12.0745046708045
1638760335,-12.0607351454398
1640010320,-12.0820891335534
1641260305,-12.0882609958932
1642510290,-12.071829658645
1643760275,-12.0586763692365
1645010260,-12.052545843383
1646260245,-12.0542840111788
1647510230,-12.0732179952876
1648760215,-12.0460871706827
1650010200,-12.0355324287296
1651260185,-12.0440216701959
1652510170,-12.0471852238342
1653760155,-12.0581412069791
1655010140,-12.0446433472381
1656260125,-12.1115434621812
1657510110,-12.0925788356467
1658760095,-12.124290141097
1660010080,-12.1066631298594
1661260065,-12.1800415670496
1662510050,-12.1761306795085
1663760035,-12.2229490532503
1665010020,-12.1680754381997
1666260005,-12.2051835025915
1667509990,-12.2150712488287
1668759975,-12.2581059659576
1670009960,-12.2609119702841
1671259945,-12.288497795953
1672509930,-12.2783880313231
1673759915,-12.311372510024
1675009900,-12.3343700694147
1676259885,-12.3232814575957
1677509870,-12.3506492781514
1678759855,-12.3105828676723
1680009840,-12.3140431211496
1681259825,-12.3260999092865
1682509810,-12.3220330074433
1683759795,-12.315629003834
1685009780,-12.3031021221638
1686259765,-12.2987226592732
1687509750,-12.3115096269935
1688759735,-12.2584240895875
1690009720,-12.2608503988835
1691259705,-12.2644618097332
1692509690,-12.2282016783114
1693759675,-12.2355032074723
1695009660,-12.2155921645347
1696259645,-12.2194662310735
1697509630,-12.212934673234
1698759615,-12.1603638091617
1700009600,-12.1599040571732
1701259585,-12.1618488688672
1702509570,-12.10983596301
1703759555,-12.1310928642656
1705009540,-12.0935260666066
1706259525,-12.1066295932176
1707509510,-12.0701062211633
1708759495,-12.138096345508
1710009480,-12.0984898660212
1711259465,-12.1275244281471
1712509450,-12.1168737091712
1713759435,-12.1161654769896
1715009420,-12.0787909046608
1716259405,-12.1418334377226
1717509390,-12.0826026107769
1718759375,-12.1225351636622
1720009360,-12.1065446677655
1721259345,-12.1291222195482
1722509330,-12.1059912989942
1723759315,-12.1323051175707
1725009300,-12.1338693465246
1726259285,-12.0970694308968
1727509270,-12.113594796717
1728759255,-12.1270086498047
1730009240,-12.1483439061653
1731259225,-12.0896642009771
1732509210,-12.151198333682
1733759195,-12.1638503789573
1735009180,-12.1978893971982
1736259165,-12.1517589525482
1737509150,-12.1927888887374
1738759135,-12.2120353947802
1740009120,-12.1741388835629
1741259105,-12.1850856749607
1742509090,-12.1845558091491
1743759075,-12.1990275451225
1745009060,-12.1943571996652
1746259045,-12.2035328732732
1747509030,-12.1795639641705
1748759015,-12.1990438868935
1750009000,-12.1988627544196
1751258985,-12.1887735048471
1752508970,-12.2086685299337
1753758955,-12.238467904914
1755008940,-12.2464893787324
1756258925,-12.2190375649701
1757508910,-12.2374336683176
1758758895,-12.2256080950409
1760008880,-12.2286069230645
1761258865,-12.2149795751829
1762508850,-12.2171099355483
1763758835,-12.2191362062718
1765008820,-12.2241479153135
1766258805,-12.2006294526874
1767508790,-12.234630088122
1768758775,-12.2055685192933
1770008760,-12.2166825873218
1771258745,-12.2208830357735
1772508730,-12.2277773294927
1773758715,-12.2153826126034
1775008700,-12.1971364193296
1776258685,-12.1929620285306
1777508670,-12.1808093514122
1778758655,-12.1629405059388
1780008640,-12.1033189808902
1781258625,-12.1743960976557
1782508610,-12.1522617702772
1783758595,-12.1371967484722
1785008580,-12.1243345301515
1786258565,-12.149520018025
1787508550,-12.1555760931508
1788758535,-12.1156824590574
1790008520,-12.1056636799359
1791258505,-12.1646482180067
1792508490,-12.1853933740643
1793758475,-12.1323951886082
1795008460,-12.1786228431757
1796258445,-12.1835465835349
1797508430,-12.1651885356552
1798758415,-12.2199409732689
1800008400,-12.2235698930873
1801258385,-12.2425194051912
1802508370,-12.18556314227
1803758355,-12.245587584224
1805008340,-12.2844852267274
1806258325,-12.2725422571025
1807508310,-12.2162412855562
1808758295,-12.2637570755039
1810008280,-12.2487167461098
1811258265,-12.2726739761475
1812508250,-12.3176942245754
1813758235,-12.2523536629622
1815008220,-12.3098722807025
1816258205,-12.3200937393003
1817508190,-12.3235279529095
1818758175,-12.3055130208279
1820008160,-12.2857364157911
1821258145,-12.277413304084
1822508130,-12.3008456795569
1823758115,-12.2803551295428
1825008100,-12.2677362208358
1826258085,-12.2848270067638
1827508070,-12.3252618581628
1828758055,-12.3184976618464
1830008040,-12.3467123758419
1831258025,-12.3266030768401
1832508010,-12.341273577242
1833757995,-12.3918090807285
1835007980,-12.3564917903192
1836257965,-12.3829820773342
1837507950,-12.3696051926582
1838757935,-12.3776735648183
1840007920,-12.3853898531338
1841257905,-12.4033334003863
1842507890,-12.4002222592118
1843757875,-12.3998152358724
1845007860,-12.3824274883122
1846257845,-12.3686243513205
1847507830,-12.3927339691799
1848757815,-12.3715254267893
1850007800,-12.3651766403382
1851257785,-12.4018871434732
1852507770,-12.367619175021
1853757755,-12.4262022112034
1855007740,-12.4176102415499
1856257725,-12.3903788622671
1857507710,-12.4337300954551
1858757695,-12.3736483541059
1860007680,-12.424307162534
1861257665,-12.4135999925204
1862507650,-12.4771610055994
1863757635,-12.4974415770175
1865007620,-12.5192239326225
1866257605,-12.5173225521917
1867507590,-12.5147168070534
1868757575,-12.5122266892385
1870007560,-12.5268699089955
1871257545,-12.4980138773232
1872507530,-12.53965076844
1873757515,-12.584880417503
1875007500,-12.5873806604678
1876257485,-12.553555313327
1877507470,-12.63577792113
1878757455,-12.6328851529521
1880007440,-12.6833760597039
1881257425,-12.7059698382551
1882507410,-12.6808150966149
1883757395,-12.7411064636051
1885007380,-12.7570085952446
1886257365,-12.7819608095533
1887507350,-12.7450437202934
1888757335,-12.7850768574324
1890007320,-12.7720159094242
1891257305,-12.7659232448448
1892507290,-12.7533502119368
1893757275,-12.7561085988814
1895007260,-12.7679603652158
1896257245,-12.7357827049662
1897507230,-12.755343568125
1898757215,-12.6826665409327
1900007200,-12.6460238106166
1901257185,-12.642289966604
1902507170,-12.6451386199848
1903757155,-12.6278109847063
1905007140,-12.6040073152316
1906257125,-12.5946358075521
1907507110,-12.5792969787433
1908757095,-12.5652601493465
1910007080,-12.5757719787004
1911257065,-12.5552877830767
1912507050,-12.5784716521371
1913757035,-12.5770442337848
1915007020,-12.6147224765462
1916257005,-12.5868223605569
1917506990,-12.6646105923934
1918756975,-12.5791216394854
1920006960,-12.606839685471
1921256945,-12.6312032565379
1922506930,-12.6511851436592
1923756915,-12.6018449791415
1925006900,-12.624913226747
1926256885,-12.6056595823437
1927506870,-12.6158225964631
1928756855,-12.6724675927769
1930006840,-12.6300357756232
1931256825,-12.6434477975385
1932506810,-12.637340222485
1933756795,-12.6372385436825
1935006780,-12.5738463568469
1936256765,-12.625169326183
1937506750,-12.5629903818189
1938756735,-12.553697915503
1940006720,-12.5685156584918
1941256705,-12.5130629017232
1942506690,-12.5378047062571
1943756675,-12.4860353555728
1945006660,-12.5169985167726
1946256645,-12.5119281964302
1947506630,-12.5316138714556
1948756615,-12.5399030934174
1950006600,-12.5032422111435
1951256585,-12.5033050220355
1952506570,-12.5543213884233
1953756555,-12.534177481475
1955006540,-12.5268829643497
1956256525,-12.5902680093098
1957506510,-12.5685329123609
1958756495,-12.5610342687873
1960006480,-12.5661519958595
1961256465,-12.5674849760919
1962506450,-12.576819442396
1963756435,-12.5875099476968
1965006420,-12.6254544224264
1966256405,-12.6165614539656
1967506390,-12.6319056397649
1968756375,-12.6148411940048
1970006360,-12.6600210482971
1971256345,-12.62316348644
1972506330,-12.6781978807813
1973756315,-12.6540971683774
1975006300,-12.658468845259
1976256285,-12.6875905421179
1977506270,-12.6770079503134
1978756255,-12.7075374481523
1980006240,-12.7292059042184
1981256225,-12.7250552133558
1982506210,-12.7127467235034
1983756195,-12.703462372581
1985006180,-12.7670878900136
1986256165,-12.8050323505636
1987506150,-12.8166923102766
1988756135,-12.8319280493914
1990006120,-12.8846363954516
1991256105,-12.9326390422307
1992506090,-12.9202176281414
1993756075,-12.9672530928705
1995006060,-12.9757410551759
1996256045,-13.0070730334928
1997506030,-13.0313337876567
1998756015,-13.0982218696722
2000006000,-13.0738873188141
2001255985,-13.0723150276413
2002505970,-13.0941186967976
2003755955,-13.1066111783643
2005005940,-13.1256326410173
2006255925,-13.1268130697275
2007505910,-13.1084722423079
2008755895,-13.1049321347329
2010005880,-13.1087238015896
2011255865,-13.1041278560708
2012505850,-13.0518781060257
2013755835,-12.9991058208576
2015005820,-13.0386129307624
2016255805,-13.0377708276074
2017505790,-13.0005330517927
2018755775,-13.0035629300605
2020005760,-12.9897176697463
2021255745,-13.0068241090776
2022505730,-13.0141632150206
2023755715,-13.0163649615667
2025005700,-13.0669863110484
2026255685,-13.0291777170133
2027505670,-13.0429563311144
2028755655,-13.0908571459924
2030005640,-13.0551148906421
2031255625,-13.0838944163513
2032505610,-13.0839972120438
2033755595,-13.0838155217049
2035005580,-13.1093766343531
2036255565,-13.147548001486
2037505550,-13.1432503308746
2038755535,-13.1615013645867
2040005520,-13.1991200176144
2041255505,-13.1792847672754
2042505490,-13.1791259568588
2043755475,-13.1578091805248
2045005460,-13.1710249840301
2046255445,-13.1989140655815
2047505430,-13.1166926326367
2048755415,-13.1551939903936
2050005400,-13.1928672487911
2051255385,-13.086251889095
2052505370,-13.1507965006871
2053755355,-13.0941521614094
2055005340,-13.0921060960091
2056255325,-13.0522425788988
2057505310,-13.0401526221854
2058755295,-12.9905275325493
2060005280,-12.9819664897756
2061255265,-12.9746778731017
2062505250,-12.9668777539316
2063755235,-12.9426028345579
2065005220,-12.9367114619115
2066255205,-12.9604917487101
2067505190,-12.9577359345726
2068755175,-12.9337845538891
2070005160,-12.8805164133181
2071255145,-12.8342566107858
2072505130,-12.8502792378445
2073755115,-12.8371889720339
2075005100,-12.8074443181671
2076255085,-12.8221576197065
2077505070,-12.8105106556972
2078755055,-12.8125642679441
2080005040,-12.7989855229257
2081255025,-12.8117973184828
2082505010,-12.7952153712937
2083754995,-12.8003034121004
2085004980,-12.8397184596356
2086254965,-12.7956949804933
2087504950,-12.8365494827918
2088754935,-12.8753349511254
2090004920,-12.8530857136591
2091254905,-12.8546882596051
2092504890,-12.8674381081953
2093754875,-12.8999533770986
2095004860,-12.8866813406012
2096254845,-12.8747670432505
2097504830,-12.9098942140085
2098754815,-12.9078214850155
2100004800,-12.917285480492
2101254785,-12.9051207160648
2102504770,-12.8987341000925
2103754755,-12.8806031587275
2105004740,-12.8584172180888
2106254725,-12.8371437904192
2107504710,-12.8592856672022
2108754695,-12.8364883593099
2110004680,-12.7989160923766
2111254665,-12.7976539679609
2112504650,-12.7785228129798
2113754635,-12.7259270983491
2115004620,-12.7647382997426
2116254605,-12.7518175369872
2117504590,-12.7242456601905
2118754575,-12.719699730506
2120004560,-12.736493966803
2121254545,-12.7555184624696
2122504530,-12.7022923895526
2123754515,-12.737570967865
2125004500,-12.7294292417672
2126254485,-12.742663563077
2127504470,-12.7672216758014
2128754455,-12.7661023101809
2130004440,-12.814561733453
2131254425,-12.8494017870151
2132504410,-12.8322670214148
2133754395,-12.8390263721249
2135004380,-12.8930078932147
2136254365,-12.925837257601
2137504350,-12.9284405120198
2138754335,-12.9679654870617
2140004320,-13.0080913500368
2141254305,-12.9874220028682
2142504290,-13.0047077562879
2143754275,-12.9906519198153
2145004260,-13.0354624359736
2146254245,-13.0613080694971
2147504230,-13.068805958927
2148754215,-13.0536738253532
2150004200,-13.0791888517694
2151254185,-13.0736666549409
2152504170,-13.0735619379706
2153754155,-13.0367705725301
2155004140,-13.0640199205655
2156254125,-13.0310458363032
2157504110,-13.0408701049645
2158754095,-12.9930720738811
2160004080,-13.0038922352896
2161254065,-13.0096259995438
2162504050,-13.0068369415222
2163754035,-12.9777255582457
2165004020,-12.9871720131507
2166254005,-12.9612199372536
2167503990,-12.9601380365745
2168753975,-12.9752525284599
2170003960,-12.92269536184
2171253945,-12.947115416816
2172503930,-12.8886920102227
2173753915,-12.9448209991012
2175003900,-12.9349484653466
2176253885,-12.9507132935165
2177503870,-12.9069606362568
2178753855,-12.9260064826705
2180003840,-12.9280897454302
2181253825,-12.9311242378991
2182503810,-12.9409356650968
2183753795,-12.9073421757663
2185003780,-12.9147609939742
2186253765,-12.9177956963192
2187503750,-12.9100492140025
2188753735,-12.9835334817773
2190003720,-12.9692009961848
2191253705,-12.9776244593718
2192503690,-12.9935172910696
2193753675,-12.9645746994065
2195003660,-13.006479130384
2196253645,-13.0020287522204
2197503630,-13.0096218971699
2198753615,-13.0063495135256
2200003600,-13.0265734858975
2201253585,-13.024775724712
2202503570,-13.0468648471621
2203753555,-13.0508473923191
2205003540,-13.105423689529
2206253525,-13.0932677742123
2207503510,-13.1082170791233
2208753495,-13.1055083826784
2210003480,-13.148628896575
2211253465,-13.1456758287251
2212503450,-13.1649364368265
2213753435,-13.1352822880083
2215003420,-13.2003520256571
2216253405,-13.2123574686544
2217503390,-13.2256941229643
2218753375,-13.2347626647794
2220003360,-13.2499181942373
2221253345,-13.2393165994566
2222503330,-13.2328675938617
2223753315,-13.2961829197026
2225003300,-13.275282025195
2226253285,-13.3287904648823
2227503270,-13.2853697640038
2228753255,-13.2990658248548
2230003240,-13.2798668925681
2231253225,-13.3218877230141
2232503210,-13.3430718585887
2233753195,-13.3256703910713
2235003180,-13.2779649488182
2236253165,-13.3182988311028
2237503150,-13.3147651753836
2238753135,-13.3485763118939
2240003120,-13.3128631393582
2241253105,-13.3249207415753
2242503090,-13.2932669312894
2243753075,-13.2943277383319
2245003060,-13.2602250786132
2246253045,-13.2649973423538
2247503030,-13.2607517269782
2248753015,-13.262769654108
2250003000,-13.2255176262374
2251252985,-13.2318298717943
2252502970,-13.2107350164321
2253752955,-13.2193397141646
2255002940,-13.1584042695964
2256252925,-13.2013762844158
2257502910,-13.1890631247858
2258752895,-13.1672465467675
2260002880,-13.1860112258348
2261252865,-13.1984651841884
2262502850,-13.2012030432777
2263752835,-13.186653398455
2265002820,-13.2216626919705
2266252805,-13.2424212576238
2267502790,-13.2230557667921
2268752775,-13.2651086129572
2270002760,-13.2875450116988
2271252745,-13.3354517992148
2272502730,-13.3571904579779
2273752715,-13.3686484812938
2275002700,-13.453821423711
2276252685,-13.444579584948
2277502670,-13.4485090625864
2278752655,-13.5343512247932
2280002640,-13.5658146605586
2281252625,-13.6242648232605
2282502610,-13.6387183507366
2283752595,-13.7299952165581
2285002580,-13.8093556347803
2286252565,-13.8320009971553
2287502550,-13.847372440834
2288752535,-13.9075347218579
2290002520,-13.9463486915788
2291252505,-13.980585959208
2292502490,-14.031373537992
2293752475,-14.0625108050367
2295002460,-14.1070409321493
2296252445,-14.1500838582467
2297502430,-14.1722505086833
2298752415,-14.1822607328884
2300002400,-14.1880337186615
2301252385,-14.2031738776607
2302502370,-14.2367780772134
2303752355,-14.2346387440153
2305002340,-14.2420802973969
2306252325,-14.305279065924
2307502310,-14.2776055032528
2308752295,-14.2250810158641
2310002280,-14.2722296044521
2311252265,-14.2612529650225
2312502250,-14.2361258125923
2313752235,-14.2702828752456
2315002220,-14.2506311687265
2316252205,-14.193229278794
2317502190,-14.1835969750401
2318752175,-14.1228075214069
2320002160,-14.0717724933986
2321252145,-14.0568353813219
2322502130,-14.0175820389772
2323752115,-14.0025330502239
2325002100,-13.9555052541011
2326252085,-13.9286633434216
2327502070,-13.9279881437496
2328752055,-13.8882042991384
2330002040,-13.8833843766131
2331252025,-13.8448882447759
2332502010,-13.8912373813504
2333751995,-13.8849157010702
2335001980,-13.9215051482247
2336251965,-13.934573672407
2337501950,-13.9571241082307
2338751935,-13.9823575212073
2340001920,-14.0374195552192
2341251905,-14.0445217814549
2342501890,-14.111918200342
2343751875,-14.1362331594151
2345001860,-14.2203102418742
2346251845,-14.2575820720612
2347501830,-14.3028797990802
2348751815,-14.3689399165043
2350001800,-14.4371469455638
2351251785,-14.4182421791067
2352501770,-14.4742083879893
2353751755,-14.4751303998974
2355001740,-14.5500831885356
2356251725,-14.6041306754468
2357501710,-14.5593028476458
2358751695,-14.6444886689751
2360001680,-14.6082299397501
2361251665,-14.6308196514316
2362501650,-14.6387125464895
2363751635,-14.6298064384586
2365001620,-14.7119064183008
2366251605,-14.6935376903041
2367501590,-14.6695901427674
2368751575,-14.6232555643491
2370001560,-14.5816360189809
2371251545,-14.5919523491107
2372501530,-14.5235122335842
2373751515,-14.4587414280303
2375001500,-14.4985419687113
2376251485,-14.3971144207738
2377501470,-14.3734288293881
2378751455,-14.3001654243119
2380001440,-14.2503902141372
2381251425,-14.2269145038441
2382501410,-14.1887056616628
2383751395,-14.1721855697958
2385001380,-14.1499826033295
2386251365,-14.053732197333
2387501350,-14.055768770689
2388751335,-14.0547804864988
2390001320,-14.0459172858274
2391251305,-14.0139719287323
2392501290,-14.0182747332811
2393751275,-14.0057812931494
2395001260,-14.0410653634166
2396251245,-13.9919978825042
2397501230,-14.0385082176342
2398751215,-14.0242876458645
2400001200,-14.0206582482243
2401251185,-14.0291726071509
2402501170,-14.0520596314326
2403751155,-14.0556518875392
2405001140,-14.0504463537992
2406251125,-14.0710799881283
2407501110,-14.1318277618409
2408751095,-14.1050839683674
2410001080,-14.1375157183365
2411251065,-14.1887157745003
2412501050,-14.2094803023063
2413751035,-14.2758373760759
2415001020,-14.3245566680605
2416251005,-14.4062014894628
2417500990,-14.4817680872339
2418750975,-14.5445862762497
2420000960,-14.5894262581756
2421250945,-14.6712894319434
2422500930,-14.7755534675349
2423750915,-14.8199067457761
2425000900,-14.9279256049315
2426250885,-14.9547234563061
2427500870,-15.1062902277976
2428750855,-15.1050913722615
2430000840,-15.2082583649126
2431250825,-15.2869652070371
2432500810,-15.3368554355421
2433750795,-15.4252872979988
2435000780,-15.4641591002754
2436250765,-15.5393241960017
2437500750,-15.570342563151
2438750735,-15.5659609728068
2440000720,-15.6058503913231
2441250705,-15.6863386228985
2442500690,-15.6927767406336
2443750675,-15.7677241450098
2445000660,-15.7631203278658
2446250645,-15.8060432034024
2447500630,-15.7853109816972
2448750615,-15.8116516812202
2450000600,-15.7806449850738
2451250585,-15.8219345076313
2452500570,-15.8868356407317
2453750555,-15.8203133833901
2455000540,-15.7964186432589
2456250525,-15.7747305513334
2457500510,-15.7786601759403
2458750495,-15.7952061585392
2460000480,-15.727935201148
2461250465,-15.6688337005626
2462500450,-15.7069280831186
2463750435,-15.7126635157191
2465000420,-15.6007035767245
2466250405,-15.6172851888328
2467500390,-15.6146415620812
2468750375,-15.62605527417
2470000360,-15.6008747437678
2471250345,-15.5874183641706
2472500330,-15.5676332342588
2473750315,-15.6013676469414
2475000300,-15.6030091817817
2476250285,-15.668364976179
2477500270,-15.6530944132637
2478750255,-15.7047004359714
2480000240,-15.6959815700616
2481250225,-15.7130965831359
2482500210,-15.7642833747121
2483750195,-15.7448084318969
2485000180,-15.787504904115
2486250165,-15.8573406262248
2487500150,-15.8136084495847
2488750135,-15.8120258513633
2490000120,-15.871973543667
2491250105,-15.8312834432494
2492500090,-15.8932166649402
2493750075,-15.8716835047437
2495000060,-15.8718725840597
2496250045,-15.8476736064245
2497500030,-15.8836787991916
2498750015,-15.9216903154208
2500000000,-15.9437737031432