Freq (Hz),FSW-AIM (dB),Freq (MHz),Frequency (Hz),loss,Spec power,Desired Power,,,,
30000,7.052066308,954,954000000,7.794162114,-56.1,-63.89416211,-46.3,-17.59416211,-22.2,-39.79416211
1279985,8.25646008,974,974000000,7.632535862,-39,-46.63253586,-46.3,-0.332535862,-22.9,-23.23253586
2529970,8.196402668,994,994000000,7.608783888,-45.1,-52.70878389,-52.5,-0.208783888,-29.1,-29.30878389
3779955,8.126880252,1005,1005000000,7.675180308,-56.4,-64.07518031,-46.1,-17.97518031,-22.3,-40.27518031
5029940,8.597464878,1025,1025000000,7.678721104,-39.3,-46.9787211,-47.1,0.121278896,-23.6,-23.4787211
6279925,8.64259828,1045,1045000000,7.488935597,-45.4,-52.8889356,-53.88,0.991064403,-30.2,-29.2089356
7529910,8.783648326,1056,1056000000,7.708477643,-56.6,-64.30847764,-47.6,-16.70847764,-23.8,-40.50847764
8779895,8.676061401,1076,1076000000,7.669297858,-39.5,-47.16929786,-48.68,1.510702142,-24.9,-23.38929786
10029880,8.585567812,1096,1096000000,7.598645521,-45.6,-53.19864552,-54.8,1.601354479,-31,-29.39864552
11279865,8.243001976,1107,1107000000,7.587115735,-56.8,-64.38711574,-47.5,-16.88711574,-24,-40.88711574
12529850,7.988642936,1127,1127000000,7.554812063,-39.7,-47.25481206,-48.37,1.115187937,-24.9,-23.78481206
13779835,7.621560757,1147,1147000000,7.526387017,-45.8,-53.32638702,-54.4,1.073612983,-30.7,-29.62638702
15029820,7.238546897,1158,1158000000,7.561554446,-57.1,-64.66155445,-47.6,-17.06155445,-23.8,-40.86155445
16279805,7.154521634,1178,1178000000,7.550545769,-40,-47.55054577,-49.44,1.889454231,-25.2,-23.31054577
17529790,7.046342213,1198,1198000000,7.474515084,-46.1,-53.57451508,-55.1,1.525484916,-31.4,-29.87451508
18779775,7.159376964,1209,1209000000,7.658157062,-57.3,-64.95815706,-47.9,-17.05815706,-24.3,-41.35815706
20029760,7.550978088,1229,1229000000,7.78720552,-40.2,-47.98720552,-49.33,1.34279448,-25.5,-24.15720552
21279745,7.766092641,1249,1249000000,7.392015171,-46.3,-53.69201517,-55.78,2.087984829,-32,-29.91201517
22529730,8.153115955,1260,1260000000,7.649926737,-57.6,-65.24992674,-49.15,-16.09992674,-25.9,-41.99992674
23779715,8.538562707,1280,1280000000,7.501759145,-40.5,-48.00175915,-49.9,1.898240855,-25.7,-23.80175915
25029700,8.898365851,1300,1300000000,7.319244956,-46.5,-53.81924496,-56.03,2.210755044,-32.2,-29.98924496
26279685,9.059078682,1311,1311000000,7.457288587,-57.8,-65.25728859,-49.36,-15.89728859,-25.3,-41.19728859
27529670,9.329025419,1331,1331000000,7.584636841,-40.7,-48.28463684,-49.83,1.545363159,-26.1,-24.55463684
28779655,9.144252425,1351,1351000000,7.422914417,-46.8,-54.22291442,-56.64,2.417085583,-32.4,-29.98291442
30029640,9.090384015,1362,1362000000,7.447782061,-58.1,-65.54778206,-49.67,-15.87778206,-25.5,-41.37778206
31279625,8.850795263,1382,1382000000,7.412567701,-41,-48.4125677,-49.8,1.387432299,-25.8,-24.4125677
32529610,8.617665134,1402,1402000000,7.314622003,-47.1,-54.414622,-56.2,1.785377997,-31.9,-30.114622
33779595,8.145179056,1413,1413000000,7.41661238,-58.3,-65.71661238,-49.25,-16.46661238,,-16.46661238
35029580,7.849743734,1433,1433000000,7.189851811,-41.2,-48.38985181,-49.85,1.460148189,,1.460148189
36279565,7.471603375,1453,1453000000,7.37625404,-47.3,-54.67625404,-55.87,1.19374596,,1.19374596
37529550,7.355158504,1464,1464000000,7.314371632,-58.5,-65.81437163,-49.13,-16.68437163,,-16.68437163
38779535,6.749126906,1484,1484000000,7.289890567,-41.4,-48.68989057,-50.2,1.510109433,,1.510109433
40029520,6.91721369,1504,1504000000,7.045973278,-47.5,-54.54597328,-56.48,1.934026722,,1.934026722
41279505,7.12855536,1515,1515000000,7.121202071,-58.8,-65.92120207,-49.6,-16.32120207,,-16.32120207
42529490,6.991138517,1535,1535000000,6.880365749,-41.9,-48.78036575,-50.9,2.119634251,,2.119634251
43779475,7.277530901,1555,1555000000,6.913632214,-47.8,-54.71363221,-56.75,2.036367786,,2.036367786
45029460,7.648894459,1566,1566000000,7.033606029,-59,-66.03360603,-50.37,-15.66360603,,-15.66360603
46279445,8.000189711,1586,1586000000,7.094495765,-41.9,-48.99449577,-50.46,1.465504235,,1.465504235
47529430,8.304999956,1606,1606000000,7.000570491,-48,-55.00057049,-56.47,1.469429509,,1.469429509
48779415,8.462917312,1617,1617000000,7.213620339,-59.3,-66.51362034,-50.03,-16.48362034,,-16.48362034
50029400,8.636041791,1637,1637000000,7.218833501,-42.2,-49.4188335,-50.7,1.281166499,,1.281166499
51279385,8.665347435,1657,1657000000,7.020262139,-48.3,-55.32026214,-57.1,1.779737861,,1.779737861
52529370,8.740263209,1668,1668000000,7.004942165,-59.5,-66.50494217,-50.42,-16.08494217,,-16.08494217
53779355,8.619144514,1688,1688000000,7.290662749,-42.4,-49.69066275,-51.47,1.779337251,,1.779337251
55029340,8.483239466,1708,1708000000,7.304928784,-48.5,-55.80492878,-57.74,1.935071216,,1.935071216
56279325,8.383416145,1719,1719000000,7.207546051,-59.7,-66.90754605,-50.64,-16.26754605,,-16.26754605
57529310,8.158324769,1739,1739000000,7.340373767,-42.6,-49.94037377,-52,2.059626233,,2.059626233
58779295,8.074754019,1759,1759000000,7.275517652,-48.7,-55.97551765,-57.97,1.994482348,,1.994482348
60029280,7.953300811,1770,1770000000,7.262208648,-60,-67.26220865,-50.75,-16.51220865,,-16.51220865
61279265,7.730738875,1790,1790000000,7.253214467,-42.9,-50.15321447,-52.3,2.146785533,,2.146785533
62529250,7.691330642,1810,1810000000,7.234587074,-49,-56.23458707,-57.95,1.715412926,,1.715412926
63779235,7.628628191,1822,1822000000,7.266860856,-60.2,-67.46686086,-51.15,-16.31686086,,-16.31686086
65029220,7.604886096,1842,1842000000,7.215088229,-43.1,-50.31508823,-51.9,1.584911771,,1.584911771
66279205,7.644821213,1862,1862000000,7.161646222,-49.2,-56.36164622,-57.86,1.498353778,,1.498353778
67529190,7.581366068,1873,1873000000,7.027782588,-60.5,-67.52778259,-51.21,-16.31778259,,-16.31778259
68779175,7.53118394,1893,1893000000,6.982132187,-43.4,-50.38213219,-51.6,1.217867813,,1.217867813
70029160,7.460500914,1913,1913000000,6.938581411,-49.5,-56.43858141,-57.44,1.001418589,,1.001418589
71279145,7.445172274,1924,1924000000,6.984039151,-60.7,-67.68403915,-50.78,-16.90403915,,-16.90403915
72529130,7.388490751,1944,1944000000,7.17003951,-43.6,-50.77003951,-51.3,0.52996049,,0.52996049
73779115,7.396385371,1964,1964000000,7.029005299,-49.7,-56.7290053,-58.68,1.950994701,,1.950994701
75029100,7.566811615,1975,1975000000,7.051830973,-61,-68.05183097,-51.84,-16.21183097,,-16.21183097
76279085,7.690861978,1995,1995000000,6.885277231,-43.9,-50.78527723,-52.6,1.814722769,,1.814722769
77529070,7.950583223,2015,2015000000,6.501785974,-50,-56.50178597,-58.52,2.018214026,,2.018214026
78779055,8.18132284,2026,2026000000,6.476878842,-61.2,-67.67687884,-51.2,-16.47687884,,-16.47687884
80029040,8.374986847,2046,2046000000,6.524656608,-44.1,-50.62465661,-53.2,2.575343392,,2.575343392
81279025,8.594657308,2066,2066000000,6.748630595,-50.2,-56.9486306,-58.07,1.121369405,,1.121369405
82529010,8.751458266,2077,2077000000,6.864462902,-52,-58.8644629,-56.73,-2.134462902,,-2.134462902
83778995,8.71347396,2097,2097000000,7.122726223,-44.1,-51.22272622,-52.68,1.457273777,,1.457273777
85028980,8.674303945,2117,2117000000,7.023861001,-52,-59.023861,-60.97,1.946138999,,1.946138999
86278965,8.646020005,,,,,,,,,
87528950,8.369345095,,,,,,,,,
88778935,8.099847774,,,,,,,,,
90028920,7.851739245,,,,,,,,,
91278905,7.539820852,,,,,,,,,
92528890,7.174382424,,,,,,,,,
93778875,7.072586678,,,,,,,,,
95028860,6.931503769,,,,,,,,,
96278845,6.895934463,,,,,,,,,
97528830,6.996596397,,,,,,,,,
98778815,7.282201912,,,,,,,,,
100028800,7.493261867,,,,,,,,,
101278785,7.887757771,,,,,,,,,
102528770,8.26041116,,,,,,,,,
103778755,8.438860582,,,,,,,,,
105028740,8.655672621,,,,,,,,,
106278725,8.906690449,,,,,,,,,
107528710,8.741504219,,,,,,,,,
108778695,8.832912762,,,,,,,,,
110028680,8.839506905,,,,,,,,,
111278665,8.670002365,,,,,,,,,
112528650,8.511459631,,,,,,,,,
113778635,8.208857713,,,,,,,,,
115028620,7.905512373,,,,,,,,,
116278605,7.716136001,,,,,,,,,
117528590,7.395795785,,,,,,,,,
118778575,7.328153637,,,,,,,,,
120028560,7.225760541,,,,,,,,,
121278545,7.210612804,,,,,,,,,
122528530,7.325136385,,,,,,,,,
123778515,7.461936037,,,,,,,,,
125028500,7.665882811,,,,,,,,,
126278485,7.795481694,,,,,,,,,
127528470,7.914051365,,,,,,,,,
128778455,8.049047027,,,,,,,,,
130028440,8.28731232,,,,,,,,,
131278425,8.266585979,,,,,,,,,
132528410,8.277959525,,,,,,,,,
133778395,8.310663253,,,,,,,,,
135028380,8.349902309,,,,,,,,,
136278365,8.349529723,,,,,,,,,
137528350,8.495508976,,,,,,,,,
138778335,8.40488489,,,,,,,,,
140028320,8.45761679,,,,,,,,,
141278305,8.321498471,,,,,,,,,
142528290,8.247699461,,,,,,,,,
143778275,8.115832784,,,,,,,,,
145028260,7.977998068,,,,,,,,,
146278245,7.803309576,,,,,,,,,
147528230,7.599780619,,,,,,,,,
148778215,7.346809674,,,,,,,,,
150028200,7.250111005,,,,,,,,,
151278185,7.351330113,,,,,,,,,
152528170,7.284570643,,,,,,,,,
153778155,7.563479152,,,,,,,,,
155028140,7.620114439,,,,,,,,,
156278125,7.936025894,,,,,,,,,
157528110,8.095180564,,,,,,,,,
158778095,8.331112427,,,,,,,,,
160028080,8.526073154,,,,,,,,,
161278065,8.493207313,,,,,,,,,
162528050,8.644961624,,,,,,,,,
163778035,8.529833629,,,,,,,,,
165028020,8.526053647,,,,,,,,,
166278005,8.495969141,,,,,,,,,
167527990,8.331236229,,,,,,,,,
168777975,8.129656735,,,,,,,,,
170027960,7.795508354,,,,,,,,,
171277945,7.61617724,,,,,,,,,
172527930,7.342691947,,,,,,,,,
173777915,7.180916714,,,,,,,,,
175027900,7.05622365,,,,,,,,,
176277885,7.205120484,,,,,,,,,
177527870,7.031869896,,,,,,,,,
178777855,7.115937239,,,,,,,,,
180027840,7.214306803,,,,,,,,,
181277825,7.500531643,,,,,,,,,
182527810,7.823437778,,,,,,,,,
183777795,7.882923164,,,,,,,,,
185027780,8.214492635,,,,,,,,,
186277765,8.332510771,,,,,,,,,
187527750,8.41302503,,,,,,,,,
188777735,8.343776551,,,,,,,,,
190027720,8.353469567,,,,,,,,,
191277705,8.347627741,,,,,,,,,
192527690,8.258297907,,,,,,,,,
193777675,8.158418215,,,,,,,,,
195027660,7.793456081,,,,,,,,,
196277645,7.758200747,,,,,,,,,
197527630,7.415367054,,,,,,,,,
198777615,7.39775213,,,,,,,,,
200027600,7.21202884,,,,,,,,,
201277585,7.171151869,,,,,,,,,
202527570,7.117014664,,,,,,,,,
203777555,7.122612237,,,,,,,,,
205027540,7.277423296,,,,,,,,,
206277525,7.327589141,,,,,,,,,
207527510,7.416551216,,,,,,,,,
208777495,7.583992676,,,,,,,,,
210027480,7.687459598,,,,,,,,,
211277465,7.746449713,,,,,,,,,
212527450,7.870916301,,,,,,,,,
213777435,7.906692118,,,,,,,,,
215027420,8.012790214,,,,,,,,,
216277405,8.029460299,,,,,,,,,
217527390,8.111014468,,,,,,,,,
218777375,8.10025527,,,,,,,,,
220027360,8.09667452,,,,,,,,,
221277345,8.22598907,,,,,,,,,
222527330,7.940501854,,,,,,,,,
223777315,7.767535803,,,,,,,,,
225027300,7.770364669,,,,,,,,,
226277285,7.595096273,,,,,,,,,
227527270,7.324438066,,,,,,,,,
228777255,7.184598614,,,,,,,,,
230027240,7.167741319,,,,,,,,,
231277225,7.036989984,,,,,,,,,
232527210,7.038130216,,,,,,,,,
233777195,7.130761797,,,,,,,,,
235027180,7.307970129,,,,,,,,,
236277165,7.412898238,,,,,,,,,
237527150,7.578872594,,,,,,,,,
238777135,7.763884358,,,,,,,,,
240027120,8.028146585,,,,,,,,,
241277105,8.190528755,,,,,,,,,
242527090,8.35067914,,,,,,,,,
243777075,8.528339423,,,,,,,,,
245027060,8.498090817,,,,,,,,,
246277045,8.487053146,,,,,,,,,
247527030,8.53394235,,,,,,,,,
248777015,8.242202324,,,,,,,,,
250027000,8.176360276,,,,,,,,,
251276985,7.954760196,,,,,,,,,
252526970,7.667483521,,,,,,,,,
253776955,7.695461325,,,,,,,,,
255026940,7.373163375,,,,,,,,,
256276925,7.444060786,,,,,,,,,
257526910,7.369551347,,,,,,,,,
258776895,7.464918215,,,,,,,,,
260026880,7.626990839,,,,,,,,,
261276865,7.775714303,,,,,,,,,
262526850,8.025928345,,,,,,,,,
263776835,8.223954637,,,,,,,,,
265026820,8.35978916,,,,,,,,,
266276805,8.371310171,,,,,,,,,
267526790,8.496296487,,,,,,,,,
268776775,8.408099911,,,,,,,,,
270026760,8.343647876,,,,,,,,,
271276745,8.490865418,,,,,,,,,
272526730,8.325732393,,,,,,,,,
273776715,8.219634388,,,,,,,,,
275026700,8.13619495,,,,,,,,,
276276685,7.98391356,,,,,,,,,
277526670,8.034163993,,,,,,,,,
278776655,7.918293616,,,,,,,,,
280026640,7.837766258,,,,,,,,,
281276625,7.787514876,,,,,,,,,
282526610,7.69925641,,,,,,,,,
283776595,7.7141229,,,,,,,,,
285026580,7.608827525,,,,,,,,,
286276565,7.569980865,,,,,,,,,
287526550,7.574343398,,,,,,,,,
288776535,7.596769783,,,,,,,,,
290026520,7.74945416,,,,,,,,,
291276505,7.728013329,,,,,,,,,
292526490,7.905537618,,,,,,,,,
293776475,7.96463043,,,,,,,,,
295026460,8.151347685,,,,,,,,,
296276445,8.307194547,,,,,,,,,
297526430,8.299605975,,,,,,,,,
298776415,8.390754126,,,,,,,,,
300026400,8.440206103,,,,,,,,,
301276385,8.314419057,,,,,,,,,
302526370,8.351523478,,,,,,,,,
303776355,8.240252154,,,,,,,,,
305026340,8.286235674,,,,,,,,,
306276325,7.873935515,,,,,,,,,
307526310,7.597093005,,,,,,,,,
308776295,7.543833368,,,,,,,,,
310026280,7.340539391,,,,,,,,,
311276265,7.217324656,,,,,,,,,
312526250,7.125034734,,,,,,,,,
313776235,7.014347862,,,,,,,,,
315026220,7.244943872,,,,,,,,,
316276205,7.301049223,,,,,,,,,
317526190,7.429454199,,,,,,,,,
318776175,7.506445468,,,,,,,,,
320026160,7.74383833,,,,,,,,,
321276145,7.886920349,,,,,,,,,
322526130,8.031148978,,,,,,,,,
323776115,8.074496775,,,,,,,,,
325026100,8.067194987,,,,,,,,,
326276085,7.996803241,,,,,,,,,
327526070,8.092811208,,,,,,,,,
328776055,7.825690293,,,,,,,,,
330026040,7.689896494,,,,,,,,,
331276025,7.628265946,,,,,,,,,
332526010,7.494246764,,,,,,,,,
333775995,7.441183101,,,,,,,,,
335025980,7.249283724,,,,,,,,,
336275965,7.168428473,,,,,,,,,
337525950,7.230664674,,,,,,,,,
338775935,7.269123246,,,,,,,,,
340025920,7.221212531,,,,,,,,,
341275905,7.427428532,,,,,,,,,
342525890,7.482612595,,,,,,,,,
343775875,7.647589517,,,,,,,,,
345025860,7.697747876,,,,,,,,,
346275845,7.857761972,,,,,,,,,
347525830,7.872035047,,,,,,,,,
348775815,7.94760999,,,,,,,,,
350025800,7.944697137,,,,,,,,,
351275785,7.883595593,,,,,,,,,
352525770,8.013594658,,,,,,,,,
353775755,7.970425074,,,,,,,,,
355025740,7.975195621,,,,,,,,,
356275725,7.885995894,,,,,,,,,
357525710,7.782406778,,,,,,,,,
358775695,7.638994436,,,,,,,,,
360025680,7.682991527,,,,,,,,,
361275665,7.505331476,,,,,,,,,
362525650,7.4474106,,,,,,,,,
363775635,7.42296789,,,,,,,,,
365025620,7.332762841,,,,,,,,,
366275605,7.350165693,,,,,,,,,
367525590,7.257819879,,,,,,,,,
368775575,7.361469416,,,,,,,,,
370025560,7.446135875,,,,,,,,,
371275545,7.413452694,,,,,,,,,
372525530,7.52235846,,,,,,,,,
373775515,7.646425188,,,,,,,,,
375025500,7.84514362,,,,,,,,,
376275485,7.924047723,,,,,,,,,
377525470,8.081058732,,,,,,,,,
378775455,8.246163946,,,,,,,,,
380025440,8.279362146,,,,,,,,,
381275425,8.378207005,,,,,,,,,
382525410,8.251269363,,,,,,,,,
383775395,8.203217575,,,,,,,,,
385025380,8.194680698,,,,,,,,,
386275365,7.986722711,,,,,,,,,
387525350,7.971093145,,,,,,,,,
388775335,7.839568551,,,,,,,,,
390025320,7.724114183,,,,,,,,,
391275305,7.605838722,,,,,,,,,
392525290,7.59374251,,,,,,,,,
393775275,7.634150211,,,,,,,,,
395025260,7.552233012,,,,,,,,,
396275245,7.746445963,,,,,,,,,
397525230,7.870605686,,,,,,,,,
398775215,8.112906368,,,,,,,,,
400025200,8.094910489,,,,,,,,,
401275185,8.25992434,,,,,,,,,
402525170,8.39339605,,,,,,,,,
403775155,8.373473643,,,,,,,,,
405025140,8.414216774,,,,,,,,,
406275125,8.368194656,,,,,,,,,
407525110,8.364546362,,,,,,,,,
408775095,8.392419177,,,,,,,,,
410025080,8.161737526,,,,,,,,,
411275065,8.119813073,,,,,,,,,
412525050,7.964444843,,,,,,,,,
413775035,7.734553285,,,,,,,,,
415025020,7.946228356,,,,,,,,,
416275005,7.738218024,,,,,,,,,
417524990,7.631589856,,,,,,,,,
418774975,7.672951741,,,,,,,,,
420024960,7.661910832,,,,,,,,,
421274945,7.685935695,,,,,,,,,
422524930,7.787848935,,,,,,,,,
423774915,7.855261961,,,,,,,,,
425024900,7.732291458,,,,,,,,,
426274885,7.848065144,,,,,,,,,
427524870,7.86392288,,,,,,,,,
428774855,7.836751513,,,,,,,,,
430024840,7.772106404,,,,,,,,,
431274825,7.861041093,,,,,,,,,
432524810,7.920196806,,,,,,,,,
433774795,8.088595332,,,,,,,,,
435024780,8.047663095,,,,,,,,,
436274765,8.076599261,,,,,,,,,
437524750,8.102312451,,,,,,,,,
438774735,8.100502255,,,,,,,,,
440024720,8.07659315,,,,,,,,,
441274705,8.027529598,,,,,,,,,
442524690,7.944427529,,,,,,,,,
443774675,7.90512451,,,,,,,,,
445024660,7.828353046,,,,,,,,,
446274645,7.81536943,,,,,,,,,
447524630,7.651257379,,,,,,,,,
448774615,7.673240251,,,,,,,,,
450024600,7.51032638,,,,,,,,,
451274585,7.57331741,,,,,,,,,
452524570,7.689275824,,,,,,,,,
453774555,7.622404372,,,,,,,,,
455024540,7.783594687,,,,,,,,,
456274525,7.861840833,,,,,,,,,
457524510,7.888713751,,,,,,,,,
458774495,8.045775533,,,,,,,,,
460024480,8.11894979,,,,,,,,,
461274465,8.119666089,,,,,,,,,
462524450,8.212551471,,,,,,,,,
463774435,8.062506116,,,,,,,,,
465024420,8.008089547,,,,,,,,,
466274405,7.697905866,,,,,,,,,
467524390,7.706651899,,,,,,,,,
468774375,7.541455798,,,,,,,,,
470024360,7.617161321,,,,,,,,,
471274345,7.479006229,,,,,,,,,
472524330,7.357520209,,,,,,,,,
473774315,7.376434261,,,,,,,,,
475024300,7.437778527,,,,,,,,,
476274285,7.463864753,,,,,,,,,
477524270,7.628020056,,,,,,,,,
478774255,7.655234526,,,,,,,,,
480024240,7.768197331,,,,,,,,,
481274225,7.82430122,,,,,,,,,
482524210,7.880428396,,,,,,,,,
483774195,7.851081391,,,,,,,,,
485024180,7.978756623,,,,,,,,,
486274165,7.916859284,,,,,,,,,
487524150,7.89471158,,,,,,,,,
488774135,7.864648681,,,,,,,,,
490024120,7.8484729,,,,,,,,,
491274105,7.872053054,,,,,,,,,
492524090,7.723042985,,,,,,,,,
493774075,7.809098424,,,,,,,,,
495024060,7.70417607,,,,,,,,,
496274045,7.86691712,,,,,,,,,
497524030,7.819513455,,,,,,,,,
498774015,7.807224215,,,,,,,,,
500024000,7.758722784,,,,,,,,,
501273985,7.831079733,,,,,,,,,
502523970,7.843513354,,,,,,,,,
503773955,7.691161635,,,,,,,,,
505023940,7.59956569,,,,,,,,,
506273925,7.672681464,,,,,,,,,
507523910,7.666863982,,,,,,,,,
508773895,7.608776286,,,,,,,,,
510023880,7.712864595,,,,,,,,,
511273865,7.796788587,,,,,,,,,
512523850,7.808903399,,,,,,,,,
513773835,7.734987726,,,,,,,,,
515023820,7.897795902,,,,,,,,,
516273805,7.87598596,,,,,,,,,
517523790,7.988000283,,,,,,,,,
518773775,7.954700214,,,,,,,,,
520023760,8.058953336,,,,,,,,,
521273745,7.986229596,,,,,,,,,
522523730,7.916732486,,,,,,,,,
523773715,7.839398835,,,,,,,,,
525023700,7.753263163,,,,,,,,,
526273685,7.812185017,,,,,,,,,
527523670,7.767245195,,,,,,,,,
528773655,7.842984676,,,,,,,,,
530023640,7.711222946,,,,,,,,,
531273625,7.639685292,,,,,,,,,
532523610,7.745565858,,,,,,,,,
533773595,7.842537346,,,,,,,,,
535023580,7.834404442,,,,,,,,,
536273565,7.93324681,,,,,,,,,
537523550,7.876214168,,,,,,,,,
538773535,7.896572087,,,,,,,,,
540023520,7.97617032,,,,,,,,,
541273505,8.105662698,,,,,,,,,
542523490,7.886353768,,,,,,,,,
543773475,7.976512655,,,,,,,,,
545023460,8.072395732,,,,,,,,,
546273445,7.839554817,,,,,,,,,
547523430,7.850327471,,,,,,,,,
548773415,7.846314774,,,,,,,,,
550023400,7.752629431,,,,,,,,,
551273385,7.662615065,,,,,,,,,
552523370,7.730899725,,,,,,,,,
553773355,7.704729876,,,,,,,,,
555023340,7.714150929,,,,,,,,,
556273325,7.82865894,,,,,,,,,
557523310,7.819535098,,,,,,,,,
558773295,7.831300975,,,,,,,,,
560023280,7.833642341,,,,,,,,,
561273265,7.82359388,,,,,,,,,
562523250,7.781289023,,,,,,,,,
563773235,7.852433515,,,,,,,,,
565023220,7.807288546,,,,,,,,,
566273205,7.763943893,,,,,,,,,
567523190,7.82353405,,,,,,,,,
568773175,7.781185188,,,,,,,,,
570023160,7.640357006,,,,,,,,,
571273145,7.712558668,,,,,,,,,
572523130,7.82832327,,,,,,,,,
573773115,7.770041629,,,,,,,,,
575023100,7.894326114,,,,,,,,,
576273085,7.813475848,,,,,,,,,
577523070,7.891945008,,,,,,,,,
578773055,7.867475855,,,,,,,,,
580023040,7.8854192,,,,,,,,,
581273025,7.889840173,,,,,,,,,
582523010,7.878787452,,,,,,,,,
583772995,7.86354629,,,,,,,,,
585022980,7.840405435,,,,,,,,,
586272965,7.714404948,,,,,,,,,
587522950,7.687459752,,,,,,,,,
588772935,7.766551152,,,,,,,,,
590022920,7.736965656,,,,,,,,,
591272905,7.637843514,,,,,,,,,
592522890,7.571007589,,,,,,,,,
593772875,7.572248447,,,,,,,,,
595022860,7.819978423,,,,,,,,,
596272845,7.75080744,,,,,,,,,
597522830,7.839594679,,,,,,,,,
598772815,7.760709863,,,,,,,,,
600022800,7.801408679,,,,,,,,,
601272785,7.855870303,,,,,,,,,
602522770,7.848803288,,,,,,,,,
603772755,7.761633187,,,,,,,,,
605022740,7.755267235,,,,,,,,,
606272725,7.748673611,,,,,,,,,
607522710,7.819090488,,,,,,,,,
608772695,7.747966045,,,,,,,,,
610022680,7.770343543,,,,,,,,,
611272665,7.726260964,,,,,,,,,
612522650,7.883231828,,,,,,,,,
613772635,7.745396355,,,,,,,,,
615022620,7.764204001,,,,,,,,,
616272605,7.79030749,,,,,,,,,
617522590,7.852969502,,,,,,,,,
618772575,7.80376975,,,,,,,,,
620022560,7.619299107,,,,,,,,,
621272545,7.713553857,,,,,,,,,
622522530,7.771478966,,,,,,,,,
623772515,7.7264681,,,,,,,,,
625022500,7.610901006,,,,,,,,,
626272485,7.733770716,,,,,,,,,
627522470,7.78080657,,,,,,,,,
628772455,7.690752622,,,,,,,,,
630022440,7.692700993,,,,,,,,,
631272425,7.686897101,,,,,,,,,
632522410,7.666391286,,,,,,,,,
633772395,7.690827724,,,,,,,,,
635022380,7.697206753,,,,,,,,,
636272365,7.773914046,,,,,,,,,
637522350,7.801327209,,,,,,,,,
638772335,7.780930892,,,,,,,,,
640022320,7.685475573,,,,,,,,,
641272305,7.579148374,,,,,,,,,
642522290,7.659478932,,,,,,,,,
643772275,7.654608688,,,,,,,,,
645022260,7.646929908,,,,,,,,,
646272245,7.777020891,,,,,,,,,
647522230,7.590834173,,,,,,,,,
648772215,7.710774165,,,,,,,,,
650022200,7.581529449,,,,,,,,,
651272185,7.615652809,,,,,,,,,
652522170,7.667164588,,,,,,,,,
653772155,7.682913227,,,,,,,,,
655022140,7.771132676,,,,,,,,,
656272125,7.883293562,,,,,,,,,
657522110,7.8014244,,,,,,,,,
658772095,7.676977553,,,,,,,,,
660022080,7.840786719,,,,,,,,,
661272065,7.815476287,,,,,,,,,
662522050,7.892535173,,,,,,,,,
663772035,7.842164166,,,,,,,,,
665022020,7.850941145,,,,,,,,,
666272005,7.887019718,,,,,,,,,
667521990,7.922981956,,,,,,,,,
668771975,7.876198532,,,,,,,,,
670021960,7.872296206,,,,,,,,,
671271945,7.831606517,,,,,,,,,
672521930,7.797479495,,,,,,,,,
673771915,7.701771659,,,,,,,,,
675021900,7.701028829,,,,,,,,,
676271885,7.612703012,,,,,,,,,
677521870,7.654955226,,,,,,,,,
678771855,7.704607225,,,,,,,,,
680021840,7.725826633,,,,,,,,,
681271825,7.768174563,,,,,,,,,
682521810,7.791705762,,,,,,,,,
683771795,7.797469899,,,,,,,,,
685021780,7.887504913,,,,,,,,,
686271765,7.844932326,,,,,,,,,
687521750,7.86461036,,,,,,,,,
688771735,7.940697086,,,,,,,,,
690021720,7.971130101,,,,,,,,,
691271705,8.070959094,,,,,,,,,
692521690,7.809954075,,,,,,,,,
693771675,7.768711769,,,,,,,,,
695021660,7.831620584,,,,,,,,,
696271645,7.797554267,,,,,,,,,
697521630,7.781945147,,,,,,,,,
698771615,7.766892526,,,,,,,,,
700021600,7.688605992,,,,,,,,,
701271585,7.68094746,,,,,,,,,
702521570,7.590653593,,,,,,,,,
703771555,7.708934476,,,,,,,,,
705021540,7.724995322,,,,,,,,,
706271525,7.726114554,,,,,,,,,
707521510,7.695087183,,,,,,,,,
708771495,7.765999213,,,,,,,,,
710021480,7.74321902,,,,,,,,,
711271465,7.785417389,,,,,,,,,
712521450,7.761515763,,,,,,,,,
713771435,7.770025531,,,,,,,,,
715021420,7.788554001,,,,,,,,,
716271405,7.83101287,,,,,,,,,
717521390,7.766694813,,,,,,,,,
718771375,7.902801272,,,,,,,,,
720021360,7.956011846,,,,,,,,,
721271345,7.974996256,,,,,,,,,
722521330,7.854719335,,,,,,,,,
723771315,7.903457863,,,,,,,,,
725021300,7.962232332,,,,,,,,,
726271285,7.712981424,,,,,,,,,
727521270,7.873443183,,,,,,,,,
728771255,7.729500468,,,,,,,,,
730021240,7.653465096,,,,,,,,,
731271225,7.609151471,,,,,,,,,
732521210,7.517692988,,,,,,,,,
733771195,7.630842862,,,,,,,,,
735021180,7.56580291,,,,,,,,,
736271165,7.445952447,,,,,,,,,
737521150,7.476055494,,,,,,,,,
738771135,7.606276729,,,,,,,,,
740021120,7.518519927,,,,,,,,,
741271105,7.662030029,,,,,,,,,
742521090,7.741966377,,,,,,,,,
743771075,7.778268759,,,,,,,,,
745021060,7.794555106,,,,,,,,,
746271045,7.705321575,,,,,,,,,
747521030,7.688280351,,,,,,,,,
748771015,7.820596874,,,,,,,,,
750021000,7.727705134,,,,,,,,,
751270985,7.622801126,,,,,,,,,
752520970,7.576555605,,,,,,,,,
753770955,7.499786075,,,,,,,,,
755020940,7.366565272,,,,,,,,,
756270925,7.439181042,,,,,,,,,
757520910,7.541809171,,,,,,,,,
758770895,7.615077238,,,,,,,,,
760020880,7.656810241,,,,,,,,,
761270865,7.83065476,,,,,,,,,
762520850,7.880297091,,,,,,,,,
763770835,7.82025045,,,,,,,,,
765020820,8.007014451,,,,,,,,,
766270805,7.970578181,,,,,,,,,
767520790,7.936549897,,,,,,,,,
768770775,7.950382032,,,,,,,,,
770020760,7.978633074,,,,,,,,,
771270745,7.749035017,,,,,,,,,
772520730,7.801939572,,,,,,,,,
773770715,7.873570555,,,,,,,,,
775020700,7.690381298,,,,,,,,,
776270685,7.846065002,,,,,,,,,
777520670,7.747844911,,,,,,,,,
778770655,7.855981635,,,,,,,,,
780020640,7.735600776,,,,,,,,,
781270625,7.644912657,,,,,,,,,
782520610,7.702124533,,,,,,,,,
783770595,7.63824673,,,,,,,,,
785020580,7.528258775,,,,,,,,,
786270565,7.626866024,,,,,,,,,
787520550,7.617193288,,,,,,,,,
788770535,7.659198048,,,,,,,,,
790020520,7.482724026,,,,,,,,,
791270505,7.4951696,,,,,,,,,
792520490,7.491446389,,,,,,,,,
793770475,7.494375951,,,,,,,,,
795020460,7.656304119,,,,,,,,,
796270445,7.736498188,,,,,,,,,
797520430,7.779350878,,,,,,,,,
798770415,7.934124633,,,,,,,,,
800020400,8.1208731,,,,,,,,,
801270385,8.13921,,,,,,,,,
802520370,8.141246222,,,,,,,,,
803770355,8.042042209,,,,,,,,,
805020340,8.151598568,,,,,,,,,
806270325,8.170311953,,,,,,,,,
807520310,8.105798678,,,,,,,,,
808770295,7.915605147,,,,,,,,,
810020280,8.122338319,,,,,,,,,
811270265,7.938010945,,,,,,,,,
812520250,7.778764043,,,,,,,,,
813770235,7.92551659,,,,,,,,,
815020220,8.004802481,,,,,,,,,
816270205,8.065756352,,,,,,,,,
817520190,8.047994483,,,,,,,,,
818770175,7.984357856,,,,,,,,,
820020160,8.18081332,,,,,,,,,
821270145,8.232950012,,,,,,,,,
822520130,8.233432578,,,,,,,,,
823770115,8.128267855,,,,,,,,,
825020100,8.029576212,,,,,,,,,
826270085,7.932489488,,,,,,,,,
827520070,7.983563778,,,,,,,,,
828770055,7.793197713,,,,,,,,,
830020040,7.652242128,,,,,,,,,
831270025,7.687063209,,,,,,,,,
832520010,7.431335845,,,,,,,,,
833769995,7.416199042,,,,,,,,,
835019980,7.567985924,,,,,,,,,
836269965,7.49707635,,,,,,,,,
837519950,7.538722977,,,,,,,,,
838769935,7.441004986,,,,,,,,,
840019920,7.568329383,,,,,,,,,
841269905,7.712198293,,,,,,,,,
842519890,7.650557967,,,,,,,,,
843769875,7.650637046,,,,,,,,,
845019860,7.56657503,,,,,,,,,
846269845,7.582291173,,,,,,,,,
847519830,7.703524304,,,,,,,,,
848769815,7.803389726,,,,,,,,,
850019800,7.707910846,,,,,,,,,
851269785,7.778187349,,,,,,,,,
852519770,7.723155302,,,,,,,,,
853769755,8.009901348,,,,,,,,,
855019740,8.034428075,,,,,,,,,
856269725,7.875958116,,,,,,,,,
857519710,8.053252442,,,,,,,,,
858769695,7.967345368,,,,,,,,,
860019680,7.921804391,,,,,,,,,
861269665,7.977530296,,,,,,,,,
862519650,7.980654097,,,,,,,,,
863769635,7.758763236,,,,,,,,,
865019620,7.991964118,,,,,,,,,
866269605,7.777243089,,,,,,,,,
867519590,7.791739737,,,,,,,,,
868769575,7.543043971,,,,,,,,,
870019560,7.718914914,,,,,,,,,
871269545,7.822622252,,,,,,,,,
872519530,7.812884052,,,,,,,,,
873769515,7.722476017,,,,,,,,,
875019500,7.605445201,,,,,,,,,
876269485,7.774739429,,,,,,,,,
877519470,7.655029303,,,,,,,,,
878769455,7.647767079,,,,,,,,,
880019440,7.491789913,,,,,,,,,
881269425,7.461198486,,,,,,,,,
882519410,7.41257195,,,,,,,,,
883769395,7.485468923,,,,,,,,,
885019380,7.489261916,,,,,,,,,
886269365,7.375603739,,,,,,,,,
887519350,7.353237452,,,,,,,,,
888769335,7.464311595,,,,,,,,,
890019320,7.525831389,,,,,,,,,
891269305,7.408633423,,,,,,,,,
892519290,7.628127663,,,,,,,,,
893769275,7.502811133,,,,,,,,,
895019260,7.65824733,,,,,,,,,
896269245,7.537494551,,,,,,,,,
897519230,7.655355704,,,,,,,,,
898769215,7.674980576,,,,,,,,,
900019200,7.66217749,,,,,,,,,
901269185,7.723381442,,,,,,,,,
902519170,7.870925506,,,,,,,,,
903769155,7.8895691,,,,,,,,,
905019140,7.788137076,,,,,,,,,
906269125,7.853032501,,,,,,,,,
907519110,7.800765898,,,,,,,,,
908769095,7.986483675,,,,,,,,,
910019080,7.948714212,,,,,,,,,
911269065,7.938259195,,,,,,,,,
912519050,7.757787484,,,,,,,,,
913769035,7.684404411,,,,,,,,,
915019020,7.699854622,,,,,,,,,
916269005,7.719417356,,,,,,,,,
917518990,7.503897848,,,,,,,,,
918768975,7.581311586,,,,,,,,,
920018960,7.659606017,,,,,,,,,
921268945,7.622864367,,,,,,,,,
922518930,7.571129403,,,,,,,,,
923768915,7.716488757,,,,,,,,,
925018900,7.584473462,,,,,,,,,
926268885,7.59608767,,,,,,,,,
927518870,7.63597552,,,,,,,,,
928768855,7.670280144,,,,,,,,,
930018840,7.522408265,,,,,,,,,
931268825,7.622222302,,,,,,,,,
932518810,7.575007364,,,,,,,,,
933768795,7.63938602,,,,,,,,,
935018780,7.60368638,,,,,,,,,
936268765,7.61278412,,,,,,,,,
937518750,7.507016661,,,,,,,,,
938768735,7.678533878,,,,,,,,,
940018720,7.658459275,,,,,,,,,
941268705,7.750388231,,,,,,,,,
942518690,7.676496072,,,,,,,,,
943768675,7.684125244,,,,,,,,,
945018660,7.784513409,,,,,,,,,
946268645,7.556338967,,,,,,,,,
947518630,7.866118699,,,,,,,,,
948768615,7.795069739,,,,,,,,,
950018600,7.720251121,,,,,,,,,
951268585,7.708412097,,,,,,,,,
952518570,7.809158438,,,,,,,,,
953768555,7.794162114,,,,,,,,,
955018540,7.760796091,,,,,,,,,
956268525,7.887746243,,,,,,,,,
957518510,7.654682819,,,,,,,,,
958768495,7.816898691,,,,,,,,,
960018480,7.845068181,,,,,,,,,
961268465,7.851974889,,,,,,,,,
962518450,7.743987575,,,,,,,,,
963768435,7.682594775,,,,,,,,,
965018420,7.735796147,,,,,,,,,
966268405,7.756038271,,,,,,,,,
967518390,7.70346177,,,,,,,,,
968768375,7.684794585,,,,,,,,,
970018360,7.652899184,,,,,,,,,
971268345,7.617565132,,,,,,,,,
972518330,7.626563043,,,,,,,,,
973768315,7.632535862,,,,,,,,,
975018300,7.585868385,,,,,,,,,
976268285,7.526381185,,,,,,,,,
977518270,7.525887092,,,,,,,,,
978768255,7.616411909,,,,,,,,,
980018240,7.489933597,,,,,,,,,
981268225,7.605636237,,,,,,,,,
982518210,7.390796601,,,,,,,,,
983768195,7.513476112,,,,,,,,,
985018180,7.522510086,,,,,,,,,
986268165,7.526847527,,,,,,,,,
987518150,7.616732507,,,,,,,,,
988768135,7.60268787,,,,,,,,,
990018120,7.597879323,,,,,,,,,
991268105,7.623395202,,,,,,,,,
992518090,7.489843813,,,,,,,,,
993768075,7.608783888,,,,,,,,,
995018060,7.629728611,,,,,,,,,
996268045,7.615358158,,,,,,,,,
997518030,7.59814881,,,,,,,,,
998768015,7.558850397,,,,,,,,,
1000018000,7.689338284,,,,,,,,,
1001267985,7.777485619,,,,,,,,,
1002517970,7.798831,,,,,,,,,
1003767955,7.675180308,,,,,,,,,
1005017940,7.773581084,,,,,,,,,
1006267925,7.697095011,,,,,,,,,
1007517910,7.849180083,,,,,,,,,
1008767895,7.957692218,,,,,,,,,
1010017880,7.776687695,,,,,,,,,
1011267865,7.798320039,,,,,,,,,
1012517850,7.801442071,,,,,,,,,
1013767835,7.734270761,,,,,,,,,
1015017820,7.646666254,,,,,,,,,
1016267805,7.65888271,,,,,,,,,
1017517790,7.590671597,,,,,,,,,
1018767775,7.723173523,,,,,,,,,
1020017760,7.657436465,,,,,,,,,
1021267745,7.703479528,,,,,,,,,
1022517730,7.712949967,,,,,,,,,
1023767715,7.678721104,,,,,,,,,
1025017700,7.560009766,,,,,,,,,
1026267685,7.7471419,,,,,,,,,
1027517670,7.665976295,,,,,,,,,
1028767655,7.603898967,,,,,,,,,
1030017640,7.527051158,,,,,,,,,
1031267625,7.497566611,,,,,,,,,
1032517610,7.626345281,,,,,,,,,
1033767595,7.538685627,,,,,,,,,
1035017580,7.493426618,,,,,,,,,
1036267565,7.554592941,,,,,,,,,
1037517550,7.54906115,,,,,,,,,
1038767535,7.556113239,,,,,,,,,
1040017520,7.549346112,,,,,,,,,
1041267505,7.633296906,,,,,,,,,
1042517490,7.612588674,,,,,,,,,
1043767475,7.488935597,,,,,,,,,
1045017460,7.671139394,,,,,,,,,
1046267445,7.685979868,,,,,,,,,
1047517430,7.693543968,,,,,,,,,
1048767415,7.612039324,,,,,,,,,
1050017400,7.654682062,,,,,,,,,
1051267385,7.713778889,,,,,,,,,
1052517370,7.81484888,,,,,,,,,
1053767355,7.591281025,,,,,,,,,
1055017340,7.708477643,,,,,,,,,
1056267325,7.742679454,,,,,,,,,
1057517310,7.580390083,,,,,,,,,
1058767295,7.590993476,,,,,,,,,
1060017280,7.659941758,,,,,,,,,
1061267265,7.70324234,,,,,,,,,
1062517250,7.658790349,,,,,,,,,
1063767235,7.700142388,,,,,,,,,
1065017220,7.706038078,,,,,,,,,
1066267205,7.648215278,,,,,,,,,
1067517190,7.748043272,,,,,,,,,
1068767175,7.547867294,,,,,,,,,
1070017160,7.629282874,,,,,,,,,
1071267145,7.652362554,,,,,,,,,
1072517130,7.557862592,,,,,,,,,
1073767115,7.676868133,,,,,,,,,
1075017100,7.669297858,,,,,,,,,
1076267085,7.597752552,,,,,,,,,
1077517070,7.568891067,,,,,,,,,
1078767055,7.463783466,,,,,,,,,
1080017040,7.519335065,,,,,,,,,
1081267025,7.568731239,,,,,,,,,
1082517010,7.565620885,,,,,,,,,
1083766995,7.65282766,,,,,,,,,
1085016980,7.597385897,,,,,,,,,
1086266965,7.658433456,,,,,,,,,
1087516950,7.61472752,,,,,,,,,
1088766935,7.605865093,,,,,,,,,
1090016920,7.560305313,,,,,,,,,
1091266905,7.630825266,,,,,,,,,
1092516890,7.756606598,,,,,,,,,
1093766875,7.699385576,,,,,,,,,
1095016860,7.598645521,,,,,,,,,
1096266845,7.5479236,,,,,,,,,
1097516830,7.597087992,,,,,,,,,
1098766815,7.566675271,,,,,,,,,
1100016800,7.597839176,,,,,,,,,
1101266785,7.563635685,,,,,,,,,
1102516770,7.516776103,,,,,,,,,
1103766755,7.670220431,,,,,,,,,
1105016740,7.646675165,,,,,,,,,
1106266725,7.587115735,,,,,,,,,
1107516710,7.515595129,,,,,,,,,
1108766695,7.517391847,,,,,,,,,
1110016680,7.519004291,,,,,,,,,
1111266665,7.551107439,,,,,,,,,
1112516650,7.617738873,,,,,,,,,
1113766635,7.455084119,,,,,,,,,
1115016620,7.426133017,,,,,,,,,
1116266605,7.578595857,,,,,,,,,
1117516590,7.492187248,,,,,,,,,
1118766575,7.367670544,,,,,,,,,
1120016560,7.421015686,,,,,,,,,
1121266545,7.738365768,,,,,,,,,
1122516530,7.4565371,,,,,,,,,
1123766515,7.545611014,,,,,,,,,
1125016500,7.60496998,,,,,,,,,
1126266485,7.554812063,,,,,,,,,
1127516470,7.661802936,,,,,,,,,
1128766455,7.698269791,,,,,,,,,
1130016440,7.49813343,,,,,,,,,
1131266425,7.610885163,,,,,,,,,
1132516410,7.593441388,,,,,,,,,
1133766395,7.679151377,,,,,,,,,
1135016380,7.534733531,,,,,,,,,
1136266365,7.559932955,,,,,,,,,
1137516350,7.574917287,,,,,,,,,
1138766335,7.599936943,,,,,,,,,
1140016320,7.626998322,,,,,,,,,
1141266305,7.633344961,,,,,,,,,
1142516290,7.668074692,,,,,,,,,
1143766275,7.540500697,,,,,,,,,
1145016260,7.564220624,,,,,,,,,
1146266245,7.526387017,,,,,,,,,
1147516230,7.567626274,,,,,,,,,
1148766215,7.416881772,,,,,,,,,
1150016200,7.502561511,,,,,,,,,
1151266185,7.574127962,,,,,,,,,
1152516170,7.514193522,,,,,,,,,
1153766155,7.49093064,,,,,,,,,
1155016140,7.443786692,,,,,,,,,
1156266125,7.52013285,,,,,,,,,
1157516110,7.561554446,,,,,,,,,
1158766095,7.54389046,,,,,,,,,
1160016080,7.553206061,,,,,,,,,
1161266065,7.398051982,,,,,,,,,
1162516050,7.568926444,,,,,,,,,
1163766035,7.450703218,,,,,,,,,
1165016020,7.462505375,,,,,,,,,
1166266005,7.659602162,,,,,,,,,
1167515990,7.690403956,,,,,,,,,
1168765975,7.503738218,,,,,,,,,
1170015960,7.52083785,,,,,,,,,
1171265945,7.552079189,,,,,,,,,
1172515930,7.632880948,,,,,,,,,
1173765915,7.697332694,,,,,,,,,
1175015900,7.578615536,,,,,,,,,
1176265885,7.575214032,,,,,,,,,
1177515870,7.550545769,,,,,,,,,
1178765855,7.511036587,,,,,,,,,
1180015840,7.721949144,,,,,,,,,
1181265825,7.473637309,,,,,,,,,
1182515810,7.599898706,,,,,,,,,
1183765795,7.485593002,,,,,,,,,
1185015780,7.546961351,,,,,,,,,
1186265765,7.516735486,,,,,,,,,
1187515750,7.381536124,,,,,,,,,
1188765735,7.516108204,,,,,,,,,
1190015720,7.610738081,,,,,,,,,
1191265705,7.462578157,,,,,,,,,
1192515690,7.456318721,,,,,,,,,
1193765675,7.479217825,,,,,,,,,
1195015660,7.524079583,,,,,,,,,
1196265645,7.598886318,,,,,,,,,
1197515630,7.474515084,,,,,,,,,
1198765615,7.49034246,,,,,,,,,
1200015600,7.647455491,,,,,,,,,
1201265585,7.467736061,,,,,,,,,
1202515570,7.567011545,,,,,,,,,
1203765555,7.552626133,,,,,,,,,
1205015540,7.53105776,,,,,,,,,
1206265525,7.505427291,,,,,,,,,
1207515510,7.642147951,,,,,,,,,
1208765495,7.658157062,,,,,,,,,
1210015480,7.670207429,,,,,,,,,
1211265465,7.718577546,,,,,,,,,
1212515450,7.772234606,,,,,,,,,
1213765435,7.568204315,,,,,,,,,
1215015420,7.625732203,,,,,,,,,
1216265405,7.614899975,,,,,,,,,
1217515390,7.576343413,,,,,,,,,
1218765375,7.642396073,,,,,,,,,
1220015360,7.764146617,,,,,,,,,
1221265345,7.695648006,,,,,,,,,
1222515330,7.534038431,,,,,,,,,
1223765315,7.631450902,,,,,,,,,
1225015300,7.695767625,,,,,,,,,
1226265285,7.599364436,,,,,,,,,
1227515270,7.584569082,,,,,,,,,
1228765255,7.78720552,,,,,,,,,
1230015240,7.617702409,,,,,,,,,
1231265225,7.643825878,,,,,,,,,
1232515210,7.718528545,,,,,,,,,
1233765195,7.625153453,,,,,,,,,
1235015180,7.672023391,,,,,,,,,
1236265165,7.658468536,,,,,,,,,
1237515150,7.5030964,,,,,,,,,
1238765135,7.478287883,,,,,,,,,
1240015120,7.58842321,,,,,,,,,
1241265105,7.524050645,,,,,,,,,
1242515090,7.466410772,,,,,,,,,
1243765075,7.502922138,,,,,,,,,
1245015060,7.477112605,,,,,,,,,
1246265045,7.51571626,,,,,,,,,
1247515030,7.550917304,,,,,,,,,
1248765015,7.392015171,,,,,,,,,
1250015000,7.572227304,,,,,,,,,
1251264985,7.517606601,,,,,,,,,
1252514970,7.497219481,,,,,,,,,
1253764955,7.441656104,,,,,,,,,
1255014940,7.461541371,,,,,,,,,
1256264925,7.560164419,,,,,,,,,
1257514910,7.410070985,,,,,,,,,
1258764895,7.649926737,,,,,,,,,
1260014880,7.560851898,,,,,,,,,
1261264865,7.412869085,,,,,,,,,
1262514850,7.626683989,,,,,,,,,
1263764835,7.505670816,,,,,,,,,
1265014820,7.537820199,,,,,,,,,
1266264805,7.6956885,,,,,,,,,
1267514790,7.648359685,,,,,,,,,
1268764775,7.620058206,,,,,,,,,
1270014760,7.64217054,,,,,,,,,
1271264745,7.580427129,,,,,,,,,
1272514730,7.625686229,,,,,,,,,
1273764715,7.49902593,,,,,,,,,
1275014700,7.534568727,,,,,,,,,
1276264685,7.52744504,,,,,,,,,
1277514670,7.622078539,,,,,,,,,
1278764655,7.501759145,,,,,,,,,
1280014640,7.594427177,,,,,,,,,
1281264625,7.611814832,,,,,,,,,
1282514610,7.631255474,,,,,,,,,
1283764595,7.544571443,,,,,,,,,
1285014580,7.525916117,,,,,,,,,
1286264565,7.538951258,,,,,,,,,
1287514550,7.585109703,,,,,,,,,
1288764535,7.486148636,,,,,,,,,
1290014520,7.407759002,,,,,,,,,
1291264505,7.54552191,,,,,,,,,
1292514490,7.318202456,,,,,,,,,
1293764475,7.496792613,,,,,,,,,
1295014460,7.360278002,,,,,,,,,
1296264445,7.402946688,,,,,,,,,
1297514430,7.466972926,,,,,,,,,
1298764415,7.319244956,,,,,,,,,
1300014400,7.265660794,,,,,,,,,
1301264385,7.48219882,,,,,,,,,
1302514370,7.417085583,,,,,,,,,
1303764355,7.485701435,,,,,,,,,
1305014340,7.34514215,,,,,,,,,
1306264325,7.438890333,,,,,,,,,
1307514310,7.604548091,,,,,,,,,
1308764295,7.499385242,,,,,,,,,
1310014280,7.457288587,,,,,,,,,
1311264265,7.49551584,,,,,,,,,
1312514250,7.478099274,,,,,,,,,
1313764235,7.405187301,,,,,,,,,
1315014220,7.374697797,,,,,,,,,
1316264205,7.452320179,,,,,,,,,
1317514190,7.400170474,,,,,,,,,
1318764175,7.441248221,,,,,,,,,
1320014160,7.339375137,,,,,,,,,
1321264145,7.567947947,,,,,,,,,
1322514130,7.473687988,,,,,,,,,
1323764115,7.494717261,,,,,,,,,
1325014100,7.509499308,,,,,,,,,
1326264085,7.341324547,,,,,,,,,
1327514070,7.479372149,,,,,,,,,
1328764055,7.616944085,,,,,,,,,
1330014040,7.584636841,,,,,,,,,
1331264025,7.497170959,,,,,,,,,
1332514010,7.426611899,,,,,,,,,
1333763995,7.408435369,,,,,,,,,
1335013980,7.402012454,,,,,,,,,
1336263965,7.469511821,,,,,,,,,
1337513950,7.391851333,,,,,,,,,
1338763935,7.38137934,,,,,,,,,
1340013920,7.353889577,,,,,,,,,
1341263905,7.4835188,,,,,,,,,
1342513890,7.401995109,,,,,,,,,
1343763875,7.432083062,,,,,,,,,
1345013860,7.392793333,,,,,,,,,
1346263845,7.518468789,,,,,,,,,
1347513830,7.465405392,,,,,,,,,
1348763815,7.539781079,,,,,,,,,
1350013800,7.422914417,,,,,,,,,
1351263785,7.405516434,,,,,,,,,
1352513770,7.392049031,,,,,,,,,
1353763755,7.498996653,,,,,,,,,
1355013740,7.305091841,,,,,,,,,
1356263725,7.537122972,,,,,,,,,
1357513710,7.444189198,,,,,,,,,
1358763695,7.463948891,,,,,,,,,
1360013680,7.416309061,,,,,,,,,
1361263665,7.447782061,,,,,,,,,
1362513650,7.41502184,,,,,,,,,
1363763635,7.526941615,,,,,,,,,
1365013620,7.597823992,,,,,,,,,
1366263605,7.489758364,,,,,,,,,
1367513590,7.387368143,,,,,,,,,
1368763575,7.387996245,,,,,,,,,
1370013560,7.530905255,,,,,,,,,
1371263545,7.521069657,,,,,,,,,
1372513530,7.38270619,,,,,,,,,
1373763515,7.329999683,,,,,,,,,
1375013500,7.332381247,,,,,,,,,
1376263485,7.427863431,,,,,,,,,
1377513470,7.407245907,,,,,,,,,
1378763455,7.411186123,,,,,,,,,
1380013440,7.408358367,,,,,,,,,
1381263425,7.412567701,,,,,,,,,
1382513410,7.438220831,,,,,,,,,
1383763395,7.25749747,,,,,,,,,
1385013380,7.311903492,,,,,,,,,
1386263365,7.310217564,,,,,,,,,
1387513350,7.383661364,,,,,,,,,
1388763335,7.340690481,,,,,,,,,
1390013320,7.252226294,,,,,,,,,
1391263305,7.237665107,,,,,,,,,
1392513290,7.226946643,,,,,,,,,
1393763275,7.137107152,,,,,,,,,
1395013260,7.22917277,,,,,,,,,
1396263245,7.211321512,,,,,,,,,
1397513230,7.383966929,,,,,,,,,
1398763215,7.109789642,,,,,,,,,
1400013200,7.230574835,,,,,,,,,
1401263185,7.314622003,,,,,,,,,
1402513170,7.357368701,,,,,,,,,
1403763155,7.385578645,,,,,,,,,
1405013140,7.432138049,,,,,,,,,
1406263125,7.410061366,,,,,,,,,
1407513110,7.389076367,,,,,,,,,
1408763095,7.358589549,,,,,,,,,
1410013080,7.584012273,,,,,,,,,
1411263065,7.552475115,,,,,,,,,
1412513050,7.41661238,,,,,,,,,
1413763035,7.516912838,,,,,,,,,
1415013020,7.446316196,,,,,,,,,
1416263005,7.571690508,,,,,,,,,
1417512990,7.463027806,,,,,,,,,
1418762975,7.43884962,,,,,,,,,
1420012960,7.481862313,,,,,,,,,
1421262945,7.465272648,,,,,,,,,
1422512930,7.563202112,,,,,,,,,
1423762915,7.420602355,,,,,,,,,
1425012900,7.387442268,,,,,,,,,
1426262885,7.471267914,,,,,,,,,
1427512870,7.401253209,,,,,,,,,
1428762855,7.383921127,,,,,,,,,
1430012840,7.217934204,,,,,,,,,
1431262825,7.320392071,,,,,,,,,
1432512810,7.189851811,,,,,,,,,
1433762795,7.216278359,,,,,,,,,
1435012780,7.19485118,,,,,,,,,
1436262765,7.177219177,,,,,,,,,
1437512750,7.228501952,,,,,,,,,
1438762735,7.186762734,,,,,,,,,
1440012720,7.222727219,,,,,,,,,
1441262705,7.199657844,,,,,,,,,
1442512690,7.095547293,,,,,,,,,
1443762675,7.192140162,,,,,,,,,
1445012660,7.231447215,,,,,,,,,
1446262645,7.243869802,,,,,,,,,
1447512630,7.311599276,,,,,,,,,
1448762615,7.204104982,,,,,,,,,
1450012600,7.276727304,,,,,,,,,
1451262585,7.413153343,,,,,,,,,
1452512570,7.37625404,,,,,,,,,
1453762555,7.360614538,,,,,,,,,
1455012540,7.430996418,,,,,,,,,
1456262525,7.380281142,,,,,,,,,
1457512510,7.366616368,,,,,,,,,
1458762495,7.294105978,,,,,,,,,
1460012480,7.458033437,,,,,,,,,
1461262465,7.356404558,,,,,,,,,
1462512450,7.449969005,,,,,,,,,
1463762435,7.314371632,,,,,,,,,
1465012420,7.421297501,,,,,,,,,
1466262405,7.42078341,,,,,,,,,
1467512390,7.43457843,,,,,,,,,
1468762375,7.454510032,,,,,,,,,
1470012360,7.378145365,,,,,,,,,
1471262345,7.377940452,,,,,,,,,
1472512330,7.526015334,,,,,,,,,
1473762315,7.503655669,,,,,,,,,
1475012300,7.30845535,,,,,,,,,
1476262285,7.401700153,,,,,,,,,
1477512270,7.3055681,,,,,,,,,
1478762255,7.442869274,,,,,,,,,
1480012240,7.400269176,,,,,,,,,
1481262225,7.341882729,,,,,,,,,
1482512210,7.275143894,,,,,,,,,
1483762195,7.289890567,,,,,,,,,
1485012180,7.240803257,,,,,,,,,
1486262165,7.168428529,,,,,,,,,
1487512150,7.252481435,,,,,,,,,
1488762135,7.260110299,,,,,,,,,
1490012120,7.268694987,,,,,,,,,
1491262105,7.221157265,,,,,,,,,
1492512090,7.151196602,,,,,,,,,
1493762075,7.164451534,,,,,,,,,
1495012060,7.194858191,,,,,,,,,
1496262045,7.222246131,,,,,,,,,
1497512030,7.161355489,,,,,,,,,
1498762015,7.133210033,,,,,,,,,
1500012000,7.275313152,,,,,,,,,
1501261985,7.15478348,,,,,,,,,
1502511970,7.262749738,,,,,,,,,
1503761955,7.045973278,,,,,,,,,
1505011940,7.22045867,,,,,,,,,
1506261925,7.26520713,,,,,,,,,
1507511910,7.11691902,,,,,,,,,
1508761895,7.100530091,,,,,,,,,
1510011880,7.106761241,,,,,,,,,
1511261865,7.360327375,,,,,,,,,
1512511850,7.223581869,,,,,,,,,
1513761835,7.121202071,,,,,,,,,
1515011820,7.206766008,,,,,,,,,
1516261805,7.109374133,,,,,,,,,
1517511790,7.11152956,,,,,,,,,
1518761775,7.059071395,,,,,,,,,
1520011760,7.249507505,,,,,,,,,
1521261745,7.176671818,,,,,,,,,
1522511730,7.24766087,,,,,,,,,
1523761715,7.208286511,,,,,,,,,
1525011700,7.196294038,,,,,,,,,
1526261685,7.222477237,,,,,,,,,
1527511670,7.077974743,,,,,,,,,
1528761655,7.064301916,,,,,,,,,
1530011640,7.120206901,,,,,,,,,
1531261625,7.179067237,,,,,,,,,
1532511610,7.018310672,,,,,,,,,
1533761595,6.880365749,,,,,,,,,
1535011580,7.060929293,,,,,,,,,
1536261565,7.021706897,,,,,,,,,
1537511550,7.091872484,,,,,,,,,
1538761535,6.95369444,,,,,,,,,
1540011520,6.731736931,,,,,,,,,
1541261505,6.780157138,,,,,,,,,
1542511490,6.891787094,,,,,,,,,
1543761475,6.897684502,,,,,,,,,
1545011460,6.87048571,,,,,,,,,
1546261445,6.831248283,,,,,,,,,
1547511430,6.887206689,,,,,,,,,
1548761415,6.735429086,,,,,,,,,
1550011400,6.671130027,,,,,,,,,
1551261385,6.82667731,,,,,,,,,
1552511370,6.95640864,,,,,,,,,
1553761355,6.913632214,,,,,,,,,
1555011340,6.991611859,,,,,,,,,
1556261325,7.07182842,,,,,,,,,
1557511310,6.870593553,,,,,,,,,
1558761295,7.039451365,,,,,,,,,
1560011280,6.952221171,,,,,,,,,
1561261265,7.032555441,,,,,,,,,
1562511250,7.096594722,,,,,,,,,
1563761235,7.137513842,,,,,,,,,
1565011220,7.033606029,,,,,,,,,
1566261205,7.105181739,,,,,,,,,
1567511190,7.108412668,,,,,,,,,
1568761175,7.111149603,,,,,,,,,
1570011160,7.12569669,,,,,,,,,
1571261145,7.219838849,,,,,,,,,
1572511130,7.081576818,,,,,,,,,
1573761115,7.003240332,,,,,,,,,
1575011100,7.269863867,,,,,,,,,
1576261085,7.036209282,,,,,,,,,
1577511070,7.187479335,,,,,,,,,
1578761055,7.03465417,,,,,,,,,
1580011040,7.122861467,,,,,,,,,
1581261025,7.067059961,,,,,,,,,
1582511010,7.096808417,,,,,,,,,
1583760995,7.066722469,,,,,,,,,
1585010980,7.094495765,,,,,,,,,
1586260965,7.102519836,,,,,,,,,
1587510950,6.987505499,,,,,,,,,
1588760935,6.850638566,,,,,,,,,
1590010920,7.04024552,,,,,,,,,
1591260905,6.987251701,,,,,,,,,
1592510890,6.896781551,,,,,,,,,
1593760875,6.925431411,,,,,,,,,
1595010860,7.072752397,,,,,,,,,
1596260845,7.063661449,,,,,,,,,
1597510830,6.911846043,,,,,,,,,
1598760815,7.030533632,,,,,,,,,
1600010800,7.054932305,,,,,,,,,
1601260785,7.078573075,,,,,,,,,
1602510770,7.007735804,,,,,,,,,
1603760755,7.206459443,,,,,,,,,
1605010740,7.000570491,,,,,,,,,
1606260725,7.058444238,,,,,,,,,
1607510710,7.087318027,,,,,,,,,
1608760695,7.046284427,,,,,,,,,
1610010680,7.205932049,,,,,,,,,
1611260665,7.266206962,,,,,,,,,
1612510650,7.210506002,,,,,,,,,
1613760635,7.161294294,,,,,,,,,
1615010620,7.437032793,,,,,,,,,
1616260605,7.213620339,,,,,,,,,
1617510590,7.325419954,,,,,,,,,
1618760575,7.219230613,,,,,,,,,
1620010560,7.374557769,,,,,,,,,
1621260545,7.413680388,,,,,,,,,
1622510530,7.418319864,,,,,,,,,
1623760515,7.206531755,,,,,,,,,
1625010500,7.347014496,,,,,,,,,
1626260485,7.273645054,,,,,,,,,
1627510470,7.341173728,,,,,,,,,
1628760455,7.268897287,,,,,,,,,
1630010440,7.211359936,,,,,,,,,
1631260425,7.133366375,,,,,,,,,
1632510410,7.334938347,,,,,,,,,
1633760395,7.16556684,,,,,,,,,
1635010380,7.281754931,,,,,,,,,
1636260365,7.218833501,,,,,,,,,
1637510350,7.155203545,,,,,,,,,
1638760335,7.251955303,,,,,,,,,
1640010320,7.192637389,,,,,,,,,
1641260305,7.062395647,,,,,,,,,
1642510290,7.072827121,,,,,,,,,
1643760275,7.226822348,,,,,,,,,
1645010260,7.074791996,,,,,,,,,
1646260245,7.122270339,,,,,,,,,
1647510230,6.972275592,,,,,,,,,
1648760215,6.982881035,,,,,,,,,
1650010200,7.051552278,,,,,,,,,
1651260185,7.113888988,,,,,,,,,
1652510170,7.193745031,,,,,,,,,
1653760155,7.0238138,,,,,,,,,
1655010140,7.269955216,,,,,,,,,
1656260125,7.020262139,,,,,,,,,
1657510110,7.045712044,,,,,,,,,
1658760095,7.109316559,,,,,,,,,
1660010080,7.133508961,,,,,,,,,
1661260065,7.244050456,,,,,,,,,
1662510050,7.14685923,,,,,,,,,
1663760035,7.201730294,,,,,,,,,
1665010020,7.110840938,,,,,,,,,
1666260005,7.183506008,,,,,,,,,
1667509990,7.004942165,,,,,,,,,
1668759975,7.137141644,,,,,,,,,
1670009960,7.033791973,,,,,,,,,
1671259945,7.217489365,,,,,,,,,
1672509930,7.203138668,,,,,,,,,
1673759915,7.013056083,,,,,,,,,
1675009900,7.26868452,,,,,,,,,
1676259885,7.115162955,,,,,,,,,
1677509870,7.058869884,,,,,,,,,
1678759855,7.227201888,,,,,,,,,
1680009840,7.20034657,,,,,,,,,
1681259825,7.190851352,,,,,,,,,
1682509810,7.240842426,,,,,,,,,
1683759795,7.121215304,,,,,,,,,
1685009780,7.312952789,,,,,,,,,
1686259765,7.150212526,,,,,,,,,
1687509750,7.290662749,,,,,,,,,
1688759735,7.235158698,,,,,,,,,
1690009720,7.016491282,,,,,,,,,
1691259705,7.292490097,,,,,,,,,
1692509690,7.151350434,,,,,,,,,
1693759675,7.146357651,,,,,,,,,
1695009660,7.299988897,,,,,,,,,
1696259645,7.12265013,,,,,,,,,
1697509630,7.324440684,,,,,,,,,
1698759615,7.19359977,,,,,,,,,
1700009600,7.256769071,,,,,,,,,
1701259585,7.352350802,,,,,,,,,
1702509570,7.320935623,,,,,,,,,
1703759555,7.16564931,,,,,,,,,
1705009540,7.243921265,,,,,,,,,
1706259525,7.21772446,,,,,,,,,
1707509510,7.304928784,,,,,,,,,
1708759495,7.109736229,,,,,,,,,
1710009480,7.20573061,,,,,,,,,
1711259465,7.020579454,,,,,,,,,
1712509450,7.029411089,,,,,,,,,
1713759435,7.071662008,,,,,,,,,
1715009420,7.055494122,,,,,,,,,
1716259405,7.008648322,,,,,,,,,
1717509390,7.155422046,,,,,,,,,
1718759375,7.207546051,,,,,,,,,
1720009360,7.037060025,,,,,,,,,
1721259345,7.087104496,,,,,,,,,
1722509330,7.223501072,,,,,,,,,
1723759315,7.154295381,,,,,,,,,
1725009300,7.276433062,,,,,,,,,
1726259285,7.216207721,,,,,,,,,
1727509270,7.265089088,,,,,,,,,
1728759255,7.278826464,,,,,,,,,
1730009240,7.161987676,,,,,,,,,
1731259225,7.248032082,,,,,,,,,
1732509210,7.286954735,,,,,,,,,
1733759195,7.270996691,,,,,,,,,
1735009180,7.140977868,,,,,,,,,
1736259165,7.3701542,,,,,,,,,
1737509150,7.238375606,,,,,,,,,
1738759135,7.340373767,,,,,,,,,
1740009120,7.488637789,,,,,,,,,
1741259105,7.199551451,,,,,,,,,
1742509090,7.324476559,,,,,,,,,
1743759075,7.260483912,,,,,,,,,
1745009060,7.267346491,,,,,,,,,
1746259045,7.339161571,,,,,,,,,
1747509030,7.29471554,,,,,,,,,
1748759015,7.229490478,,,,,,,,,
1750009000,7.368184087,,,,,,,,,
1751258985,7.449374537,,,,,,,,,
1752508970,7.359026699,,,,,,,,,
1753758955,7.465302462,,,,,,,,,
1755008940,7.273524715,,,,,,,,,
1756258925,7.373797195,,,,,,,,,
1757508910,7.162570451,,,,,,,,,
1758758895,7.275517652,,,,,,,,,
1760008880,7.499591579,,,,,,,,,
1761258865,7.358801748,,,,,,,,,
1762508850,7.303734906,,,,,,,,,
1763758835,7.241778939,,,,,,,,,
1765008820,7.297778913,,,,,,,,,
1766258805,7.331372643,,,,,,,,,
1767508790,7.2067586,,,,,,,,,
1768758775,7.262208648,,,,,,,,,
1770008760,7.171805468,,,,,,,,,
1771258745,7.07096986,,,,,,,,,
1772508730,7.262379164,,,,,,,,,
1773758715,7.301540692,,,,,,,,,
1775008700,7.207224459,,,,,,,,,
1776258685,7.45210552,,,,,,,,,
1777508670,7.243273011,,,,,,,,,
1778758655,7.154171975,,,,,,,,,
1780008640,7.322147795,,,,,,,,,
1781258625,7.140310142,,,,,,,,,
1782508610,7.404084175,,,,,,,,,
1783758595,7.263546099,,,,,,,,,
1785008580,7.28021422,,,,,,,,,
1786258565,7.324084656,,,,,,,,,
1787508550,7.265514047,,,,,,,,,
1788758535,7.253214467,,,,,,,,,
1790008520,7.304336254,,,,,,,,,
1791258505,7.184793185,,,,,,,,,
1792508490,7.289693312,,,,,,,,,
1793758475,7.248001205,,,,,,,,,
1795008460,7.380118693,,,,,,,,,
1796258445,7.320169991,,,,,,,,,
1797508430,7.311553135,,,,,,,,,
1798758415,7.169210317,,,,,,,,,
1800008400,7.314725791,,,,,,,,,
1801258385,7.304692078,,,,,,,,,
1802508370,7.39381152,,,,,,,,,
1803758355,7.210350956,,,,,,,,,
1805008340,7.207972965,,,,,,,,,
1806258325,7.355037439,,,,,,,,,
1807508310,7.375727263,,,,,,,,,
1808758295,7.234587074,,,,,,,,,
1810008280,7.416851809,,,,,,,,,
1811258265,7.267587096,,,,,,,,,
1812508250,7.190699696,,,,,,,,,
1813758235,7.315035931,,,,,,,,,
1815008220,7.259242625,,,,,,,,,
1816258205,7.277203072,,,,,,,,,
1817508190,7.319343153,,,,,,,,,
1818758175,7.397650385,,,,,,,,,
1820008160,7.149306214,,,,,,,,,
1821258145,7.266860856,,,,,,,,,
1822508130,7.242116532,,,,,,,,,
1823758115,7.409287453,,,,,,,,,
1825008100,7.18267168,,,,,,,,,
1826258085,7.221983025,,,,,,,,,
1827508070,7.208642255,,,,,,,,,
1828758055,7.199852083,,,,,,,,,
1830008040,7.229938786,,,,,,,,,
1831258025,7.116020568,,,,,,,,,
1832508010,7.295779001,,,,,,,,,
1833757995,7.10182169,,,,,,,,,
1835007980,7.107450206,,,,,,,,,
1836257965,7.093115092,,,,,,,,,
1837507950,7.185813154,,,,,,,,,
1838757935,7.258615488,,,,,,,,,
1840007920,7.094562738,,,,,,,,,
1841257905,7.215088229,,,,,,,,,
1842507890,7.236382143,,,,,,,,,
1843757875,7.330239118,,,,,,,,,
1845007860,7.065937646,,,,,,,,,
1846257845,7.038624202,,,,,,,,,
1847507830,7.093536937,,,,,,,,,
1848757815,7.269463755,,,,,,,,,
1850007800,7.223730415,,,,,,,,,
1851257785,7.216897975,,,,,,,,,
1852507770,7.220832318,,,,,,,,,
1853757755,7.063613836,,,,,,,,,
1855007740,7.170902989,,,,,,,,,
1856257725,7.145038884,,,,,,,,,
1857507710,7.029857662,,,,,,,,,
1858757695,7.291819057,,,,,,,,,
1860007680,7.093140235,,,,,,,,,
1861257665,7.161646222,,,,,,,,,
1862507650,7.011032208,,,,,,,,,
1863757635,7.077927231,,,,,,,,,
1865007620,7.06260603,,,,,,,,,
1866257605,7.00588493,,,,,,,,,
1867507590,7.133083563,,,,,,,,,
1868757575,7.10734912,,,,,,,,,
1870007560,7.01895937,,,,,,,,,
1871257545,7.054309819,,,,,,,,,
1872507530,7.027782588,,,,,,,,,
1873757515,6.995515238,,,,,,,,,
1875007500,7.007123112,,,,,,,,,
1876257485,7.003432546,,,,,,,,,
1877507470,6.986220767,,,,,,,,,
1878757455,6.950136617,,,,,,,,,
1880007440,6.84903054,,,,,,,,,
1881257425,6.939476236,,,,,,,,,
1882507410,6.94062893,,,,,,,,,
1883757395,7.009633999,,,,,,,,,
1885007380,6.911906934,,,,,,,,,
1886257365,6.809735956,,,,,,,,,
1887507350,6.887481211,,,,,,,,,
1888757335,6.961696845,,,,,,,,,
1890007320,6.902560648,,,,,,,,,
1891257305,7.016845057,,,,,,,,,
1892507290,6.982132187,,,,,,,,,
1893757275,6.85311142,,,,,,,,,
1895007260,6.831877541,,,,,,,,,
1896257245,6.917489645,,,,,,,,,
1897507230,6.754592265,,,,,,,,,
1898757215,7.00146994,,,,,,,,,
1900007200,6.940451527,,,,,,,,,
1901257185,6.960930716,,,,,,,,,
1902507170,6.834749019,,,,,,,,,
1903757155,6.948865533,,,,,,,,,
1905007140,6.867879452,,,,,,,,,
1906257125,6.983596393,,,,,,,,,
1907507110,7.060025599,,,,,,,,,
1908757095,6.951096351,,,,,,,,,
1910007080,6.905368841,,,,,,,,,
1911257065,7.032624629,,,,,,,,,
1912507050,6.938581411,,,,,,,,,
1913757035,7.067616484,,,,,,,,,
1915007020,6.986376384,,,,,,,,,
1916257005,7.00435421,,,,,,,,,
1917506990,6.744868675,,,,,,,,,
1918756975,6.9770183,,,,,,,,,
1920006960,6.985700646,,,,,,,,,
1921256945,6.804247433,,,,,,,,,
1922506930,7.131309375,,,,,,,,,
1923756915,6.984039151,,,,,,,,,
1925006900,6.868257615,,,,,,,,,
1926256885,7.130735091,,,,,,,,,
1927506870,7.118112038,,,,,,,,,
1928756855,6.953102873,,,,,,,,,
1930006840,6.975229788,,,,,,,,,
1931256825,6.748336326,,,,,,,,,
1932506810,7.154795248,,,,,,,,,
1933756795,6.992284632,,,,,,,,,
1935006780,7.008961072,,,,,,,,,
1936256765,6.874888366,,,,,,,,,
1937506750,7.061931344,,,,,,,,,
1938756735,7.091924254,,,,,,,,,
1940006720,6.986098844,,,,,,,,,
1941256705,6.976172416,,,,,,,,,
1942506690,7.071477673,,,,,,,,,
1943756675,7.17003951,,,,,,,,,
1945006660,6.868229515,,,,,,,,,
1946256645,6.996131012,,,,,,,,,
1947506630,6.986907795,,,,,,,,,
1948756615,7.069410022,,,,,,,,,
1950006600,7.149442524,,,,,,,,,
1951256585,6.980092735,,,,,,,,,
1952506570,7.090827486,,,,,,,,,
1953756555,7.088564432,,,,,,,,,
1955006540,7.163633409,,,,,,,,,
1956256525,6.934552624,,,,,,,,,
1957506510,7.13199463,,,,,,,,,
1958756495,7.007016889,,,,,,,,,
1960006480,7.065987546,,,,,,,,,
1961256465,6.905112653,,,,,,,,,
1962506450,7.070258864,,,,,,,,,
1963756435,7.029005299,,,,,,,,,
1965006420,7.070770149,,,,,,,,,
1966256405,7.125259541,,,,,,,,,
1967506390,7.113434481,,,,,,,,,
1968756375,7.093273589,,,,,,,,,
1970006360,6.950778468,,,,,,,,,
1971256345,6.964384924,,,,,,,,,
1972506330,6.985913548,,,,,,,,,
1973756315,7.051830973,,,,,,,,,
1975006300,6.930932575,,,,,,,,,
1976256285,7.020063301,,,,,,,,,
1977506270,7.119613775,,,,,,,,,
1978756255,7.151366461,,,,,,,,,
1980006240,7.117721381,,,,,,,,,
1981256225,7.006480164,,,,,,,,,
1982506210,6.948645604,,,,,,,,,
1983756195,7.039060317,,,,,,,,,
1985006180,7.004780763,,,,,,,,,
1986256165,6.929456511,,,,,,,,,
1987506150,6.972869486,,,,,,,,,
1988756135,6.982982986,,,,,,,,,
1990006120,6.917168455,,,,,,,,,
1991256105,6.721210248,,,,,,,,,
1992506090,6.790392323,,,,,,,,,
1993756075,6.885277231,,,,,,,,,
1995006060,6.7376756,,,,,,,,,
1996256045,6.582649191,,,,,,,,,
1997506030,6.438780919,,,,,,,,,
1998756015,6.588878985,,,,,,,,,
2000006000,6.617834025,,,,,,,,,
2001255985,6.397884839,,,,,,,,,
2002505970,6.604410923,,,,,,,,,
2003755955,6.521577062,,,,,,,,,
2005005940,6.560032362,,,,,,,,,
2006255925,6.488021789,,,,,,,,,
2007505910,6.596508141,,,,,,,,,
2008755895,6.624816167,,,,,,,,,
2010005880,6.573829092,,,,,,,,,
2011255865,6.516068325,,,,,,,,,
2012505850,6.501791443,,,,,,,,,
2013755835,6.501785974,,,,,,,,,
2015005820,6.589503806,,,,,,,,,
2016255805,6.453921756,,,,,,,,,
2017505790,6.609996877,,,,,,,,,
2018755775,6.560672918,,,,,,,,,
2020005760,6.61104608,,,,,,,,,
2021255745,6.542352211,,,,,,,,,
2022505730,6.468849848,,,,,,,,,
2023755715,6.533010357,,,,,,,,,
2025005700,6.476878842,,,,,,,,,
2026255685,6.638176699,,,,,,,,,
2027505670,6.629610709,,,,,,,,,
2028755655,6.649271659,,,,,,,,,
2030005640,6.631728318,,,,,,,,,
2031255625,6.541961247,,,,,,,,,
2032505610,6.622893619,,,,,,,,,
2033755595,6.611597811,,,,,,,,,
2035005580,6.486928023,,,,,,,,,
2036255565,6.436803403,,,,,,,,,
2037505550,6.653693032,,,,,,,,,
2038755535,6.413427758,,,,,,,,,
2040005520,6.581163133,,,,,,,,,
2041255505,6.49515144,,,,,,,,,
2042505490,6.61244209,,,,,,,,,
2043755475,6.566738313,,,,,,,,,
2045005460,6.524656608,,,,,,,,,
2046255445,6.566234396,,,,,,,,,
2047505430,6.590884813,,,,,,,,,
2048755415,6.530629535,,,,,,,,,
2050005400,6.49940299,,,,,,,,,
2051255385,6.546173477,,,,,,,,,
2052505370,6.521432568,,,,,,,,,
2053755355,6.652466991,,,,,,,,,
2055005340,6.504651894,,,,,,,,,
2056255325,6.588347582,,,,,,,,,
2057505310,6.47327291,,,,,,,,,
2058755295,6.485496127,,,,,,,,,
2060005280,6.608211687,,,,,,,,,
2061255265,6.690267662,,,,,,,,,
2062505250,6.645451496,,,,,,,,,
2063755235,6.645349168,,,,,,,,,
2065005220,6.748630595,,,,,,,,,
2066255205,6.676149974,,,,,,,,,
2067505190,6.706735551,,,,,,,,,
2068755175,6.740366658,,,,,,,,,
2070005160,6.86612763,,,,,,,,,
2071255145,6.708138701,,,,,,,,,
2072505130,6.807079776,,,,,,,,,
2073755115,6.996155441,,,,,,,,,
2075005100,6.868221725,,,,,,,,,
2076255085,6.864462902,,,,,,,,,
2077505070,6.850224198,,,,,,,,,
2078755055,7.042038973,,,,,,,,,
2080005040,7.044605999,,,,,,,,,
2081255025,7.097713554,,,,,,,,,
2082505010,6.965621483,,,,,,,,,
2083754995,7.072799191,,,,,,,,,
2085004980,7.109089868,,,,,,,,,
2086254965,7.252964452,,,,,,,,,
2087504950,7.186437604,,,,,,,,,
2088754935,7.098883261,,,,,,,,,
2090004920,7.155583048,,,,,,,,,
2091254905,7.307500144,,,,,,,,,
2092504890,7.260333706,,,,,,,,,
2093754875,7.126364321,,,,,,,,,
2095004860,7.088045252,,,,,,,,,
2096254845,7.122726223,,,,,,,,,
2097504830,7.01853943,,,,,,,,,
2098754815,7.050108291,,,,,,,,,
2100004800,6.895016615,,,,,,,,,
2101254785,6.99937585,,,,,,,,,
2102504770,7.01096992,,,,,,,,,
2103754755,6.998029875,,,,,,,,,
2105004740,6.918336674,,,,,,,,,
2106254725,6.925760851,,,,,,,,,
2107504710,7.030140593,,,,,,,,,
2108754695,7.127583147,,,,,,,,,
2110004680,7.050506819,,,,,,,,,
2111254665,7.054817395,,,,,,,,,
2112504650,7.16616956,,,,,,,,,
2113754635,7.293322375,,,,,,,,,
2115004620,7.106175112,,,,,,,,,
2116254605,7.023861001,,,,,,,,,
2117504590,7.130326477,,,,,,,,,
2118754575,7.135755899,,,,,,,,,
2120004560,7.154150637,,,,,,,,,
2121254545,7.294667286,,,,,,,,,
2122504530,7.136512496,,,,,,,,,
2123754515,7.166040003,,,,,,,,,
2125004500,7.316029486,,,,,,,,,
2126254485,7.204394502,,,,,,,,,
2127504470,7.059356877,,,,,,,,,
2128754455,7.175900076,,,,,,,,,
2130004440,6.844019938,,,,,,,,,
2131254425,7.089724482,,,,,,,,,
2132504410,7.100623082,,,,,,,,,
2133754395,7.048904082,,,,,,,,,
2135004380,6.980049119,,,,,,,,,
2136254365,7.25010801,,,,,,,,,
2137504350,6.964422381,,,,,,,,,
2138754335,6.909538861,,,,,,,,,
2140004320,6.947871055,,,,,,,,,
2141254305,6.898921456,,,,,,,,,
2142504290,6.95321016,,,,,,,,,
2143754275,6.838609121,,,,,,,,,
2145004260,6.829912928,,,,,,,,,
2146254245,6.803206734,,,,,,,,,
2147504230,6.568167127,,,,,,,,,
2148754215,6.886577107,,,,,,,,,
2150004200,6.768664349,,,,,,,,,
2151254185,6.764188272,,,,,,,,,
2152504170,6.614274336,,,,,,,,,
2153754155,6.870799543,,,,,,,,,
2155004140,6.585636843,,,,,,,,,
2156254125,6.816567544,,,,,,,,,
2157504110,6.672792707,,,,,,,,,
2158754095,6.799879422,,,,,,,,,
2160004080,6.937666973,,,,,,,,,
2161254065,6.888088489,,,,,,,,,
2162504050,6.892734828,,,,,,,,,
2163754035,6.877387304,,,,,,,,,
2165004020,6.922027575,,,,,,,,,
2166254005,6.868316992,,,,,,,,,
2167503990,6.995809844,,,,,,,,,
2168753975,6.976285293,,,,,,,,,
2170003960,7.047073865,,,,,,,,,
2171253945,7.023776987,,,,,,,,,
2172503930,7.237108277,,,,,,,,,
2173753915,6.944807609,,,,,,,,,
2175003900,7.054270108,,,,,,,,,
2176253885,6.922233334,,,,,,,,,
2177503870,7.15099511,,,,,,,,,
2178753855,6.985957029,,,,,,,,,
2180003840,6.990110576,,,,,,,,,
2181253825,6.973591531,,,,,,,,,
2182503810,7.005324497,,,,,,,,,
2183753795,7.198269517,,,,,,,,,
2185003780,6.899830215,,,,,,,,,
2186253765,7.109809102,,,,,,,,,
2187503750,6.999913683,,,,,,,,,
2188753735,6.96440733,,,,,,,,,
2190003720,7.010656839,,,,,,,,,
2191253705,7.039831636,,,,,,,,,
2192503690,7.03910716,,,,,,,,,
2193753675,6.974378806,,,,,,,,,
2195003660,6.929519268,,,,,,,,,
2196253645,6.962437119,,,,,,,,,
2197503630,6.836335026,,,,,,,,,
2198753615,7.151784514,,,,,,,,,
2200003600,6.862310167,,,,,,,,,
2201253585,7.102632195,,,,,,,,,
2202503570,6.994486742,,,,,,,,,
2203753555,7.08327271,,,,,,,,,
2205003540,7.012711041,,,,,,,,,
2206253525,7.170527934,,,,,,,,,
2207503510,7.013882148,,,,,,,,,
2208753495,7.080678491,,,,,,,,,
2210003480,7.062041433,,,,,,,,,
2211253465,7.074716934,,,,,,,,,
2212503450,7.077385376,,,,,,,,,
2213753435,7.214259709,,,,,,,,,
2215003420,7.245203551,,,,,,,,,
2216253405,7.211862367,,,,,,,,,
2217503390,7.233497325,,,,,,,,,
2218753375,7.315083196,,,,,,,,,
2220003360,7.327206567,,,,,,,,,
2221253345,7.298417688,,,,,,,,,
2222503330,7.596630944,,,,,,,,,
2223753315,7.498466112,,,,,,,,,
2225003300,7.378628007,,,,,,,,,
2226253285,7.498980943,,,,,,,,,
2227503270,7.371289632,,,,,,,,,
2228753255,7.493711719,,,,,,,,,
2230003240,7.387772333,,,,,,,,,
2231253225,7.427127675,,,,,,,,,
2232503210,7.548485984,,,,,,,,,
2233753195,7.421814075,,,,,,,,,
2235003180,7.573377797,,,,,,,,,
2236253165,7.343938586,,,,,,,,,
2237503150,7.33965517,,,,,,,,,
2238753135,7.263613567,,,,,,,,,
2240003120,7.231701752,,,,,,,,,
2241253105,7.265989373,,,,,,,,,
2242503090,7.113061812,,,,,,,,,
2243753075,7.323306256,,,,,,,,,
2245003060,7.26321537,,,,,,,,,
2246253045,7.225294141,,,,,,,,,
2247503030,7.186519719,,,,,,,,,
2248753015,7.199751213,,,,,,,,,
2250003000,7.410440037,,,,,,,,,
2251252985,7.183890484,,,,,,,,,
2252502970,7.173953221,,,,,,,,,
2253752955,7.161655856,,,,,,,,,
2255002940,7.064069086,,,,,,,,,
2256252925,7.278282109,,,,,,,,,
2257502910,7.271329184,,,,,,,,,
2258752895,7.288759214,,,,,,,,,
2260002880,7.137997087,,,,,,,,,
2261252865,6.97526933,,,,,,,,,
2262502850,7.151522085,,,,,,,,,
2263752835,7.210991095,,,,,,,,,
2265002820,6.957608817,,,,,,,,,
2266252805,7.003073703,,,,,,,,,
2267502790,7.145005902,,,,,,,,,
2268752775,6.978537477,,,,,,,,,
2270002760,7.052861348,,,,,,,,,
2271252745,6.941189073,,,,,,,,,
2272502730,6.815501698,,,,,,,,,
2273752715,6.833464181,,,,,,,,,
2275002700,6.961063794,,,,,,,,,
2276252685,6.9151554,,,,,,,,,
2277502670,7.021626678,,,,,,,,,
2278752655,6.923441903,,,,,,,,,
2280002640,6.978856447,,,,,,,,,
2281252625,6.952985416,,,,,,,,,
2282502610,6.842856505,,,,,,,,,
2283752595,6.83138637,,,,,,,,,
2285002580,7.014446994,,,,,,,,,
2286252565,6.862099815,,,,,,,,,
2287502550,6.891737924,,,,,,,,,
2288752535,6.973405926,,,,,,,,,
2290002520,6.709159538,,,,,,,,,
2291252505,6.670390963,,,,,,,,,
2292502490,6.861438274,,,,,,,,,
2293752475,6.980580878,,,,,,,,,
2295002460,6.917886072,,,,,,,,,
2296252445,6.882633261,,,,,,,,,
2297502430,6.916743077,,,,,,,,,
2298752415,7.013132183,,,,,,,,,
2300002400,7.042963387,,,,,,,,,
2301252385,7.078933052,,,,,,,,,
2302502370,6.849476557,,,,,,,,,
2303752355,7.122903781,,,,,,,,,
2305002340,6.906977615,,,,,,,,,
2306252325,7.047748186,,,,,,,,,
2307502310,7.029618973,,,,,,,,,
2308752295,6.957665847,,,,,,,,,
2310002280,6.85642247,,,,,,,,,
2311252265,6.969444495,,,,,,,,,
2312502250,6.930422885,,,,,,,,,
2313752235,6.746907447,,,,,,,,,
2315002220,6.855899851,,,,,,,,,
2316252205,6.8784224,,,,,,,,,
2317502190,6.833329657,,,,,,,,,
2318752175,6.775610364,,,,,,,,,
2320002160,7.002096388,,,,,,,,,
2321252145,6.841773027,,,,,,,,,
2322502130,6.96358152,,,,,,,,,
2323752115,6.778123177,,,,,,,,,
2325002100,6.86959917,,,,,,,,,
2326252085,6.912727221,,,,,,,,,
2327502070,6.959810057,,,,,,,,,
2328752055,6.763669538,,,,,,,,,
2330002040,6.904465904,,,,,,,,,
2331252025,7.054652142,,,,,,,,,
2332502010,7.086515734,,,,,,,,,
2333751995,7.079501799,,,,,,,,,
2335001980,7.022960356,,,,,,,,,
2336251965,7.354066801,,,,,,,,,
2337501950,7.248337697,,,,,,,,,
2338751935,7.169455914,,,,,,,,,
2340001920,7.078911006,,,,,,,,,
2341251905,7.225554801,,,,,,,,,
2342501890,7.1342487,,,,,,,,,
2343751875,7.106055126,,,,,,,,,
2345001860,7.279945725,,,,,,,,,
2346251845,7.0684938,,,,,,,,,
2347501830,6.983745765,,,,,,,,,
2348751815,7.059957792,,,,,,,,,
2350001800,7.187585348,,,,,,,,,
2351251785,7.179303712,,,,,,,,,
2352501770,7.193021622,,,,,,,,,
2353751755,7.03750409,,,,,,,,,
2355001740,7.134645538,,,,,,,,,
2356251725,7.289791828,,,,,,,,,
2357501710,7.307749988,,,,,,,,,
2358751695,7.30846139,,,,,,,,,
2360001680,7.296030626,,,,,,,,,
2361251665,7.5341497,,,,,,,,,
2362501650,7.552489858,,,,,,,,,
2363751635,7.53773937,,,,,,,,,
2365001620,7.527051543,,,,,,,,,
2366251605,7.540709472,,,,,,,,,
2367501590,7.362546737,,,,,,,,,
2368751575,7.431174307,,,,,,,,,
2370001560,7.301563492,,,,,,,,,
2371251545,7.332392007,,,,,,,,,
2372501530,7.498561513,,,,,,,,,
2373751515,7.501163772,,,,,,,,,
2375001500,7.42920307,,,,,,,,,
2376251485,7.529771792,,,,,,,,,
2377501470,7.552154742,,,,,,,,,
2378751455,7.66588725,,,,,,,,,
2380001440,7.243836919,,,,,,,,,
2381251425,7.552961863,,,,,,,,,
2382501410,7.754755553,,,,,,,,,
2383751395,7.514449927,,,,,,,,,
2385001380,7.40132536,,,,,,,,,
2386251365,7.619416258,,,,,,,,,
2387501350,7.620610435,,,,,,,,,
2388751335,7.602497789,,,,,,,,,
2390001320,7.561764186,,,,,,,,,
2391251305,7.52733841,,,,,,,,,
2392501290,7.202491634,,,,,,,,,
2393751275,7.510534093,,,,,,,,,
2395001260,7.370342668,,,,,,,,,
2396251245,7.397361106,,,,,,,,,
2397501230,7.34753604,,,,,,,,,
2398751215,7.437897743,,,,,,,,,
2400001200,7.446369403,,,,,,,,,
2401251185,7.357174831,,,,,,,,,
2402501170,7.269592514,,,,,,,,,
2403751155,7.516743431,,,,,,,,,
2405001140,7.348018425,,,,,,,,,
2406251125,7.471411665,,,,,,,,,
2407501110,7.376962265,,,,,,,,,
2408751095,7.551756236,,,,,,,,,
2410001080,7.597092057,,,,,,,,,
2411251065,7.686033659,,,,,,,,,
2412501050,7.659335918,,,,,,,,,
2413751035,7.597031986,,,,,,,,,
2415001020,7.706515915,,,,,,,,,
2416251005,7.582575024,,,,,,,,,
2417500990,7.577623589,,,,,,,,,
2418750975,7.626581299,,,,,,,,,
2420000960,7.627580785,,,,,,,,,
2421250945,7.562074246,,,,,,,,,
2422500930,7.563337173,,,,,,,,,
2423750915,7.531433811,,,,,,,,,
2425000900,7.079276416,,,,,,,,,
2426250885,7.209144199,,,,,,,,,
2427500870,7.42745077,,,,,,,,,
2428750855,7.333531121,,,,,,,,,
2430000840,7.470215678,,,,,,,,,
2431250825,7.330043961,,,,,,,,,
2432500810,7.241189516,,,,,,,,,
2433750795,7.327910522,,,,,,,,,
2435000780,7.467178131,,,,,,,,,
2436250765,7.23735762,,,,,,,,,
2437500750,7.196285612,,,,,,,,,
2438750735,7.359032866,,,,,,,,,
2440000720,7.475183841,,,,,,,,,
2441250705,7.025576351,,,,,,,,,
2442500690,7.172379752,,,,,,,,,
2443750675,7.648248145,,,,,,,,,
2445000660,7.379942529,,,,,,,,,
2446250645,7.23548874,,,,,,,,,
2447500630,7.157155674,,,,,,,,,
2448750615,7.100326589,,,,,,,,,
2450000600,6.892771237,,,,,,,,,
2451250585,6.930256189,,,,,,,,,
2452500570,6.835993522,,,,,,,,,
2453750555,6.606607981,,,,,,,,,
2455000540,7.029041266,,,,,,,,,
2456250525,6.636715686,,,,,,,,,
2457500510,6.598575086,,,,,,,,,
2458750495,6.671029185,,,,,,,,,
2460000480,6.622090031,,,,,,,,,
2461250465,6.76933251,,,,,,,,,
2462500450,6.512076173,,,,,,,,,
2463750435,6.482030884,,,,,,,,,
2465000420,6.673401024,,,,,,,,,
2466250405,6.719777436,,,,,,,,,
2467500390,6.609735465,,,,,,,,,
2468750375,6.588865541,,,,,,,,,
2470000360,6.565778263,,,,,,,,,
2471250345,6.807002885,,,,,,,,,
2472500330,6.695819455,,,,,,,,,
2473750315,6.701365458,,,,,,,,,
2475000300,6.762860374,,,,,,,,,
2476250285,6.635199127,,,,,,,,,
2477500270,6.686090692,,,,,,,,,
2478750255,6.539754792,,,,,,,,,
2480000240,6.538471144,,,,,,,,,
2481250225,6.428110081,,,,,,,,,
2482500210,6.431491979,,,,,,,,,
2483750195,6.563710688,,,,,,,,,
2485000180,6.429794697,,,,,,,,,
2486250165,6.600344195,,,,,,,,,
2487500150,6.442458588,,,,,,,,,
2488750135,6.353597394,,,,,,,,,
2490000120,6.403452262,,,,,,,,,
2491250105,6.344622466,,,,,,,,,
2492500090,6.352864535,,,,,,,,,
2493750075,6.442515657,,,,,,,,,
2495000060,6.454599964,,,,,,,,,
2496250045,6.640221002,,,,,,,,,
2497500030,6.679061899,,,,,,,,,
2498750015,6.73748241,,,,,,,,,
2500000000,6.512542686,,,,,,,,,
